vector_row,product_index,id,article,domain,price,description,characteristics_text
0,0,s1_1,,Мебель,15700,"Тумба под умывальник Орхидея 60×45×60 белый подвесная, патина, патина с цветами","Тип товара: Тумба под умывальник; Наименование: Орхидея; Габариты: 60×45×60; Цвет: белый; Особенности: подвесная, патина, патина с цветами"
1,1,s1_2,,Мебель,19400,Диван-кушетка Кокон пудровый рогожка 1-местная,Тип товара: Диван-кушетка; Наименование: Кокон; Цвет: пудровый; Материал: рогожка; Особенности: 1-местная
2,2,s1_3,,Мебель,28900,Полутораспальная кровать Камелия 120×200 пудровый велюр,Тип товара: Полутораспальная кровать; Наименование: Камелия; Габариты: 120×200; Цвет: пудровый; Материал: велюр
3,3,s1_4,,Мебель,5900,Кресло-мешок Кокон серый велюр XXL,Тип товара: Кресло-мешок; Наименование: Кокон; Цвет: серый; Материал: велюр; Особенности: XXL
4,4,s1_5,,Мебель,9700,Шкаф для прихожей пенал Стокгольм 50×30×210 дуб артизан для прихожей,Тип товара: Шкаф для прихожей пенал; Наименование: Стокгольм; Габариты: 50×30×210; Цвет: дуб артизан; Особенности: для прихожей
5,5,s1_6,,Мебель,38700,Стол обеденный Турин 160×90 орех шпон ореха раздвижной,Тип товара: Стол обеденный; Наименование: Турин; Габариты: 160×90; Цвет: орех; Материал: шпон ореха; Особенности: раздвижной
6,6,s1_7,,Мебель,33800,"Журнальный столик Палаццо 110×60 чёрный мрамор каррара, металл овальный","Тип товара: Журнальный столик; Наименование: Палаццо; Габариты: 110×60; Цвет: чёрный; Материал: мрамор каррара, металл; Особенности: овальный"
7,7,s1_8,,Мебель,34800,"Кресло-реклайнер Премьер графит велюр, ткань механический, с подножкой, механический с подножкой","Тип товара: Кресло-реклайнер; Наименование: Премьер; Цвет: графит; Материал: велюр, ткань; Особенности: механический, с подножкой, механический с подножкой"
8,8,s1_9,,Мебель,44900,"Диван угловой Лофт чёрная экокожа с механизмом дельфин, угловой, лофт","Тип товара: Диван угловой; Наименование: Лофт; Цвет: чёрная; Материал: экокожа; Особенности: с механизмом дельфин, угловой, лофт"
9,9,s1_10,,Мебель,14200,"Шкаф детский Школьник белый, бирюзовый 2-секционный, с полками, 2-секционный с полками","Тип товара: Шкаф детский; Наименование: Школьник; Цвет: белый, бирюзовый; Особенности: 2-секционный, с полками, 2-секционный с полками"
10,10,s1_11,,Мебель,13800,"Зеркало-трюмо отдельностоящее в раме с подсветкой 60×80 с подсветкой, отдельностоящее","Тип товара: Зеркало-трюмо отдельностоящее в раме с подсветкой; Габариты: 60×80; Особенности: с подсветкой, отдельностоящее"
11,11,s1_12,,Мебель,4800,"Стул Виндзор натуральный массив из массива бука, классический","Тип товара: Стул; Наименование: Виндзор; Цвет: натуральный; Материал: массив; Особенности: из массива бука, классический"
12,12,s1_13,,Мебель,28400,"Кресло подвесное Качели белый искусственный ротанг подвесное, на стойке, swing chair на стойке","Тип товара: Кресло подвесное; Наименование: Качели; Цвет: белый; Материал: искусственный ротанг; Особенности: подвесное, на стойке, swing chair на стойке"
13,13,s1_14,,Мебель,13700,"Зеркало с подсветкой Лазурь 90×70 с подсветкой, антипар, регулировка температуры света, прямоугольное","Тип товара: Зеркало с подсветкой; Наименование: Лазурь; Габариты: 90×70; Особенности: с подсветкой, антипар, регулировка температуры света, прямоугольное"
14,14,s1_15,,Мебель,19700,"Туалетный столик Карина 90×45 белый с подсветкой, матовый, с подсветкой зеркала","Тип товара: Туалетный столик; Наименование: Карина; Габариты: 90×45; Цвет: белый; Особенности: с подсветкой, матовый, с подсветкой зеркала"
15,15,s1_16,,Мебель,48700,"Сервант с подсветкой Камелия 140×45×185 белый, золото стекло с подсветкой, стеклянные дверцы, с патиной","Тип товара: Сервант с подсветкой; Наименование: Камелия; Габариты: 140×45×185; Цвет: белый, золото; Материал: стекло; Особенности: с подсветкой, стеклянные дверцы, с патиной"
16,16,s1_17,,Мебель,2900,"Стул барный Минск ЛДСП регулируемая высота, эконом, на крестовине, сиденье на крестовине","Тип товара: Стул барный; Наименование: Минск; Материал: ЛДСП; Особенности: регулируемая высота, эконом, на крестовине, сиденье на крестовине"
17,17,s1_18,,Мебель,19700,"Зеркало-трюмо Камелия 80×40×40 белый, розовый, пудровый с откидным зеркалом","Тип товара: Зеркало-трюмо; Наименование: Камелия; Габариты: 80×40×40; Цвет: белый, розовый, пудровый; Особенности: с откидным зеркалом"
18,18,s1_19,,Мебель,34800,"Кровать Альфа 160×200 белый, чёрный, венге с подъёмным механизмом","Тип товара: Кровать; Наименование: Альфа; Габариты: 160×200; Цвет: белый, чёрный, венге; Особенности: с подъёмным механизмом"
19,19,s1_20,,Мебель,48700,"Диван-канапе Лион изумрудный, золото велюр 2-местный, ножки золото","Тип товара: Диван-канапе; Наименование: Лион; Цвет: изумрудный, золото; Материал: велюр; Особенности: 2-местный, ножки золото"
20,20,s1_21,,Мебель,28400,"Стол обеденный Лофт 180×80 дуб артизан металл лофт, на металлокаркасе","Тип товара: Стол обеденный; Наименование: Лофт; Габариты: 180×80; Цвет: дуб артизан; Материал: металл; Особенности: лофт, на металлокаркасе"
21,21,s1_22,,Мебель,14700,"Банкетка длинная Лион 180×40×45 графит, чёрный велюр, металл","Тип товара: Банкетка длинная; Наименование: Лион; Габариты: 180×40×45; Цвет: графит, чёрный; Материал: велюр, металл"
22,22,s1_23,,Мебель,3400,Тумба прикроватная с 1 ящиком 40×35×50 дуб сонома ЛДСП 1 ящиком,Тип товара: Тумба прикроватная с 1 ящиком; Габариты: 40×35×50; Цвет: дуб сонома; Материал: ЛДСП; Особенности: 1 ящиком
23,23,s1_24,,Мебель,6800,"Вешалка-стойка Альпы 50×30×170 чёрный металл напольная, напольная с обувницей","Тип товара: Вешалка-стойка; Наименование: Альпы; Габариты: 50×30×170; Цвет: чёрный; Материал: металл; Особенности: напольная, напольная с обувницей"
24,24,s1_25,,Мебель,26800,"Кресло-реклайнер Стокгольм серый велюр, ткань с пуфом","Тип товара: Кресло-реклайнер; Наименование: Стокгольм; Цвет: серый; Материал: велюр, ткань; Особенности: с пуфом"
25,25,s1_26,,Мебель,3400,"Картина-постер Северянин, Карелия 60×80 дуб","Тип товара: Картина-постер; Наименование: Северянин, Карелия; Габариты: 60×80; Цвет: дуб"
26,26,s1_27,,Мебель,28900,"Диван прямой Стокгольм 180×85 серый рогожка раскладной, прямой, скандинавский, раскладной книжка, скандинавский стиль","Тип товара: Диван прямой; Наименование: Стокгольм; Габариты: 180×85; Цвет: серый; Материал: рогожка; Особенности: раскладной, прямой, скандинавский, раскладной книжка, скандинавский стиль"
27,27,s1_28,,Мебель,27500,"Кровать Орхидея 160×200 графит ЛДСП с подъёмным механизмом, двуспальная с подъёмным механизмом","Тип товара: Кровать; Наименование: Орхидея; Габариты: 160×200; Цвет: графит; Материал: ЛДСП; Особенности: с подъёмным механизмом, двуспальная с подъёмным механизмом"
28,28,s1_29,,Мебель,12700,"Стеллаж многоуровневый Лофт 150×30×220 чёрный, дуб металл лофт","Тип товара: Стеллаж многоуровневый; Наименование: Лофт; Габариты: 150×30×220; Цвет: чёрный, дуб; Материал: металл; Особенности: лофт"
29,29,s1_30,,Мебель,22800,"Туалетный столик Ариэль 100×40×140 шампань LED, с зеркалом, с зеркалом и подсветкой LED","Тип товара: Туалетный столик; Наименование: Ариэль; Габариты: 100×40×140; Цвет: шампань; Особенности: LED, с зеркалом, с зеркалом и подсветкой LED"
30,30,s1_31,,Мебель,51400,"Шкаф-купе Стокгольм 220×60×220 дуб артизан 3-дверный, с зеркалом, 3-дверный с зеркалом","Тип товара: Шкаф-купе; Наименование: Стокгольм; Габариты: 220×60×220; Цвет: дуб артизан; Особенности: 3-дверный, с зеркалом, 3-дверный с зеркалом"
31,31,s1_32,,Мебель,42800,"Кровать с тумбами в изголовье Атлант 180×200 венге экокожа, ЛДСП","Тип товара: Кровать с тумбами в изголовье; Наименование: Атлант; Габариты: 180×200; Цвет: венге; Материал: экокожа, ЛДСП"
32,32,s1_33,,Мебель,9400,"Стол кухонный стеклянный Модерн 110×70 чёрный, прозрачный стекло","Тип товара: Стол кухонный стеклянный; Наименование: Модерн; Габариты: 110×70; Цвет: чёрный, прозрачный; Материал: стекло"
33,33,s1_34,,Мебель,42700,"Диван прямой 3-местный Норд горчичный велюр 3-местный, прямой","Тип товара: Диван прямой 3-местный; Наименование: Норд; Цвет: горчичный; Материал: велюр; Особенности: 3-местный, прямой"
34,34,s1_35,,Мебель,3700,Скульптура декоративная Тоскана 35 см белый керамика абстракция,Тип товара: Скульптура декоративная; Наименование: Тоскана; Габариты: 35 см; Цвет: белый; Материал: керамика; Особенности: абстракция
35,35,s1_36,,Мебель,58400,"Диван-канапе Орхидея золото гобелен, лён 2-местный, ножки золото, патина, 2-местный с резьбой, ножки патина","Тип товара: Диван-канапе; Наименование: Орхидея; Цвет: золото; Материал: гобелен, лён; Особенности: 2-местный, ножки золото, патина, 2-местный с резьбой, ножки патина"
36,36,s1_37,,Мебель,5200,Покрывало летнее Тюльпан 240×260 зелёный лён,Тип товара: Покрывало летнее; Наименование: Тюльпан; Габариты: 240×260; Цвет: зелёный; Материал: лён
37,37,s1_38,,Мебель,24700,Комод Парма 120×45×90 дуб артизан,Тип товара: Комод; Наименование: Парма; Габариты: 120×45×90; Цвет: дуб артизан
38,38,s1_39,,Мебель,13700,"Стол угловой компьютерный 150×120 венге ЛДСП угловой, с надстройкой","Тип товара: Стол угловой компьютерный; Габариты: 150×120; Цвет: венге; Материал: ЛДСП; Особенности: угловой, с надстройкой"
39,39,s1_40,,Мебель,48700,Стилный диван Линкольн 240×95 оливковый велюр,Тип товара: Стилный диван; Наименование: Линкольн; Габариты: 240×95; Цвет: оливковый; Материал: велюр
40,40,s1_41,,Мебель,37900,"Шкаф-витрина Аделаида 90×40×200 белый массив классика, состаренный, массив сосны состаренный","Тип товара: Шкаф-витрина; Наименование: Аделаида; Габариты: 90×40×200; Цвет: белый; Материал: массив; Особенности: классика, состаренный, массив сосны состаренный"
41,41,s1_42,,Мебель,7400,"Книжный шкаф подвесной Лофт 100×25×80 чёрный, дуб металл подвесной, лофт","Тип товара: Книжный шкаф подвесной; Наименование: Лофт; Габариты: 100×25×80; Цвет: чёрный, дуб; Материал: металл; Особенности: подвесной, лофт"
42,42,s1_43,,Мебель,32700,"Кресло-реклайнер Лион графит рогожка, ткань с механизмом качания","Тип товара: Кресло-реклайнер; Наименование: Лион; Цвет: графит; Материал: рогожка, ткань; Особенности: с механизмом качания"
43,43,s1_44,,Мебель,3700,Корзина для белья Венето 40×30×60 серый ткань плетёная с тканевым мешком,Тип товара: Корзина для белья; Наименование: Венето; Габариты: 40×30×60; Цвет: серый; Материал: ткань; Особенности: плетёная с тканевым мешком
44,44,s1_45,,Мебель,26700,"Журнальный столик Палермо 100×55 чёрный мрамор каррара, металл прямоугольный","Тип товара: Журнальный столик; Наименование: Палермо; Габариты: 100×55; Цвет: чёрный; Материал: мрамор каррара, металл; Особенности: прямоугольный"
45,45,s1_46,,Мебель,32400,"Журнальный столик мраморный Орбита 100×55 чёрный, серый мрамор, металл прямоугольный","Тип товара: Журнальный столик мраморный; Наименование: Орбита; Габариты: 100×55; Цвет: чёрный, серый; Материал: мрамор, металл; Особенности: прямоугольный"
46,46,s1_47,,Мебель,3400,"Подставка под монитор Лофт бамбук USB-хаб, лофт, с ящиком и USB-хабом","Тип товара: Подставка под монитор; Наименование: Лофт; Материал: бамбук; Особенности: USB-хаб, лофт, с ящиком и USB-хабом"
47,47,s1_48,,Мебель,9700,"Торшер с полкой Кокон латунь латунь, дерево с полкой","Тип товара: Торшер с полкой; Наименование: Кокон; Цвет: латунь; Материал: латунь, дерево; Особенности: с полкой"
48,48,s1_49,,Мебель,3400,"Скатерть фуршетная Премиум 320×180 белый, золото атлас с каймой","Тип товара: Скатерть фуршетная; Наименование: Премиум; Габариты: 320×180; Цвет: белый, золото; Особенности: атлас с каймой"
49,49,s1_50,,Мебель,46500,Двуспальная кровать Дакота 180×200 серый каретная стяжка,Тип товара: Двуспальная кровать; Наименование: Дакота; Габариты: 180×200; Цвет: серый; Особенности: каретная стяжка
50,50,s1_51,,Мебель,28400,Кровать,Тип товара: Кровать
51,51,s1_52,,Мебель,14200,"Стеллаж угловой 5-уровневый Премиум 70×70×210 латунь, орех латунь угловой, с латунью","Тип товара: Стеллаж угловой 5-уровневый; Наименование: Премиум; Габариты: 70×70×210; Цвет: латунь, орех; Материал: латунь; Особенности: угловой, с латунью"
52,52,s1_53,,Мебель,4200,"Стул банкетный Шиавари белый бархат с подушкой, для торжеств","Тип товара: Стул банкетный; Наименование: Шиавари; Цвет: белый; Материал: бархат; Особенности: с подушкой, для торжеств"
53,53,s1_54,,Мебель,36400,"Зеркало-трюмо Версаль 90×40×175 орех с подсветкой, классика, патина, с подсветкой и тумбой, классика патина","Тип товара: Зеркало-трюмо; Наименование: Версаль; Габариты: 90×40×175; Цвет: орех; Особенности: с подсветкой, классика, патина, с подсветкой и тумбой, классика патина"
54,54,s1_55,,Мебель,47800,"Сервант Версаль 120×45×190 золото, орех классический, с патиной","Тип товара: Сервант; Наименование: Версаль; Габариты: 120×45×190; Цвет: золото, орех; Особенности: классический, с патиной"
55,55,s1_56,,Мебель,48700,"Шкаф-горка Бергамо 280 см белый, дуб артизан с подсветкой, матовый","Тип товара: Шкаф-горка; Наименование: Бергамо; Габариты: 280 см; Цвет: белый, дуб артизан; Особенности: с подсветкой, матовый"
56,56,s1_57,,Мебель,7400,"Зеркало навесное Аметист 60×100 овальное, овальное в раме барокко","Тип товара: Зеркало навесное; Наименование: Аметист; Габариты: 60×100; Особенности: овальное, овальное в раме барокко"
57,57,s1_58,,Мебель,22400,"Кресло Болонья коричневый, хром металл","Тип товара: Кресло; Наименование: Болонья; Цвет: коричневый, хром; Материал: металл"
58,58,s1_59,,Мебель,52400,"Диван Венеция гобелен, лён 3-местный, классический 3-местный","Тип товара: Диван; Наименование: Венеция; Материал: гобелен, лён; Особенности: 3-местный, классический 3-местный"
59,59,s1_60,,Мебель,36800,Кровать Аврора 160×200 пудровый велюр капитоне,Тип товара: Кровать; Наименование: Аврора; Габариты: 160×200; Цвет: пудровый; Материал: велюр; Особенности: капитоне
60,60,s1_61,,Мебель,11800,"Кухонный стол-трансформер Прага 90×60 белый раздвижной, раздвижной до 140","Тип товара: Кухонный стол-трансформер; Наименование: Прага; Габариты: 90×60; Цвет: белый; Особенности: раздвижной, раздвижной до 140"
61,61,s1_62,,Мебель,4400,"Декоративный глобус Тоскана 30×30×40 металл, дерево","Тип товара: Декоративный глобус; Наименование: Тоскана; Габариты: 30×30×40; Материал: металл, дерево"
62,62,s1_63,,Мебель,14700,Шкаф пенал узкий Стокгольм 40×40×210 ясень светлый скандинавский,Тип товара: Шкаф пенал узкий; Наименование: Стокгольм; Габариты: 40×40×210; Цвет: ясень светлый; Особенности: скандинавский
63,63,s1_64,,Мебель,5400,Картина модульная триптих Город 3×40×80,Тип товара: Картина модульная триптих; Наименование: Город; Габариты: 3×40×80
64,64,s1_65,,Мебель,24700,"Зеркало-трюмо Аделаида 80×40×160 бук бавария с пуфом, с пуфом-табуретом","Тип товара: Зеркало-трюмо; Наименование: Аделаида; Габариты: 80×40×160; Цвет: бук бавария; Особенности: с пуфом, с пуфом-табуретом"
65,65,s1_66,,Мебель,44200,Двуспальная кровать Модерн 180×200 белый экокожа,Тип товара: Двуспальная кровать; Наименование: Модерн; Габариты: 180×200; Цвет: белый; Материал: экокожа
66,66,s1_67,,Мебель,48700,"Шкаф-горка в гостиную Контур 280×40×195 белый, венге глянец","Тип товара: Шкаф-горка в гостиную; Наименование: Контур; Габариты: 280×40×195; Цвет: белый, венге; Особенности: глянец"
67,67,s1_68,,Мебель,13700,"Шкаф балконный Веранда 70×70×180 белый, венге угловой","Тип товара: Шкаф балконный; Наименование: Веранда; Габариты: 70×70×180; Цвет: белый, венге; Особенности: угловой"
68,68,s1_69,,Мебель,58700,"Диван-канапе Версаль бордо бархат 2-местный, бордовый с золотыми кистями, ножки резные","Тип товара: Диван-канапе; Наименование: Версаль; Цвет: бордо; Материал: бархат; Особенности: 2-местный, бордовый с золотыми кистями, ножки резные"
69,69,s1_70,,Мебель,11400,"Зеркало с подсветкой Полярная D80 латунь латунь с подсветкой, круглое","Тип товара: Зеркало с подсветкой; Наименование: Полярная; Габариты: D80; Цвет: латунь; Материал: латунь; Особенности: с подсветкой, круглое"
70,70,s1_71,,Мебель,3800,Подсвечник напольный Версаль 70 см бронза бронза напольный,Тип товара: Подсвечник напольный; Наименование: Версаль; Габариты: 70 см; Цвет: бронза; Материал: бронза; Особенности: напольный
71,71,s1_72,,Мебель,8700,"Ваза напольная Гера 80 см чёрный керамика напольная, матовый, матовый с серебряным орнаментом","Тип товара: Ваза напольная; Наименование: Гера; Габариты: 80 см; Цвет: чёрный; Материал: керамика; Особенности: напольная, матовый, матовый с серебряным орнаментом"
72,72,s1_73,,Мебель,5300,Комод узкий Эконом 40×40×100 белый эконом,Тип товара: Комод узкий; Наименование: Эконом; Габариты: 40×40×100; Цвет: белый; Особенности: эконом
73,73,s1_74,,Мебель,11700,Банкетка длинная Стокгольм 150×40×45 молочный рогожка ножки бук,Тип товара: Банкетка длинная; Наименование: Стокгольм; Габариты: 150×40×45; Цвет: молочный; Материал: рогожка; Особенности: ножки бук
74,74,s1_75,,Мебель,18700,"Кресло-папасан Бали D110 горчичный, натуральный велюр, натуральный ротанг","Тип товара: Кресло-папасан; Наименование: Бали; Габариты: D110; Цвет: горчичный, натуральный; Материал: велюр, натуральный ротанг"
75,75,s1_76,,Мебель,34800,"Журнальный столик мраморный Орхидея 100×55 латунь мрамор каррара, латунь овальный","Тип товара: Журнальный столик мраморный; Наименование: Орхидея; Габариты: 100×55; Цвет: латунь; Материал: мрамор каррара, латунь; Особенности: овальный"
76,76,s1_77,,Мебель,9700,"Зеркало с LED-подсветкой Сиена 80×60 LED, антипар, сенсорный выключатель","Тип товара: Зеркало с LED-подсветкой; Наименование: Сиена; Габариты: 80×60; Особенности: LED, антипар, сенсорный выключатель"
77,77,s1_78,,Мебель,15800,"Банкетка длинная Лион 200×40×45 чёрный, серый рогожка, металл","Тип товара: Банкетка длинная; Наименование: Лион; Габариты: 200×40×45; Цвет: чёрный, серый; Материал: рогожка, металл"
78,78,s1_79,,Мебель,36400,"Двухъярусная кровать Дуэт 90×200 серый, голубой с диваном внизу","Тип товара: Двухъярусная кровать; Наименование: Дуэт; Габариты: 90×200; Цвет: серый, голубой; Особенности: с диваном внизу"
79,79,s1_80,,Мебель,5200,"Стеллаж лестница Прага белый, натуральный","Тип товара: Стеллаж лестница; Наименование: Прага; Цвет: белый, натуральный"
80,80,s1_81,,Мебель,14200,"Диван детский раскладной Малыш 140×80 ткань раскладной, с принтом машинки","Тип товара: Диван детский раскладной; Наименование: Малыш; Габариты: 140×80; Материал: ткань; Особенности: раскладной, с принтом машинки"
81,81,s1_82,,Мебель,5700,"Потолочный светильник Модерн D40 белый LED, пульт, LED тарелка","Тип товара: Потолочный светильник; Наименование: Модерн; Габариты: D40; Цвет: белый; Особенности: LED, пульт, LED тарелка"
82,82,s1_83,,Мебель,13400,"Зеркало напольное Лагуна 50×170 латунь металл, латунь напольное","Тип товара: Зеркало напольное; Наименование: Лагуна; Габариты: 50×170; Цвет: латунь; Материал: металл, латунь; Особенности: напольное"
83,83,s1_84,,Мебель,11200,Зеркало-трюмо в полный рост 50×170 латунь латунь,Тип товара: Зеркало-трюмо в полный рост; Габариты: 50×170; Цвет: латунь; Материал: латунь
84,84,s1_85,,Мебель,58400,"Сервант с подсветкой Тоскана 140×45×185 дуб, натуральный массив дуба с подсветкой, состаренный, массив дуба","Тип товара: Сервант с подсветкой; Наименование: Тоскана; Габариты: 140×45×185; Цвет: дуб, натуральный; Материал: массив дуба; Особенности: с подсветкой, состаренный, массив дуба"
85,85,s1_86,,Мебель,33700,"Кресло Lounge Палаццо пыльно-розовый бархат, массив полукруглое, ножки массив","Тип товара: Кресло Lounge; Наименование: Палаццо; Цвет: пыльно-розовый; Материал: бархат, массив; Особенности: полукруглое, ножки массив"
86,86,s1_87,,Мебель,6900,"Картина-триптих Северянин, Туман над озером 3×40×80","Тип товара: Картина-триптих; Наименование: Северянин, Туман над озером; Габариты: 3×40×80"
87,87,s1_88,,Мебель,26800,Кровать-бокс Авангард 90×200 графит рогожка с матрасом и ящиком,Тип товара: Кровать-бокс; Наименование: Авангард; Габариты: 90×200; Цвет: графит; Материал: рогожка; Особенности: с матрасом и ящиком
88,88,s1_89,,Мебель,47800,Диван-аккордеон Триумф 200×90 изумрудный велюр на пружинах,Тип товара: Диван-аккордеон; Наименование: Триумф; Габариты: 200×90; Цвет: изумрудный; Материал: велюр; Особенности: на пружинах
89,89,s1_90,,Мебель,3200,"Складной стул для балкона Капри бирюзовый лён складной, для балкона","Тип товара: Складной стул для балкона; Наименование: Капри; Цвет: бирюзовый; Материал: лён; Особенности: складной, для балкона"
90,90,s1_91,,Мебель,15800,Кресло геймерское Дакота с подушкой под шею,Тип товара: Кресло геймерское; Наименование: Дакота; Особенности: с подушкой под шею
91,91,s1_92,,Мебель,18400,"Банкетка длинная Версаль 180×40×50 белый, хром экокожа","Тип товара: Банкетка длинная; Наименование: Версаль; Габариты: 180×40×50; Цвет: белый, хром; Материал: экокожа"
92,92,s1_93,,Мебель,2700,Складной столик Капри 40×40×60 искусственный ротанг складной,Тип товара: Складной столик; Наименование: Капри; Габариты: 40×40×60; Материал: искусственный ротанг; Особенности: складной
93,93,s1_94,,Мебель,42800,"Диван-канапе Камелия пыльно-розовый, золото бархат ножки золото","Тип товара: Диван-канапе; Наименование: Камелия; Цвет: пыльно-розовый, золото; Материал: бархат; Особенности: ножки золото"
94,94,s1_95,,Мебель,4700,"Стул-кресло Патио бежевый искусственный ротанг для балкона, с подушкой","Тип товара: Стул-кресло; Наименование: Патио; Цвет: бежевый; Материал: искусственный ротанг; Особенности: для балкона, с подушкой"
95,95,s1_96,,Мебель,87400,Барная стойка кухонная Милан 240×60×110 мрамор каррара,Тип товара: Барная стойка кухонная; Наименование: Милан; Габариты: 240×60×110; Материал: мрамор каррара
96,96,s1_97,,Мебель,29900,Двуспальная кровать Прага 140×200 пыльно-розовый велюр,Тип товара: Двуспальная кровать; Наименование: Прага; Габариты: 140×200; Цвет: пыльно-розовый; Материал: велюр
97,97,s1_98,,Мебель,1400,"Подушка декоративная 45×45 натуральный лён вышивка, вышивка цветок","Тип товара: Подушка декоративная; Габариты: 45×45; Цвет: натуральный; Материал: лён; Особенности: вышивка, вышивка цветок"
98,98,s1_99,,Мебель,38900,"Кресло ушастое Камелот графит велюр, массив бука ножки массив, с подушкой, ножки массив бука","Тип товара: Кресло ушастое; Наименование: Камелот; Цвет: графит; Материал: велюр, массив бука; Особенности: ножки массив, с подушкой, ножки массив бука"
99,99,s1_100,,Мебель,26700,"Зеркало-трюмо Полярная 70×40×155 белый LED, с подсветкой LED, сенсор, матовый, с подсветкой LED и сенсором","Тип товара: Зеркало-трюмо; Наименование: Полярная; Габариты: 70×40×155; Цвет: белый; Особенности: LED, с подсветкой LED, сенсор, матовый, с подсветкой LED и сенсором"
100,100,s1_101,,Мебель,4700,"Барный стул Лофт металл, дерево лофт, на металлокаркасе","Тип товара: Барный стул; Наименование: Лофт; Материал: металл, дерево; Особенности: лофт, на металлокаркасе"
101,101,s1_102,,Мебель,17800,"Шкаф для одежды Феникс 90×55×210 белый, голубой 2-дверный","Тип товара: Шкаф для одежды; Наименование: Феникс; Габариты: 90×55×210; Цвет: белый, голубой; Особенности: 2-дверный"
102,102,s1_103,,Мебель,3700,"Багажная полка гостиничная складная 60×40×50 хром металл складная, гостиничная","Тип товара: Багажная полка гостиничная складная; Габариты: 60×40×50; Цвет: хром; Материал: металл; Особенности: складная, гостиничная"
103,103,s1_104,,Мебель,2900,"Журнальница Тоскана 40×30×35 ротанг напольная, напольная плетёная","Тип товара: Журнальница; Наименование: Тоскана; Габариты: 40×30×35; Материал: ротанг; Особенности: напольная, напольная плетёная"
104,104,s1_105,,Мебель,67900,Двуспальная кровать Малибу 200×200 изумрудный бархат,Тип товара: Двуспальная кровать; Наименование: Малибу; Габариты: 200×200; Цвет: изумрудный; Материал: бархат
105,105,s1_106,,Мебель,47800,"Стол обеденный круглый Тоскана D120 дуб массив дуба раздвижной, круглый, раздвижной до 150, массив дуба","Тип товара: Стол обеденный круглый; Наименование: Тоскана; Габариты: D120; Цвет: дуб; Материал: массив дуба; Особенности: раздвижной, круглый, раздвижной до 150, массив дуба"
106,106,s1_107,,Мебель,82400,"Сервант Тоскана-Lux 180×45×210 белый LED, с подсветкой LED, классика, с патиной","Тип товара: Сервант; Наименование: Тоскана-Lux; Габариты: 180×45×210; Цвет: белый; Особенности: LED, с подсветкой LED, классика, с патиной"
107,107,s1_108,,Мебель,5800,"Зеркало декоративное Флоренция D70 латунь металл, латунь","Тип товара: Зеркало декоративное; Наименование: Флоренция; Габариты: D70; Цвет: латунь; Материал: металл, латунь"
108,108,s1_109,,Мебель,33700,Шкаф 3-створчатый распашной Милан 150×55×210 орех 3-створчатый,Тип товара: Шкаф 3-створчатый распашной; Наименование: Милан; Габариты: 150×55×210; Цвет: орех; Особенности: 3-створчатый
109,109,s1_110,,Мебель,36400,"Кровать Сицилия 160×200 бежевый экокожа с подъёмным механизмом, классика","Тип товара: Кровать; Наименование: Сицилия; Габариты: 160×200; Цвет: бежевый; Материал: экокожа; Особенности: с подъёмным механизмом, классика"
110,110,s1_111,,Мебель,12400,"Стол журнальный сервировочный на колёсах 70×50×65 хром, дуб артизан металл на колёсах","Тип товара: Стол журнальный сервировочный на колёсах; Габариты: 70×50×65; Цвет: хром, дуб артизан; Материал: металл; Особенности: на колёсах"
111,111,s1_112,,Мебель,33200,"Кровать Лофт 160×200 металл лофт, на металлокаркасе","Тип товара: Кровать; Наименование: Лофт; Габариты: 160×200; Материал: металл; Особенности: лофт, на металлокаркасе"
112,112,s1_113,,Мебель,15700,"Тумба-подставка под ТВ Норд 180 см ясень светлый скандинавский, скандинавский стиль","Тип товара: Тумба-подставка под ТВ; Наименование: Норд; Габариты: 180 см; Цвет: ясень светлый; Особенности: скандинавский, скандинавский стиль"
113,113,s1_114,,Мебель,9800,"Тумба гостиничная прикроватная 50×40×55 дуб артизан USB, гостиничная, с USB и розеткой","Тип товара: Тумба гостиничная прикроватная; Габариты: 50×40×55; Цвет: дуб артизан; Особенности: USB, гостиничная, с USB и розеткой"
114,114,s1_115,,Мебель,37400,Диван-кровать прямой Айова 200×95 серый рогожка прямой,Тип товара: Диван-кровать прямой; Наименование: Айова; Габариты: 200×95; Цвет: серый; Материал: рогожка; Особенности: прямой
115,115,s1_116,,Мебель,2400,"Журнальница Венеция 40×15×50 дуб артизан 3-секционная, настенная, 3-секционная настенная","Тип товара: Журнальница; Наименование: Венеция; Габариты: 40×15×50; Цвет: дуб артизан; Особенности: 3-секционная, настенная, 3-секционная настенная"
116,116,s1_117,,Мебель,24500,"Консоль Беверли 140×35×80 латунь, орех шпон ореха, латунь","Тип товара: Консоль; Наименование: Беверли; Габариты: 140×35×80; Цвет: латунь, орех; Материал: шпон ореха, латунь"
117,117,s1_118,,Мебель,6400,"Навесной шкафчик Венето 60×20×60 белый для ванной, глянец","Тип товара: Навесной шкафчик; Наименование: Венето; Габариты: 60×20×60; Цвет: белый; Особенности: для ванной, глянец"
118,118,s1_119,,Мебель,23400,"Стол туалетный Орхидея белый с зеркалом, матовый, с зеркалом-бабочка и ящиками","Тип товара: Стол туалетный; Наименование: Орхидея; Цвет: белый; Особенности: с зеркалом, матовый, с зеркалом-бабочка и ящиками"
119,119,s1_120,,Мебель,34700,"Кресло Шанхай чёрное классика, восточное лакированное чёрное с резьбой","Тип товара: Кресло; Наименование: Шанхай; Цвет: чёрное; Особенности: классика, восточное лакированное чёрное с резьбой"
120,120,s1_121,,Мебель,39800,Кровать-бокс Орфей 140×200 серый рогожка с ортопедическим основанием в комплекте,Тип товара: Кровать-бокс; Наименование: Орфей; Габариты: 140×200; Цвет: серый; Материал: рогожка; Особенности: с ортопедическим основанием в комплекте
121,121,s1_122,,Мебель,36800,Кровать Орлеан,Тип товара: Кровать; Наименование: Орлеан
122,122,s1_123,,Мебель,22400,"Шкаф Карина 90×55×240 ясень шимо 2-дверный, 2-дверный с антресолью","Тип товара: Шкаф; Наименование: Карина; Габариты: 90×55×240; Цвет: ясень шимо; Особенности: 2-дверный, 2-дверный с антресолью"
123,123,s1_124,,Мебель,3900,"Балконный складной стол круглый D60 металл, тик складной, круглый, серия Лайт","Тип товара: Балконный складной стол круглый; Габариты: D60; Материал: металл, тик; Особенности: складной, круглый, серия Лайт"
124,124,s1_125,,Мебель,72400,"Кресло-реклайнер Орлеан чёрный кожа PU USB, с электроподъёмом и USB","Тип товара: Кресло-реклайнер; Наименование: Орлеан; Цвет: чёрный; Материал: кожа PU; Особенности: USB, с электроподъёмом и USB"
125,125,s1_126,,Мебель,142800,Диван модульный Манхэттен 320×170 коричневый с реклайнером электрическим,Тип товара: Диван модульный; Наименование: Манхэттен; Габариты: 320×170; Цвет: коричневый; Особенности: с реклайнером электрическим
126,126,s1_127,,Мебель,3200,Подставка под цветок Венеция 40×40×90 бронза бронза,Тип товара: Подставка под цветок; Наименование: Венеция; Габариты: 40×40×90; Цвет: бронза; Материал: бронза
127,127,s1_128,,Мебель,124700,"Кухонный остров Палермо 180×90×90 чёрный, дуб матовый, с барной стойкой и индукцией","Тип товара: Кухонный остров; Наименование: Палермо; Габариты: 180×90×90; Цвет: чёрный, дуб; Особенности: матовый, с барной стойкой и индукцией"
128,128,s1_129,,Мебель,7700,Покрывало Орхидея 220×240 сиреневый в подарочной упаковке,Тип товара: Покрывало; Наименование: Орхидея; Габариты: 220×240; Цвет: сиреневый; Особенности: в подарочной упаковке
129,129,s1_130,,Мебель,4800,"Картина Барселона, Парк Гуэль 80×60 дерево матовый, холст матовый","Тип товара: Картина; Наименование: Барселона, Парк Гуэль; Габариты: 80×60; Материал: дерево; Особенности: матовый, холст матовый"
130,130,s1_131,,Мебель,2200,"Точечный светильник встраиваемый Меридиан белый комплект 6 шт, LED, 5 Вт, встраиваемый, LED 5 Вт","Тип товара: Точечный светильник встраиваемый; Наименование: Меридиан; Цвет: белый; Особенности: комплект 6 шт, LED, 5 Вт, встраиваемый, LED 5 Вт"
131,131,s1_132,,Мебель,42700,"Реклайнер Орлеан коричневый с пуфом, кресло-качалка с пуфом","Тип товара: Реклайнер; Наименование: Орлеан; Цвет: коричневый; Особенности: с пуфом, кресло-качалка с пуфом"
132,132,s1_133,,Мебель,5800,Барный стол высокий Дакота 60×60×110 венге ЛДСП,Тип товара: Барный стол высокий; Наименование: Дакота; Габариты: 60×60×110; Цвет: венге; Материал: ЛДСП
133,133,s1_134,,Мебель,1900,"Декоративная гирлянда Флоренция белый LED, USB, LED-розы 3 м","Тип товара: Декоративная гирлянда; Наименование: Флоренция; Цвет: белый; Особенности: LED, USB, LED-розы 3 м"
134,134,s1_135,,Мебель,31700,"Журнальный столик мраморный Каррара D80 латунь, натуральный натуральный мрамор, латунь круглый","Тип товара: Журнальный столик мраморный; Наименование: Каррара; Габариты: D80; Цвет: латунь, натуральный; Материал: натуральный мрамор, латунь; Особенности: круглый"
135,135,s1_136,,Мебель,14900,Кресло компьютерное Бергамо серый газлифт класс 4,Тип товара: Кресло компьютерное; Наименование: Бергамо; Цвет: серый; Особенности: газлифт класс 4
136,136,s1_137,,Мебель,3900,"Картина Стокгольм, Скандинавский лес 60×80 скандинавский","Тип товара: Картина; Наименование: Стокгольм, Скандинавский лес; Габариты: 60×80; Особенности: скандинавский"
137,137,s1_138,,Мебель,22800,"Туалетный столик Ариэль 100×40×140 розовый, золото LED, с зеркалом, с зеркалом и подсветкой LED","Тип товара: Туалетный столик; Наименование: Ариэль; Габариты: 100×40×140; Цвет: розовый, золото; Особенности: LED, с зеркалом, с зеркалом и подсветкой LED"
138,138,s1_139,,Мебель,52400,"Кресло-бергер Виктория голубой велюр каретная стяжка, классическое каретная стяжка","Тип товара: Кресло-бергер; Наименование: Виктория; Цвет: голубой; Материал: велюр; Особенности: каретная стяжка, классическое каретная стяжка"
139,139,s1_140,,Мебель,18700,"Кресло-папасан Бали D110 серый, натуральный велюр, натуральный ротанг","Тип товара: Кресло-папасан; Наименование: Бали; Габариты: D110; Цвет: серый, натуральный; Материал: велюр, натуральный ротанг"
140,140,s1_141,,Мебель,14900,Кресло компьютерное Бергамо синий газлифт класс 4,Тип товара: Кресло компьютерное; Наименование: Бергамо; Цвет: синий; Особенности: газлифт класс 4
141,141,s1_142,,Мебель,58900,"Двуспальная кровать Венеция 160×200 массив бука классика, массив бука","Тип товара: Двуспальная кровать; Наименование: Венеция; Габариты: 160×200; Материал: массив бука; Особенности: классика, массив бука"
142,142,s1_143,,Мебель,3700,"Декоративный шар Орбита мрамор, металл 3 шт","Тип товара: Декоративный шар; Наименование: Орбита; Материал: мрамор, металл; Особенности: 3 шт"
143,143,s1_144,,Мебель,3700,Статуэтка Будда 30 см,Тип товара: Статуэтка; Наименование: Будда; Габариты: 30 см
144,144,s1_145,,Мебель,11200,Парта-трансформер Школьник голубой,Тип товара: Парта-трансформер; Наименование: Школьник; Цвет: голубой
145,145,s1_146,,Мебель,13500,"Тумба под ТВ 120 см 120 см белый с подсветкой, глянец, глянец с подсветкой","Тип товара: Тумба под ТВ 120 см; Габариты: 120 см; Цвет: белый; Особенности: с подсветкой, глянец, глянец с подсветкой"
146,146,s1_147,,Мебель,43800,"Диван-канапе Меран гобелен, лён, массив ножки массив, классический полутораместный","Тип товара: Диван-канапе; Наименование: Меран; Материал: гобелен, лён, массив; Особенности: ножки массив, классический полутораместный"
147,147,s1_148,,Мебель,14200,"Комод узкий Минск 40×40×120 белый 5 ящиками, матовый, пенал с 5 ящиками","Тип товара: Комод узкий; Наименование: Минск; Габариты: 40×40×120; Цвет: белый; Особенности: 5 ящиками, матовый, пенал с 5 ящиками"
148,148,s1_149,,Мебель,4700,"Зеркало с фоторамкой Прага 60×80 4 шт, состаренная, со встроенными рамками 4 шт","Тип товара: Зеркало с фоторамкой; Наименование: Прага; Габариты: 60×80; Особенности: 4 шт, состаренная, со встроенными рамками 4 шт"
149,149,s1_150,,Мебель,18900,"Комод узкий Версаль 60×40×120 белый, золото 4 ящиками, классика, патина, с 4 ящиками","Тип товара: Комод узкий; Наименование: Версаль; Габариты: 60×40×120; Цвет: белый, золото; Особенности: 4 ящиками, классика, патина, с 4 ящиками"
150,150,s1_151,,Мебель,1400,Полка настенная навесная Берлин 90×20 дуб сонома настенная,Тип товара: Полка настенная навесная; Наименование: Берлин; Габариты: 90×20; Цвет: дуб сонома; Особенности: настенная
151,151,s1_152,,Мебель,4200,"Балконный складной столик прямоугольный 70×40 металл, тик складной, прямоугольный","Тип товара: Балконный складной столик прямоугольный; Габариты: 70×40; Материал: металл, тик; Особенности: складной, прямоугольный"
152,152,s1_153,,Мебель,78900,"Кровать водяная двуспальная Лагуна 180×200 графит экокожа с подогревом, с подогревом и виброгасителем","Тип товара: Кровать водяная двуспальная; Наименование: Лагуна; Габариты: 180×200; Цвет: графит; Материал: экокожа; Особенности: с подогревом, с подогревом и виброгасителем"
153,153,s1_154,,Мебель,24700,Подвеска люстра Премиум 6 ламп,Тип товара: Подвеска люстра; Наименование: Премиум; Особенности: 6 ламп
154,154,s1_155,,Мебель,52800,"Шкаф-горка Меридиан 320×45×200 ясень шимо светодиодной подсветкой, со светодиодной подсветкой","Тип товара: Шкаф-горка; Наименование: Меридиан; Габариты: 320×45×200; Цвет: ясень шимо; Особенности: светодиодной подсветкой, со светодиодной подсветкой"
155,155,s1_156,,Мебель,5400,"Стул барный Турин белый, хром экокожа с регулируемой высотой","Тип товара: Стул барный; Наименование: Турин; Цвет: белый, хром; Материал: экокожа; Особенности: с регулируемой высотой"
156,156,s1_157,,Мебель,14800,"Кровать Зефир 80×160 белый, розовый ЛДСП, тик детская с бортиками","Тип товара: Кровать; Наименование: Зефир; Габариты: 80×160; Цвет: белый, розовый; Материал: ЛДСП, тик; Особенности: детская с бортиками"
157,157,s1_158,,Мебель,19400,"Стол письменный угловой Авангард 140×140 белый угловой, для двоих детей","Тип товара: Стол письменный угловой; Наименование: Авангард; Габариты: 140×140; Цвет: белый; Особенности: угловой, для двоих детей"
158,158,s1_159,,Мебель,19700,Кровать односпальная Тюльпан 90×200 велюр,Тип товара: Кровать односпальная; Наименование: Тюльпан; Габариты: 90×200; Материал: велюр
159,159,s1_160,,Мебель,3700,"Балконный складной стул с мягким сиденьем лён, металл складной","Тип товара: Балконный складной стул с мягким сиденьем; Материал: лён, металл; Особенности: складной"
160,160,s1_161,,Мебель,33400,"Зеркало-трюмо Палаццо 80×40×165 белый, золото с подсветкой, сенсор, с подсветкой и сенсором","Тип товара: Зеркало-трюмо; Наименование: Палаццо; Габариты: 80×40×165; Цвет: белый, золото; Особенности: с подсветкой, сенсор, с подсветкой и сенсором"
161,161,s1_162,,Мебель,19400,"Зеркало напольное Палаццо 70×180 золото напольное, с патиной, в раме барокко","Тип товара: Зеркало напольное; Наименование: Палаццо; Габариты: 70×180; Цвет: золото; Особенности: напольное, с патиной, в раме барокко"
162,162,s1_163,,Мебель,38900,"Диван прямой Бостон белый, хром кожзам 3-местный, прямой","Тип товара: Диван прямой; Наименование: Бостон; Цвет: белый, хром; Материал: кожзам; Особенности: 3-местный, прямой"
163,163,s1_164,,Мебель,36800,"Зеркало-трюмо Версаль 90×40×170 золото с подсветкой, классическое с подсветкой и пуфом","Тип товара: Зеркало-трюмо; Наименование: Версаль; Габариты: 90×40×170; Цвет: золото; Особенности: с подсветкой, классическое с подсветкой и пуфом"
164,164,s1_165,,Мебель,5900,Шторы 2×140×260 жаккард,Тип товара: Шторы; Габариты: 2×140×260; Материал: жаккард
165,165,s1_166,,Мебель,34900,"Обеденный стол овальный Эра 160×90 орех овальный, классика","Тип товара: Обеденный стол овальный; Наименование: Эра; Габариты: 160×90; Цвет: орех; Особенности: овальный, классика"
166,166,s1_167,,Мебель,6700,Шторы блэкаут Иней 2×150×270 голубой,Тип товара: Шторы блэкаут; Наименование: Иней; Габариты: 2×150×270; Цвет: голубой
167,167,s1_168,,Мебель,28900,"Кресло-реклайнер Бостон коричневый экокожа с подножкой, ручной","Тип товара: Кресло-реклайнер; Наименование: Бостон; Цвет: коричневый; Материал: экокожа; Особенности: с подножкой, ручной"
168,168,s1_169,,Мебель,42700,"Кровать гостиничная Делюкс 180×200 серый велюр гостиничная, с изголовьем-панелью, для отелей","Тип товара: Кровать гостиничная; Наименование: Делюкс; Габариты: 180×200; Цвет: серый; Материал: велюр; Особенности: гостиничная, с изголовьем-панелью, для отелей"
169,169,s1_170,,Мебель,3800,"Цветочная подставка Флоренция чёрный металл напольная, напольная 5-ярусная","Тип товара: Цветочная подставка; Наименование: Флоренция; Цвет: чёрный; Материал: металл; Особенности: напольная, напольная 5-ярусная"
170,170,s1_171,,Мебель,28900,"Кресло Lounge Стокгольм серый ткань с пуфом, ножки бук","Тип товара: Кресло Lounge; Наименование: Стокгольм; Цвет: серый; Материал: ткань; Особенности: с пуфом, ножки бук"
171,171,s1_172,,Мебель,5400,Стул барный Турин хром экокожа с регулируемой высотой,Тип товара: Стул барный; Наименование: Турин; Цвет: хром; Материал: экокожа; Особенности: с регулируемой высотой
172,172,s1_173,,Мебель,2700,"Подсвечник Флоренция 30×15 латунь латунь 5 свечей, на 5 свечей","Тип товара: Подсвечник; Наименование: Флоренция; Габариты: 30×15; Цвет: латунь; Материал: латунь; Особенности: 5 свечей, на 5 свечей"
173,173,s1_174,,Мебель,19400,"Стол обеденный Палермо 160×90 белый ЛДСП, металл раздвижной, глянец","Тип товара: Стол обеденный; Наименование: Палермо; Габариты: 160×90; Цвет: белый; Материал: ЛДСП, металл; Особенности: раздвижной, глянец"
174,174,s1_175,,Мебель,4900,Балконная складная скамья Альпина 90×40 искусственный ротанг складная,Тип товара: Балконная складная скамья; Наименование: Альпина; Габариты: 90×40; Материал: искусственный ротанг; Особенности: складная
175,175,s1_176,,Мебель,52400,Кровать-бокс Атлант 160×200 бежевый рогожка с интегрированным матрасом и нишей,Тип товара: Кровать-бокс; Наименование: Атлант; Габариты: 160×200; Цвет: бежевый; Материал: рогожка; Особенности: с интегрированным матрасом и нишей
176,176,s1_177,,Мебель,14700,Парта школьная регулируемая Школьник синий с наклонной столешницей,Тип товара: Парта школьная регулируемая; Наименование: Школьник; Цвет: синий; Особенности: с наклонной столешницей
177,177,s1_178,,Мебель,24800,"Стол обеденный Берлин 140×80 белый, дуб раздвижной, прямоугольный, прямоугольный раздвижной","Тип товара: Стол обеденный; Наименование: Берлин; Габариты: 140×80; Цвет: белый, дуб; Особенности: раздвижной, прямоугольный, прямоугольный раздвижной"
178,178,s1_179,,Мебель,46800,"Шкаф-купе Стокгольм 200×60×220 дуб артизан 3-дверный, с зеркалом, 3-дверный с зеркалом","Тип товара: Шкаф-купе; Наименование: Стокгольм; Габариты: 200×60×220; Цвет: дуб артизан; Особенности: 3-дверный, с зеркалом, 3-дверный с зеркалом"
179,179,s1_180,,Мебель,87400,Стол офисный руководительский 200×100 орех шпон ореха с приставкой,Тип товара: Стол офисный руководительский; Габариты: 200×100; Цвет: орех; Материал: шпон ореха; Особенности: с приставкой
180,180,s1_181,,Мебель,38700,Шкаф 4-дверный 200×55×210 ясень шимо 4-дверный,Тип товара: Шкаф 4-дверный; Габариты: 200×55×210; Цвет: ясень шимо; Особенности: 4-дверный
181,181,s1_182,,Мебель,64200,"Диван угловой Луара 280×170 изумрудный велюр угловой, ниша для белья","Тип товара: Диван угловой; Наименование: Луара; Габариты: 280×170; Цвет: изумрудный; Материал: велюр; Особенности: угловой, ниша для белья"
182,182,s1_183,,Мебель,26800,Комод-консоль Прага 110×35×85 орех шпон ореха классика,Тип товара: Комод-консоль; Наименование: Прага; Габариты: 110×35×85; Цвет: орех; Материал: шпон ореха; Особенности: классика
183,183,s1_184,,Мебель,9700,"Прикроватный комод Орлеан 50×40×60 белый 3 ящика, патина","Тип товара: Прикроватный комод; Наименование: Орлеан; Габариты: 50×40×60; Цвет: белый; Особенности: 3 ящика, патина"
184,184,s1_185,,Мебель,4800,"Балдахин Камелия розовый на стойке, детский на стойке, тюль с золотыми звёздами","Тип товара: Балдахин; Наименование: Камелия; Цвет: розовый; Особенности: на стойке, детский на стойке, тюль с золотыми звёздами"
185,185,s1_186,,Мебель,990,Ваза стеклянная цилиндр D10×25 прозрачный стекло,Тип товара: Ваза стеклянная цилиндр; Габариты: D10×25; Цвет: прозрачный; Материал: стекло
186,186,s1_187,,Мебель,1400,Фоторамка Геометрия 25×25 латунь латунь,Тип товара: Фоторамка; Наименование: Геометрия; Габариты: 25×25; Цвет: латунь; Материал: латунь
187,187,s1_188,,Мебель,1800,"Ключница настенная Дания 40×8×25 дуб артизан с полкой, настенная, с полкой и крючками","Тип товара: Ключница настенная; Наименование: Дания; Габариты: 40×8×25; Цвет: дуб артизан; Особенности: с полкой, настенная, с полкой и крючками"
188,188,s1_189,,Мебель,17800,"Зеркало напольное Орхидея 60×170 белый с подсветкой, напольное, патина, в раме с подсветкой","Тип товара: Зеркало напольное; Наименование: Орхидея; Габариты: 60×170; Цвет: белый; Особенности: с подсветкой, напольное, патина, в раме с подсветкой"
189,189,s1_190,,Мебель,48700,Кровать-бокс Меридиан 160×200 графит экокожа с встроенным матрасом,Тип товара: Кровать-бокс; Наименование: Меридиан; Габариты: 160×200; Цвет: графит; Материал: экокожа; Особенности: с встроенным матрасом
190,190,s1_191,,Мебель,3700,"Балконный столик складной Альпина 60×40 металл, ротанг складной","Тип товара: Балконный столик складной; Наименование: Альпина; Габариты: 60×40; Материал: металл, ротанг; Особенности: складной"
191,191,s1_192,,Мебель,7990,Кресло компьютерное Бюрократ чёрная,Тип товара: Кресло компьютерное; Наименование: Бюрократ; Цвет: чёрная
192,192,s1_193,,Мебель,1900,"Стойка для системного блока Лофт венге ЛДСП лофт, на колёсах","Тип товара: Стойка для системного блока; Наименование: Лофт; Цвет: венге; Материал: ЛДСП; Особенности: лофт, на колёсах"
193,193,s1_194,,Мебель,1500,"Картина-постер Барселона, Sagrada Familia 40×60 чёрная","Тип товара: Картина-постер; Наименование: Барселона, Sagrada Familia; Габариты: 40×60; Цвет: чёрная"
194,194,s1_195,,Мебель,5400,Стул барный Турин хром экокожа с регулируемой высотой,Тип товара: Стул барный; Наименование: Турин; Цвет: хром; Материал: экокожа; Особенности: с регулируемой высотой
195,195,s1_196,,Мебель,24700,"Прихожая Модерн 160 см белый глянец, с вешалкой и тумбой","Тип товара: Прихожая; Наименование: Модерн; Габариты: 160 см; Цвет: белый; Особенности: глянец, с вешалкой и тумбой"
196,196,s1_197,,Мебель,5200,"Стеллаж лестница Глория 50×35×170 чёрный, дуб металл","Тип товара: Стеллаж лестница; Наименование: Глория; Габариты: 50×35×170; Цвет: чёрный, дуб; Материал: металл"
197,197,s1_198,,Мебель,8400,"Стол фуршетный круглый D150 складной, круглый, с белой скатертью, на 10 персон, складной с белой скатертью","Тип товара: Стол фуршетный круглый; Габариты: D150; Особенности: складной, круглый, с белой скатертью, на 10 персон, складной с белой скатертью"
198,198,s1_199,,Мебель,1700,Шторы рулонные Модерн 80×170 серый,Тип товара: Шторы рулонные; Наименование: Модерн; Габариты: 80×170; Цвет: серый
199,199,s1_200,,Мебель,3200,Тюль готовый Венеция 400×270 бежевый,Тип товара: Тюль готовый; Наименование: Венеция; Габариты: 400×270; Цвет: бежевый
200,200,s1_201,,Мебель,6900,"Барный шкафчик Флоренция 60×20×60 чёрный, дуб настенный","Тип товара: Барный шкафчик; Наименование: Флоренция; Габариты: 60×20×60; Цвет: чёрный, дуб; Особенности: настенный"
201,201,s1_202,,Мебель,14700,"Тумба прикроватная Версаль 50×40×55 орех с двумя ящиками, патина, с двумя ящиками и резьбой","Тип товара: Тумба прикроватная; Наименование: Версаль; Габариты: 50×40×55; Цвет: орех; Особенности: с двумя ящиками, патина, с двумя ящиками и резьбой"
202,202,s1_203,,Мебель,52400,Кровать Натура 160×200 дуб массив из массива дуба,Тип товара: Кровать; Наименование: Натура; Габариты: 160×200; Цвет: дуб; Материал: массив; Особенности: из массива дуба
203,203,s1_204,,Мебель,19700,Кровать-машинка Малыш 80×170 с матрасом,Тип товара: Кровать-машинка; Наименование: Малыш; Габариты: 80×170; Особенности: с матрасом
204,204,s1_205,,Мебель,78900,"Книжный шкаф со стеклянными дверцами Венеция 120×40×220 белый, золото стекло классика","Тип товара: Книжный шкаф со стеклянными дверцами; Наименование: Венеция; Габариты: 120×40×220; Цвет: белый, золото; Материал: стекло; Особенности: классика"
205,205,s1_206,,Мебель,28500,Кресло руководителя Director чёрное натуральная кожа из натуральной кожи,Тип товара: Кресло руководителя; Наименование: Director; Цвет: чёрное; Материал: натуральная кожа; Особенности: из натуральной кожи
206,206,s1_207,,Мебель,31200,"Диван прямой Берлин графит рогожка, ткань прямой","Тип товара: Диван прямой; Наименование: Берлин; Цвет: графит; Материал: рогожка, ткань; Особенности: прямой"
207,207,s1_208,,Мебель,26800,160×200,Габариты: 160×200
208,208,s1_209,,Мебель,4400,"Полка-стеллаж Орбита металл, дерево подвесная, подвесная 5 ячеек","Тип товара: Полка-стеллаж; Наименование: Орбита; Материал: металл, дерево; Особенности: подвесная, подвесная 5 ячеек"
209,209,s1_210,,Мебель,24700,"Кресло Lounge Авангард горчичный велюр, металл","Тип товара: Кресло Lounge; Наименование: Авангард; Цвет: горчичный; Материал: велюр, металл"
210,210,s1_211,,Мебель,76800,"Сервант Венеция-Lux 160×40×190 орех стекло LED, с подсветкой LED, стеклянные дверцы","Тип товара: Сервант; Наименование: Венеция-Lux; Габариты: 160×40×190; Цвет: орех; Материал: стекло; Особенности: LED, с подсветкой LED, стеклянные дверцы"
211,211,s1_212,,Мебель,42800,"Диван прямой Эдинбург 230×100 синий велюр раскладной, прямой","Тип товара: Диван прямой; Наименование: Эдинбург; Габариты: 230×100; Цвет: синий; Материал: велюр; Особенности: раскладной, прямой"
212,212,s1_213,,Мебель,11400,"Кухонный модуль нижний Палермо 80×60 серый, кашемир 3 ящика, soft-close, 3 ящика soft-close","Тип товара: Кухонный модуль нижний; Наименование: Палермо; Габариты: 80×60; Цвет: серый, кашемир; Особенности: 3 ящика, soft-close, 3 ящика soft-close"
213,213,s1_214,,Мебель,6700,Стол ЛДСП белый белый ЛДСП,Тип товара: Стол ЛДСП белый; Цвет: белый; Материал: ЛДСП
214,214,s1_215,,Мебель,24700,"Диван 2-местный Бергамо 160×85 серый рогожка 2-местный, на ножках, без раскладки","Тип товара: Диван 2-местный; Наименование: Бергамо; Габариты: 160×85; Цвет: серый; Материал: рогожка; Особенности: 2-местный, на ножках, без раскладки"
215,215,s1_216,,Мебель,59700,"Кровать-бокс Балтика 180×200 капучино велюр, тик на пружинном блоке независимом","Тип товара: Кровать-бокс; Наименование: Балтика; Габариты: 180×200; Цвет: капучино; Материал: велюр, тик; Особенности: на пружинном блоке независимом"
216,216,s1_217,,Мебель,4800,"Стул кухонный Прага белый, хром экокожа 2 шт, комплект из 2 шт","Тип товара: Стул кухонный; Наименование: Прага; Цвет: белый, хром; Материал: экокожа; Особенности: 2 шт, комплект из 2 шт"
217,217,s1_218,,Мебель,2700,"Фоторамка дизайнерская art-серия 30×40 бронза бронза дизайнерская, для интерьера, с эмалью","Тип товара: Фоторамка дизайнерская art-серия; Габариты: 30×40; Цвет: бронза; Материал: бронза; Особенности: дизайнерская, для интерьера, с эмалью"
218,218,s1_219,,Мебель,7800,"Зеркало Венеция D80 золото настенное, круглое, золочёная с лепниной, настенное круглое, рама золочёная с лепниной","Тип товара: Зеркало; Наименование: Венеция; Габариты: D80; Цвет: золото; Особенности: настенное, круглое, золочёная с лепниной, настенное круглое, рама золочёная с лепниной"
219,219,s1_220,,Мебель,94800,"Кровать латунная Ренессанс 160×200 латунь латунь лакированная, с витыми спинками","Тип товара: Кровать латунная; Наименование: Ренессанс; Габариты: 160×200; Цвет: латунь; Материал: латунь; Особенности: лакированная, с витыми спинками"
220,220,s1_221,,Мебель,61700,"Диван угловой Луара 280×170 капучино угловой, ниша для белья","Тип товара: Диван угловой; Наименование: Луара; Габариты: 280×170; Цвет: капучино; Особенности: угловой, ниша для белья"
221,221,s1_222,,Мебель,46900,"Стол обеденный Тоскана 180×85 дуб массив дуба раздвижной, раздвижной 140–, массив дуба","Тип товара: Стол обеденный; Наименование: Тоскана; Габариты: 180×85; Цвет: дуб; Материал: массив дуба; Особенности: раздвижной, раздвижной 140–, массив дуба"
222,222,s1_223,,Мебель,1800,Подушка декоративная Тоскана 50×30 песочный лён песочный с кистями,Тип товара: Подушка декоративная; Наименование: Тоскана; Габариты: 50×30; Цвет: песочный; Материал: лён; Особенности: песочный с кистями
223,223,s1_224,,Мебель,1800,Поделочный ящик Мастер 40×25×20 натуральный сосна натуральная,Тип товара: Поделочный ящик; Наименование: Мастер; Габариты: 40×25×20; Цвет: натуральный; Особенности: сосна натуральная
224,224,s1_225,,Мебель,6700,"Бра Камея бронза металл, бронза, стекло 2 шт, 2 шт в комплекте","Тип товара: Бра; Наименование: Камея; Цвет: бронза; Материал: металл, бронза, стекло; Особенности: 2 шт, 2 шт в комплекте"
225,225,s1_226,,Мебель,28700,Парта ростовая Авангард белый с электроподъёмом столешницы,Тип товара: Парта ростовая; Наименование: Авангард; Цвет: белый; Особенности: с электроподъёмом столешницы
226,226,s1_227,,Мебель,134800,Кровать водяная Луара 200×200 графит экокожа king-size с системой подогрева,Тип товара: Кровать водяная; Наименование: Луара; Габариты: 200×200; Цвет: графит; Материал: экокожа; Особенности: king-size с системой подогрева
227,227,s1_228,,Мебель,1900,Шторы рулонные 100×170 голубой,Тип товара: Шторы рулонные; Габариты: 100×170; Цвет: голубой
228,228,s1_229,,Мебель,15400,"Тумба под умывальник Бергамо 80×45×55 белый, дуб с одной дверцей, матовый","Тип товара: Тумба под умывальник; Наименование: Бергамо; Габариты: 80×45×55; Цвет: белый, дуб; Особенности: с одной дверцей, матовый"
229,229,s1_230,,Мебель,9800,"Зеркало с подсветкой Полярная 60×80 IP44, с подсветкой, антипар, прямоугольное","Тип товара: Зеркало с подсветкой; Наименование: Полярная; Габариты: 60×80; Особенности: IP44, с подсветкой, антипар, прямоугольное"
230,230,s1_231,,Мебель,47200,"Кровать кованая Шантильи 160×200 серый состаренное, с букетным узором","Тип товара: Кровать кованая; Наименование: Шантильи; Габариты: 160×200; Цвет: серый; Особенности: состаренное, с букетным узором"
231,231,s1_232,,Мебель,5400,Торшер Лофт чёрный металл лофт,Тип товара: Торшер; Наименование: Лофт; Цвет: чёрный; Материал: металл; Особенности: лофт
232,232,s1_233,,Мебель,36800,"Журнальный столик мраморный Версаль 100×60 латунь мрамор, латунь овальный","Тип товара: Журнальный столик мраморный; Наименование: Версаль; Габариты: 100×60; Цвет: латунь; Материал: мрамор, латунь; Особенности: овальный"
233,233,s1_234,,Мебель,1300,"Полка настенная угловая Орбита 30×30×60 белый настенная, угловая","Тип товара: Полка настенная угловая; Наименование: Орбита; Габариты: 30×30×60; Цвет: белый; Особенности: настенная, угловая"
234,234,s1_235,,Мебель,11900,"Тумба под раковину Капри 60×45×80 белый, дуб артизан напольная","Тип товара: Тумба под раковину; Наименование: Капри; Габариты: 60×45×80; Цвет: белый, дуб артизан; Особенности: напольная"
235,235,s1_236,,Мебель,5800,"Покрывало 200×220 золото, шампань с строчкой","Тип товара: Покрывало; Габариты: 200×220; Цвет: золото, шампань; Особенности: с строчкой"
236,236,s1_237,,Мебель,9800,"Журнальный столик Бергамо 60×45 латунь мрамор, латунь на колёсах","Тип товара: Журнальный столик; Наименование: Бергамо; Габариты: 60×45; Цвет: латунь; Материал: мрамор, латунь; Особенности: на колёсах"
237,237,s1_238,,Мебель,14400,"Банкетка длинная Стокгольм 180×40×45 молочный, дуб артизан лён","Тип товара: Банкетка длинная; Наименование: Стокгольм; Габариты: 180×40×45; Цвет: молочный, дуб артизан; Материал: лён"
238,238,s1_239,,Мебель,12700,Раскладной стол Карина 90×60 ясень шимо раскладной,Тип товара: Раскладной стол; Наименование: Карина; Габариты: 90×60; Цвет: ясень шимо; Особенности: раскладной
239,239,s1_240,,Мебель,48700,"Стенка-горка Орхидея 300 см белый, розовый, пудровый глянец, подсветка","Тип товара: Стенка-горка; Наименование: Орхидея; Габариты: 300 см; Цвет: белый, розовый, пудровый; Особенности: глянец, подсветка"
240,240,s1_241,,Мебель,4700,Покрывало летнее Тюльпан 220×240 оливковый хлопок,Тип товара: Покрывало летнее; Наименование: Тюльпан; Габариты: 220×240; Цвет: оливковый; Материал: хлопок
241,241,s1_242,,Мебель,4700,Тумбочка с яшиками Соната 50×40×60 дуб сонома ЛДСП,Тип товара: Тумбочка с яшиками; Наименование: Соната; Габариты: 50×40×60; Цвет: дуб сонома; Материал: ЛДСП
242,242,s1_243,,Мебель,6800,"Стойка для одежды Натура массив с полкой, из массива бука с полкой для обуви","Тип товара: Стойка для одежды; Наименование: Натура; Материал: массив; Особенности: с полкой, из массива бука с полкой для обуви"
243,243,s1_244,,Мебель,36400,"Шкаф-витрина Стокгольм 100×40×200 белый, дуб артизан скандинавский","Тип товара: Шкаф-витрина; Наименование: Стокгольм; Габариты: 100×40×200; Цвет: белый, дуб артизан; Особенности: скандинавский"
244,244,s1_245,,Мебель,1900,Книжная полка настенная Архив 100×25 орех настенная,Тип товара: Книжная полка настенная; Наименование: Архив; Габариты: 100×25; Цвет: орех; Особенности: настенная
245,245,s1_246,,Мебель,14500,Журнальный столик из массива дуба Натура 90×50 см дуб массив,Тип товара: Журнальный столик из массива дуба; Наименование: Натура; Габариты: 90×50 см; Цвет: дуб; Материал: массив
246,246,s1_247,,Мебель,87900,"Гарнитур кухонный угловой 2.4×1.8 белый, дуб артизан угловой, матовый","Тип товара: Гарнитур кухонный угловой; Габариты: 2.4×1.8; Цвет: белый, дуб артизан; Особенности: угловой, матовый"
247,247,s1_248,,Мебель,14700,"Парта-трансформер Олимп 110×55 белый, мятный с пеналом и ящиками","Тип товара: Парта-трансформер; Наименование: Олимп; Габариты: 110×55; Цвет: белый, мятный; Особенности: с пеналом и ящиками"
248,248,s1_249,,Мебель,13400,"Шкаф-пенал Венето 35×28×195 серый матовый, с корзиной для белья","Тип товара: Шкаф-пенал; Наименование: Венето; Габариты: 35×28×195; Цвет: серый; Особенности: матовый, с корзиной для белья"
249,249,s1_250,,Мебель,7900,Тумба прикроватная Натура 50×40×55 массив из массива сосны,Тип товара: Тумба прикроватная; Наименование: Натура; Габариты: 50×40×55; Материал: массив; Особенности: из массива сосны
250,250,s1_251,,Мебель,12400,Кровать Берлин 90×200 белый глянец,Тип товара: Кровать; Наименование: Берлин; Габариты: 90×200; Цвет: белый; Особенности: глянец
251,251,s1_252,,Мебель,13700,Комод Аделина 100×45×85 дуб сонома 6 ящиков,Тип товара: Комод; Наименование: Аделина; Габариты: 100×45×85; Цвет: дуб сонома; Особенности: 6 ящиков
252,252,s1_253,,Мебель,124700,"Кровать водяная Атлантик 200×200 лён, тик LED, с термоуправлением, king-size с термоуправлением и LED-подсветкой","Тип товара: Кровать водяная; Наименование: Атлантик; Габариты: 200×200; Материал: лён, тик; Особенности: LED, с термоуправлением, king-size с термоуправлением и LED-подсветкой"
253,253,s1_254,,Мебель,4900,Ваза напольная Версаль 60 см бежевый керамика напольная,Тип товара: Ваза напольная; Наименование: Версаль; Габариты: 60 см; Цвет: бежевый; Материал: керамика; Особенности: напольная
254,254,s1_255,,Мебель,22800,"Тумба под умывальник Аква 100×45×60 белый, серый со столешницей","Тип товара: Тумба под умывальник; Наименование: Аква; Габариты: 100×45×60; Цвет: белый, серый; Особенности: со столешницей"
255,255,s1_256,,Мебель,43700,"Шкаф-витрина Корсика 100×40×200 белый, золото классика, состаренный","Тип товара: Шкаф-витрина; Наименование: Корсика; Габариты: 100×40×200; Цвет: белый, золото; Особенности: классика, состаренный"
256,256,s1_257,,Мебель,28700,"Зеркало-трюмо Аделаида 80×40×170 бук бавария с тумбой, с тумбой и ящиками","Тип товара: Зеркало-трюмо; Наименование: Аделаида; Габариты: 80×40×170; Цвет: бук бавария; Особенности: с тумбой, с тумбой и ящиками"
257,257,s1_258,,Мебель,19800,"Кровать-домик Сказка 80×190 белый массив с крышей, массив сосны","Тип товара: Кровать-домик; Наименование: Сказка; Габариты: 80×190; Цвет: белый; Материал: массив; Особенности: с крышей, массив сосны"
258,258,s1_259,,Мебель,36700,"Кровать с тумбами в изголовье Премьер 160×200 белый, дуб артизан ЛДСП матовый","Тип товара: Кровать с тумбами в изголовье; Наименование: Премьер; Габариты: 160×200; Цвет: белый, дуб артизан; Материал: ЛДСП; Особенности: матовый"
259,259,s1_260,,Мебель,6800,"Картина Виктория, Анфилада 70×100 классика","Тип товара: Картина; Наименование: Виктория, Анфилада; Габариты: 70×100; Особенности: классика"
260,260,s1_261,,Мебель,4900,"Покрывало Адриатика 200×220 морская волна жаккард, хлопок, тик","Тип товара: Покрывало; Наименование: Адриатика; Габариты: 200×220; Цвет: морская волна; Материал: жаккард, хлопок, тик"
261,261,s1_262,,Мебель,1900,Корзина плетёная декоративная Флоренция 35×35×40 бежевый ротанг,Тип товара: Корзина плетёная декоративная; Наименование: Флоренция; Габариты: 35×35×40; Цвет: бежевый; Материал: ротанг
262,262,s1_263,,Мебель,19800,"Тумба под ТВ Меридиан 160×40×45 латунь, орех шпон ореха, латунь","Тип товара: Тумба под ТВ; Наименование: Меридиан; Габариты: 160×40×45; Цвет: латунь, орех; Материал: шпон ореха, латунь"
263,263,s1_264,,Мебель,31900,"Кресло Орлеан горчичный велюр, ткань ручной","Тип товара: Кресло; Наименование: Орлеан; Цвет: горчичный; Материал: велюр, ткань; Особенности: ручной"
264,264,s1_265,,Мебель,19800,Тумба под умывальник Лагуна 90×45×55 со столешницей искусственный камень,Тип товара: Тумба под умывальник; Наименование: Лагуна; Габариты: 90×45×55; Особенности: со столешницей искусственный камень
265,265,s1_266,,Мебель,9400,"ТВ-тумба Дакота 160×40×45 чёрный, дуб сонома","Тип товара: ТВ-тумба; Наименование: Дакота; Габариты: 160×40×45; Цвет: чёрный, дуб сонома"
266,266,s1_267,,Мебель,34700,"Кресло подвесное Тропик бежевый, натуральный натуральный ротанг подвесное, swing chair с подушкой","Тип товара: Кресло подвесное; Наименование: Тропик; Цвет: бежевый, натуральный; Материал: натуральный ротанг; Особенности: подвесное, swing chair с подушкой"
267,267,s1_268,,Мебель,52800,"Шкаф-витрина Аметист 120×40×210 золото, орех с подсветкой, с патиной","Тип товара: Шкаф-витрина; Наименование: Аметист; Габариты: 120×40×210; Цвет: золото, орех; Особенности: с подсветкой, с патиной"
268,268,s1_269,,Мебель,22400,"Зеркало-трюмо Орхидея 75×40×155 белый с пуфом, глянец","Тип товара: Зеркало-трюмо; Наименование: Орхидея; Габариты: 75×40×155; Цвет: белый; Особенности: с пуфом, глянец"
269,269,s1_270,,Мебель,46700,Стенка-горка Меган 300 см ясень шимо,Тип товара: Стенка-горка; Наименование: Меган; Габариты: 300 см; Цвет: ясень шимо
270,270,s1_271,,Мебель,14200,"Кресло гостиничное Стандарт серый рогожка, массив ножки массив, для номера","Тип товара: Кресло гостиничное; Наименование: Стандарт; Цвет: серый; Материал: рогожка, массив; Особенности: ножки массив, для номера"
271,271,s1_272,,Мебель,31900,"Стол обеденный Равенна D120 белый МДФ раздвижной, круглый, матовый, круглый раздвижной","Тип товара: Стол обеденный; Наименование: Равенна; Габариты: D120; Цвет: белый; Материал: МДФ; Особенности: раздвижной, круглый, матовый, круглый раздвижной"
272,272,s1_273,,Мебель,4500,Светильник настольный Эссен 35 см белый керамика,Тип товара: Светильник настольный; Наименование: Эссен; Габариты: 35 см; Цвет: белый; Материал: керамика
273,273,s1_274,,Мебель,8400,"Стул Льеж пыльно-розовый велюр ножки бук, обеденный с мягким сиденьем","Тип товара: Стул; Наименование: Льеж; Цвет: пыльно-розовый; Материал: велюр; Особенности: ножки бук, обеденный с мягким сиденьем"
274,274,s1_275,,Мебель,3700,Картина в раме 50×70 Подсолнухи 50×70 золото дерево картина в раме,Тип товара: Картина в раме 50×70; Наименование: Подсолнухи; Габариты: 50×70; Цвет: золото; Материал: дерево; Особенности: картина в раме
275,275,s1_276,,Мебель,2400,Декоративная ваза керамика 35 см 35 см розовый керамика нежно- с золотым ободком,Тип товара: Декоративная ваза керамика 35 см; Габариты: 35 см; Цвет: розовый; Материал: керамика; Особенности: нежно- с золотым ободком
276,276,s1_277,,Мебель,4200,Шкатулка декоративная Палаццо 30×20×15 венге дерево с гравировкой,Тип товара: Шкатулка декоративная; Наименование: Палаццо; Габариты: 30×20×15; Цвет: венге; Материал: дерево; Особенности: с гравировкой
277,277,s1_278,,Мебель,47900,Двуспальная кровать Эра 180×200 капучино кожзам каретная стяжка,Тип товара: Двуспальная кровать; Наименование: Эра; Габариты: 180×200; Цвет: капучино; Материал: кожзам; Особенности: каретная стяжка
278,278,s1_279,,Мебель,1800,Прикроватный коврик Малыш 80×140 детский с принтом облака,Тип товара: Прикроватный коврик; Наименование: Малыш; Габариты: 80×140; Особенности: детский с принтом облака
279,279,s1_280,,Мебель,7800,"Шкаф пенал для ванной Адриатика 35×30×170 белый тик для ванной, глянец","Тип товара: Шкаф пенал для ванной; Наименование: Адриатика; Габариты: 35×30×170; Цвет: белый; Материал: тик; Особенности: для ванной, глянец"
280,280,s1_281,,Мебель,13700,Кухонный модуль нижний угловой Бергамо 90×90 белый угловой,Тип товара: Кухонный модуль нижний угловой; Наименование: Бергамо; Габариты: 90×90; Цвет: белый; Особенности: угловой
281,281,s1_282,,Мебель,19800,Угловой шкаф в прихожую Атриум 90×90×220 ясень светлый угловой,Тип товара: Угловой шкаф в прихожую; Наименование: Атриум; Габариты: 90×90×220; Цвет: ясень светлый; Особенности: угловой
282,282,s1_283,,Мебель,6400,Дорожка ковровая 80×300 бежевый шерсть,Тип товара: Дорожка ковровая; Габариты: 80×300; Цвет: бежевый; Материал: шерсть
283,283,s1_284,,Мебель,2700,Пуф-куб Лофт 45×45 графит рогожка лофт,Тип товара: Пуф-куб; Наименование: Лофт; Габариты: 45×45; Цвет: графит; Материал: рогожка; Особенности: лофт
284,284,s1_285,,Мебель,22800,"Прихожая угловая Уют 100×100×210 белый, дуб сонома угловая, с обувницей","Тип товара: Прихожая угловая; Наименование: Уют; Габариты: 100×100×210; Цвет: белый, дуб сонома; Особенности: угловая, с обувницей"
285,285,s1_286,,Мебель,2200,"Гирлянда-штора Метелица 3×2 белый 300 ламп, LED, LED м","Тип товара: Гирлянда-штора; Наименование: Метелица; Габариты: 3×2; Цвет: белый; Особенности: 300 ламп, LED, LED м"
286,286,s1_287,,Мебель,48700,"Кухонный модуль Премиум-Бергамо 90×60×90 белый матовый, с интегрированной посудомойкой","Тип товара: Кухонный модуль; Наименование: Премиум-Бергамо; Габариты: 90×60×90; Цвет: белый; Особенности: матовый, с интегрированной посудомойкой"
287,287,s1_288,,Мебель,7800,"Винная стойка Флоренция чёрный металл, дерево напольная, напольная на 24 бутылки","Тип товара: Винная стойка; Наименование: Флоренция; Цвет: чёрный; Материал: металл, дерево; Особенности: напольная, напольная на 24 бутылки"
288,288,s1_289,,Мебель,18700,"Кресло-папасан Бали D110 зелёный, натуральный велюр, лён, натуральный ротанг","Тип товара: Кресло-папасан; Наименование: Бали; Габариты: D110; Цвет: зелёный, натуральный; Материал: велюр, лён, натуральный ротанг"
289,289,s1_290,,Мебель,7900,"Шторы льняные Тоскана 2×145×270 бежевый, натуральный лён","Тип товара: Шторы льняные; Наименование: Тоскана; Габариты: 2×145×270; Цвет: бежевый, натуральный; Материал: лён"
290,290,s1_291,,Мебель,8400,Стол письменный 140×60 дуб сонома ЛДСП,Тип товара: Стол письменный; Габариты: 140×60; Цвет: дуб сонома; Материал: ЛДСП
291,291,s1_292,,Мебель,7800,"Обувница Альпы 90×30×90 белый матовый, 3 откидных секции","Тип товара: Обувница; Наименование: Альпы; Габариты: 90×30×90; Цвет: белый; Особенности: матовый, 3 откидных секции"
292,292,s1_293,,Мебель,3400,Плед Натура 130×170 молочный хлопок,Тип товара: Плед; Наименование: Натура; Габариты: 130×170; Цвет: молочный; Материал: хлопок
293,293,s1_294,,Мебель,6700,Стеллаж угловой Самара дуб сонома ЛДСП угловой,Тип товара: Стеллаж угловой; Наименование: Самара; Цвет: дуб сонома; Материал: ЛДСП; Особенности: угловой
294,294,s1_295,,Мебель,28600,Диван-софа Аделина изумрудный велюр 2-местная,Тип товара: Диван-софа; Наименование: Аделина; Цвет: изумрудный; Материал: велюр; Особенности: 2-местная
295,295,s1_296,,Мебель,36800,Кровать Бергамо 160×200 пыльно-розовый велюр с подъёмным механизмом,Тип товара: Кровать; Наименование: Бергамо; Габариты: 160×200; Цвет: пыльно-розовый; Материал: велюр; Особенности: с подъёмным механизмом
296,296,s1_297,,Мебель,128700,"Диван секционный Бруклин 380×190 горчичный велюр 7 мест, п-образный","Тип товара: Диван секционный; Наименование: Бруклин; Габариты: 380×190; Цвет: горчичный; Материал: велюр; Особенности: 7 мест, п-образный"
297,297,s1_298,,Мебель,9800,Журнальный стол Лофт 100×60 дуб металл лофт,Тип товара: Журнальный стол; Наименование: Лофт; Габариты: 100×60; Цвет: дуб; Материал: металл; Особенности: лофт
298,298,s1_299,,Мебель,4700,Ковёр-циновка из джута 160×230 натуральный джут,Тип товара: Ковёр-циновка из джута; Габариты: 160×230; Цвет: натуральный; Материал: джут
299,299,s1_300,,Мебель,5400,Покрывало 200×220 оливковый жаккард,Тип товара: Покрывало; Габариты: 200×220; Цвет: оливковый; Материал: жаккард
300,300,s1_301,,Мебель,58900,"Кровать с тумбами в изголовье Версаль 180×200 орех классика, патина, классика патина","Тип товара: Кровать с тумбами в изголовье; Наименование: Версаль; Габариты: 180×200; Цвет: орех; Особенности: классика, патина, классика патина"
301,301,s1_302,,Мебель,3400,"Бра Камелия розовый, латунь ткань, латунь матовая, с тканевым абажуром","Тип товара: Бра; Наименование: Камелия; Цвет: розовый, латунь; Материал: ткань, латунь; Особенности: матовая, с тканевым абажуром"
302,302,s1_303,,Мебель,5400,"Стул барный Лион массив бука круглое, массив бука, сиденье круглое","Тип товара: Стул барный; Наименование: Лион; Материал: массив бука; Особенности: круглое, массив бука, сиденье круглое"
303,303,s1_304,,Мебель,32700,Зеркало art-объект Геометрия 80×100 латунь латунь из шестиугольных модулей,Тип товара: Зеркало art-объект; Наименование: Геометрия; Габариты: 80×100; Цвет: латунь; Материал: латунь; Особенности: из шестиугольных модулей
304,304,s1_305,,Мебель,38400,"Кровать с антресолью Гранд 90×200 синий, дуб артизан с лестницей, с лестницей-комодом","Тип товара: Кровать с антресолью; Наименование: Гранд; Габариты: 90×200; Цвет: синий, дуб артизан; Особенности: с лестницей, с лестницей-комодом"
305,305,s1_306,,Мебель,42900,"Кровать с тумбами в изголовье Стокгольм 160×200 дуб артизан скандинавский, скандинавский стиль","Тип товара: Кровать с тумбами в изголовье; Наименование: Стокгольм; Габариты: 160×200; Цвет: дуб артизан; Особенности: скандинавский, скандинавский стиль"
306,306,s1_307,,Мебель,1800,"Лампа настольная с диммером и USB чёрный тик, пластик USB, диммер","Тип товара: Лампа настольная с диммером и USB; Цвет: чёрный; Материал: тик, пластик; Особенности: USB, диммер"
307,307,s1_308,,Мебель,4200,"Картина на холсте Барселона, Готический квартал 60×80 дерево","Тип товара: Картина на холсте; Наименование: Барселона, Готический квартал; Габариты: 60×80; Материал: дерево"
308,308,s1_309,,Мебель,3200,Пуф Кокон D40 горчичный велюр круглый,Тип товара: Пуф; Наименование: Кокон; Габариты: D40; Цвет: горчичный; Материал: велюр; Особенности: круглый
309,309,s1_310,,Мебель,3700,"Складной стол Терраса 70×50 белый металл, HPL складной, для балкона","Тип товара: Складной стол; Наименование: Терраса; Габариты: 70×50; Цвет: белый; Материал: металл, HPL; Особенности: складной, для балкона"
310,310,s1_311,,Мебель,9800,Зеркало напольное Прага 50×170 венге дерево напольное,Тип товара: Зеркало напольное; Наименование: Прага; Габариты: 50×170; Цвет: венге; Материал: дерево; Особенности: напольное
311,311,s1_312,,Мебель,17800,"Журнальный столик круглый D70 латунь, натуральный мрамор, латунь круглый","Тип товара: Журнальный столик круглый; Габариты: D70; Цвет: латунь, натуральный; Материал: мрамор, латунь; Особенности: круглый"
312,312,s1_313,,Мебель,87900,"Шкаф купе Премиум 250×65×240 чёрный, орех с зеркалом, глянец, с зеркалом и подсветкой","Тип товара: Шкаф купе; Наименование: Премиум; Габариты: 250×65×240; Цвет: чёрный, орех; Особенности: с зеркалом, глянец, с зеркалом и подсветкой"
313,313,s1_314,,Мебель,2300,"Бра LED с сенсором движения белый LED, сенсор, для прихожей","Тип товара: Бра LED с сенсором движения; Цвет: белый; Особенности: LED, сенсор, для прихожей"
314,314,s1_315,,Мебель,41500,Кровать Аврора 180×200 пудровый велюр капитоне,Тип товара: Кровать; Наименование: Аврора; Габариты: 180×200; Цвет: пудровый; Материал: велюр; Особенности: капитоне
315,315,s1_316,,Мебель,42500,Кресло ушастое Эдинбург дуб с банкеткой,Тип товара: Кресло ушастое; Наименование: Эдинбург; Цвет: дуб; Особенности: с банкеткой
316,316,s1_317,,Мебель,14800,"Кровать гостиничная Стандарт 90×200 кремовый экокожа гостиничная, двойная для номера","Тип товара: Кровать гостиничная; Наименование: Стандарт; Габариты: 90×200; Цвет: кремовый; Материал: экокожа; Особенности: гостиничная, двойная для номера"
317,317,s1_318,,Мебель,58700,"Шкаф-горка Орхидея 300 см золото, бук бавария с подсветкой, состаренное","Тип товара: Шкаф-горка; Наименование: Орхидея; Габариты: 300 см; Цвет: золото, бук бавария; Особенности: с подсветкой, состаренное"
318,318,s1_319,,Мебель,7900,Стеллаж открытый Берлин белый,Тип товара: Стеллаж открытый; Наименование: Берлин; Цвет: белый
319,319,s1_320,,Мебель,3200,"Зеркало настенное Минск D50 графит металл настенное, круглое","Тип товара: Зеркало настенное; Наименование: Минск; Габариты: D50; Цвет: графит; Материал: металл; Особенности: настенное, круглое"
320,320,s1_321,,Мебель,6700,"Тумба прикроватная Стокгольм 45×40×50 дуб артизан скандинавский, на ножках","Тип товара: Тумба прикроватная; Наименование: Стокгольм; Габариты: 45×40×50; Цвет: дуб артизан; Особенности: скандинавский, на ножках"
321,321,s1_322,,Мебель,14700,"Ковёр вискозный Модерн 160×230 графит, бежевый","Тип товара: Ковёр вискозный; Наименование: Модерн; Габариты: 160×230; Цвет: графит, бежевый"
322,322,s1_323,,Мебель,43500,Книжный шкаф Библиотека 200×35×220 венге 4-секционный,Тип товара: Книжный шкаф; Наименование: Библиотека; Габариты: 200×35×220; Цвет: венге; Особенности: 4-секционный
323,323,s1_324,,Мебель,6800,"Полубарный стул Италия 65 см оливковый, латунь велюр, латунь","Тип товара: Полубарный стул; Наименование: Италия; Габариты: 65 см; Цвет: оливковый, латунь; Материал: велюр, латунь"
324,324,s1_325,,Мебель,5400,"Обувница Норвегия 80×22×85 дуб артизан 2 секции, откидная","Тип товара: Обувница; Наименование: Норвегия; Габариты: 80×22×85; Цвет: дуб артизан; Особенности: 2 секции, откидная"
325,325,s1_326,,Мебель,1900,"Стул складной кухонный металл/дерево металл, дерево складной, серия Лайт","Тип товара: Стул складной кухонный металл/дерево; Материал: металл, дерево; Особенности: складной, серия Лайт"
326,326,s1_327,,Мебель,6400,Покрывало Орхидея 200×220 розовый жаккард цветочный узор,Тип товара: Покрывало; Наименование: Орхидея; Габариты: 200×220; Цвет: розовый; Материал: жаккард; Особенности: цветочный узор
327,327,s1_328,,Мебель,17800,Кресло-качалка Прага бежевый ротанг из ротанга,Тип товара: Кресло-качалка; Наименование: Прага; Цвет: бежевый; Материал: ротанг; Особенности: из ротанга
328,328,s1_329,,Мебель,7900,Вешалка-стойка Дания 45×45×175 натуральный массив из массива бука,Тип товара: Вешалка-стойка; Наименование: Дания; Габариты: 45×45×175; Цвет: натуральный; Материал: массив; Особенности: из массива бука
329,329,s1_330,,Мебель,24700,"Кровать-машинка Авангард 80×170 синий LED, LED-подсветка","Тип товара: Кровать-машинка; Наименование: Авангард; Габариты: 80×170; Цвет: синий; Особенности: LED, LED-подсветка"
330,330,s1_331,,Мебель,2400,Подставка под цветок напольная 80 см искусственный ротанг напольная,Тип товара: Подставка под цветок напольная; Габариты: 80 см; Материал: искусственный ротанг; Особенности: напольная
331,331,s1_332,,Мебель,22400,"Журнальный столик из массива Натура D80 натуральный массив круглый, скандинавский","Тип товара: Журнальный столик из массива; Наименование: Натура; Габариты: D80; Цвет: натуральный; Материал: массив; Особенности: круглый, скандинавский"
332,332,s1_333,,Мебель,4700,Плед шерстяной Венеция 200×220,Тип товара: Плед шерстяной; Наименование: Венеция; Габариты: 200×220
333,333,s1_334,,Мебель,33800,"Шкаф Орхидея 150×55×210 белый 3-створчатый, зеркальные вставки, патина","Тип товара: Шкаф; Наименование: Орхидея; Габариты: 150×55×210; Цвет: белый; Особенности: 3-створчатый, зеркальные вставки, патина"
334,334,s1_335,,Мебель,13900,"Учебный стол Гранд 140×70 графит, дуб артизан ЛДСП","Тип товара: Учебный стол; Наименование: Гранд; Габариты: 140×70; Цвет: графит, дуб артизан; Материал: ЛДСП"
335,335,s1_336,,Мебель,24800,"Зеркало-трюмо Виктория 80×40×150 белый, золото с табуретом","Тип товара: Зеркало-трюмо; Наименование: Виктория; Габариты: 80×40×150; Цвет: белый, золото; Особенности: с табуретом"
336,336,s1_337,,Мебель,4800,"Подсвечник декоративный Готика 50 см чёрный тик 5 свечей, на 5 свечей","Тип товара: Подсвечник декоративный; Наименование: Готика; Габариты: 50 см; Цвет: чёрный; Материал: тик; Особенности: 5 свечей, на 5 свечей"
337,337,s1_338,,Мебель,6300,Барный стул Кокон пудровый велюр поворотный,Тип товара: Барный стул; Наименование: Кокон; Цвет: пудровый; Материал: велюр; Особенности: поворотный
338,338,s1_339,,Мебель,58400,"Диван-кровать трансформер Берн 220×100 серый рогожка, тик с механизмом -так","Тип товара: Диван-кровать трансформер; Наименование: Берн; Габариты: 220×100; Цвет: серый; Материал: рогожка, тик; Особенности: с механизмом -так"
339,339,s1_340,,Мебель,14800,"Тумба под раковину Адриатика 80×45 белый тик подвесная, глянец","Тип товара: Тумба под раковину; Наименование: Адриатика; Габариты: 80×45; Цвет: белый; Материал: тик; Особенности: подвесная, глянец"
340,340,s1_341,,Мебель,58700,"Кухонный гарнитур прямой Палермо белый, серый, кашемир ЛДСП прямой","Тип товара: Кухонный гарнитур прямой; Наименование: Палермо; Цвет: белый, серый, кашемир; Материал: ЛДСП; Особенности: прямой"
341,341,s1_342,,Мебель,1800,Декоративная подушка Аметист 45×45 бордо бархат бордо с золотыми кистями,Тип товара: Декоративная подушка; Наименование: Аметист; Габариты: 45×45; Цвет: бордо; Материал: бархат; Особенности: бордо с золотыми кистями
342,342,s1_343,,Мебель,32400,"Кухоный гарнитур прямой 1.6 м белый ЛДСП прямой, эконом, матовый","Тип товара: Кухоный гарнитур прямой 1.6 м; Цвет: белый; Материал: ЛДСП; Особенности: прямой, эконом, матовый"
343,343,s1_344,,Мебель,19400,"Ковёр Прага 200×300 хлопок, шерсть","Тип товара: Ковёр; Наименование: Прага; Габариты: 200×300; Материал: хлопок, шерсть"
344,344,s1_345,,Мебель,16800,"Учебная парта Эверест 120×60 синий, дуб подростковая с регулировкой наклона","Тип товара: Учебная парта; Наименование: Эверест; Габариты: 120×60; Цвет: синий, дуб; Особенности: подростковая с регулировкой наклона"
345,345,s1_346,,Мебель,19800,Пенал кухонный Бергамо 60×60×210 белый матовый,Тип товара: Пенал кухонный; Наименование: Бергамо; Габариты: 60×60×210; Цвет: белый; Особенности: матовый
346,346,s1_347,,Мебель,42800,Кровать с антресолью Эверест 90×200 графит,Тип товара: Кровать с антресолью; Наименование: Эверест; Габариты: 90×200; Цвет: графит
347,347,s1_348,,Мебель,10400,"Тумба Версаль 50×40×55 орех патина, прикроватная с резьбой","Тип товара: Тумба; Наименование: Версаль; Габариты: 50×40×55; Цвет: орех; Особенности: патина, прикроватная с резьбой"
348,348,s1_349,,Мебель,6700,"Зеркало декоративное Прованс 50×70 белый патина, с резной рамой","Тип товара: Зеркало декоративное; Наименование: Прованс; Габариты: 50×70; Цвет: белый; Особенности: патина, с резной рамой"
349,349,s1_350,,Мебель,14700,"Зеркало напольное Камелия 50×170 белый, розовый, пудровый с подсветкой, напольное, в раме с подсветкой","Тип товара: Зеркало напольное; Наименование: Камелия; Габариты: 50×170; Цвет: белый, розовый, пудровый; Особенности: с подсветкой, напольное, в раме с подсветкой"
350,350,s1_351,,Мебель,2700,Поделочный ящик Эра 35×25×18 орех дерево с резьбой,Тип товара: Поделочный ящик; Наименование: Эра; Габариты: 35×25×18; Цвет: орех; Материал: дерево; Особенности: с резьбой
351,351,s1_352,,Мебель,2200,Свечи ароматические Тоскана набор 3 шт,Тип товара: Свечи ароматические; Наименование: Тоскана; Особенности: набор 3 шт
352,352,s1_353,,Мебель,28400,Тумба под умывальник Бергамо 100×45×55 дуб артизан двойная с двумя раковинами,Тип товара: Тумба под умывальник; Наименование: Бергамо; Габариты: 100×45×55; Цвет: дуб артизан; Особенности: двойная с двумя раковинами
353,353,s1_354,,Мебель,46700,"Кресло клубное Нью-Йорк Club коричневый экокожа классика, с подлокотниками","Тип товара: Кресло клубное; Наименование: Нью-Йорк Club; Цвет: коричневый; Материал: экокожа; Особенности: классика, с подлокотниками"
354,354,s1_355,,Мебель,22800,Тумба под ТВ из массива Натура 150 см орех массив,Тип товара: Тумба под ТВ из массива; Наименование: Натура; Габариты: 150 см; Цвет: орех; Материал: массив
355,355,s1_356,,Мебель,19400,Стол письменный из массива сосны Натура 120×65 массив,Тип товара: Стол письменный из массива сосны; Наименование: Натура; Габариты: 120×65; Материал: массив
356,356,s1_357,,Мебель,26900,"ТВ-стенка модульная Берлин 280 см венге, дуб сонома","Тип товара: ТВ-стенка модульная; Наименование: Берлин; Габариты: 280 см; Цвет: венге, дуб сонома"
357,357,s1_358,,Мебель,1300,Подушка Лофт 40×60 коричневый кожзам лофт,Тип товара: Подушка; Наименование: Лофт; Габариты: 40×60; Цвет: коричневый; Материал: кожзам; Особенности: лофт
358,358,s1_359,,Мебель,38400,"Прихожая модульная Берлин 240×40×210 дуб сонома, венге со шкафом и зеркалом","Тип товара: Прихожая модульная; Наименование: Берлин; Габариты: 240×40×210; Цвет: дуб сонома, венге; Особенности: со шкафом и зеркалом"
359,359,s1_360,,Мебель,43700,"Диван-канапе Камелия пудровый, золото велюр 2-местный, ножки гнутые","Тип товара: Диван-канапе; Наименование: Камелия; Цвет: пудровый, золото; Материал: велюр; Особенности: 2-местный, ножки гнутые"
360,360,s1_361,,Мебель,17900,Кресло гостевое Глория рогожка с высокой спинкой,Тип товара: Кресло гостевое; Наименование: Глория; Материал: рогожка; Особенности: с высокой спинкой
361,361,s1_362,,Мебель,2400,"Полка декоративная Тоскана 60×20 дуб артизан с крючками, настенная","Тип товара: Полка декоративная; Наименование: Тоскана; Габариты: 60×20; Цвет: дуб артизан; Особенности: с крючками, настенная"
362,362,s1_363,,Мебель,19700,"Прихожая Прага 120×30×210 белый, венге","Тип товара: Прихожая; Наименование: Прага; Габариты: 120×30×210; Цвет: белый, венге"
363,363,s1_364,,Мебель,7400,"Кресло компьюторное Минск серый эконом, газлифт класс 3","Тип товара: Кресло компьюторное; Наименование: Минск; Цвет: серый; Особенности: эконом, газлифт класс 3"
364,364,s1_365,,Мебель,1900,Кухонный фартук панель ПВХ 60×244 мрамор,Тип товара: Кухонный фартук панель ПВХ; Габариты: 60×244; Материал: мрамор
365,365,s1_366,,Мебель,13800,Шкаф для прихожей Дания 60×35×205 ясень шимо для прихожей,Тип товара: Шкаф для прихожей; Наименование: Дания; Габариты: 60×35×205; Цвет: ясень шимо; Особенности: для прихожей
366,366,s1_367,,Мебель,5900,"Тумба прикроватная Полярная 50×35×35 белый подвесная, матовый","Тип товара: Тумба прикроватная; Наименование: Полярная; Габариты: 50×35×35; Цвет: белый; Особенности: подвесная, матовый"
367,367,s1_368,,Мебель,3800,Шкатулка декоративная Тиффани 28×18×12 дерево с витражной вставкой,Тип товара: Шкатулка декоративная; Наименование: Тиффани; Габариты: 28×18×12; Материал: дерево; Особенности: с витражной вставкой
368,368,s1_369,,Мебель,4700,"Картина декоративная Флоренция 60×80 абстракция, холст с фактурой","Тип товара: Картина декоративная; Наименование: Флоренция; Габариты: 60×80; Особенности: абстракция, холст с фактурой"
369,369,s1_370,,Мебель,16800,Туалетный столик с зеркалом Прага 80×40×140 белый с зеркалом,Тип товара: Туалетный столик с зеркалом; Наименование: Прага; Габариты: 80×40×140; Цвет: белый; Особенности: с зеркалом
370,370,s1_371,,Мебель,38900,"Шкаф-витрина Тиффани 80×40×195 белый патина, с гравировкой стекла","Тип товара: Шкаф-витрина; Наименование: Тиффани; Габариты: 80×40×195; Цвет: белый; Особенности: патина, с гравировкой стекла"
371,371,s1_372,,Мебель,31900,"Шкаф 3-дверный Самара 150×55×210 ясень шимо 3-дверный, с зеркалом","Тип товара: Шкаф 3-дверный; Наименование: Самара; Габариты: 150×55×210; Цвет: ясень шимо; Особенности: 3-дверный, с зеркалом"
372,372,s1_373,,Мебель,24700,Кресло Мадрид капучино металл поворотное,Тип товара: Кресло; Наименование: Мадрид; Цвет: капучино; Материал: металл; Особенности: поворотное
373,373,s1_374,,Мебель,87900,Кровать водяная Адриатик 180×200 тик с термостатом,Тип товара: Кровать водяная; Наименование: Адриатик; Габариты: 180×200; Материал: тик; Особенности: с термостатом
374,374,s1_375,,Мебель,7800,Тумба офисная подкатная 40×50×60 серый ЛДСП 3 ящика,Тип товара: Тумба офисная подкатная; Габариты: 40×50×60; Цвет: серый; Материал: ЛДСП; Особенности: 3 ящика
375,375,s1_376,,Мебель,9700,"Стол офисный 160×80 серый, кашемир ЛДСП","Тип товара: Стол офисный; Габариты: 160×80; Цвет: серый, кашемир; Материал: ЛДСП"
376,376,s1_377,,Мебель,5700,"Стул Прага серый велюр, массив классика, ножки массив, с мягким сиденьем","Тип товара: Стул; Наименование: Прага; Цвет: серый; Материал: велюр, массив; Особенности: классика, ножки массив, с мягким сиденьем"
377,377,s1_378,,Мебель,39700,"Кровать-чердак Олимп 90×200 белый, розовый с диваном и столом","Тип товара: Кровать-чердак; Наименование: Олимп; Габариты: 90×200; Цвет: белый, розовый; Особенности: с диваном и столом"
378,378,s1_379,,Мебель,28400,Кровать-бокс Соната 90×200 пыльно-розовый рогожка с подъёмным механизмом,Тип товара: Кровать-бокс; Наименование: Соната; Габариты: 90×200; Цвет: пыльно-розовый; Материал: рогожка; Особенности: с подъёмным механизмом
379,379,s1_380,,Мебель,9800,Ковёр акриловый 200×290 серый акрил,Тип товара: Ковёр акриловый; Габариты: 200×290; Цвет: серый; Материал: акрил
380,380,s1_381,,Мебель,8900,Комод с 4 ящиками 80×40×90 белый ЛДСП 4 ящиками,Тип товара: Комод с 4 ящиками; Габариты: 80×40×90; Цвет: белый; Материал: ЛДСП; Особенности: 4 ящиками
381,381,s1_382,,Мебель,22400,"Стеллаж многоуровневый Геометрия 200×40×220 белый, чёрный из сот-ячеек","Тип товара: Стеллаж многоуровневый; Наименование: Геометрия; Габариты: 200×40×220; Цвет: белый, чёрный; Особенности: из сот-ячеек"
382,382,s1_383,,Мебель,9800,Шкаф узкий в прихожую 60×35×210 ясень шимо,Тип товара: Шкаф узкий в прихожую; Габариты: 60×35×210; Цвет: ясень шимо
383,383,s1_384,,Мебель,4900,"Декоративное панно Флоренция 60×80 белый гипс 3D, абстракция","Тип товара: Декоративное панно; Наименование: Флоренция; Габариты: 60×80; Цвет: белый; Материал: гипс; Особенности: 3D, абстракция"
384,384,s1_385,,Мебель,42900,"Кровать Меридиан 180×200 голубой велюр на ножках, капитоне","Тип товара: Кровать; Наименование: Меридиан; Габариты: 180×200; Цвет: голубой; Материал: велюр; Особенности: на ножках, капитоне"
385,385,s1_386,,Мебель,27500,"Кровать Орхидея 160×200 белый ЛДСП с подъёмным механизмом, двуспальная с подъёмным механизмом","Тип товара: Кровать; Наименование: Орхидея; Габариты: 160×200; Цвет: белый; Материал: ЛДСП; Особенности: с подъёмным механизмом, двуспальная с подъёмным механизмом"
386,386,s1_387,,Мебель,18400,"Мини-бар гостиничный 60×50×85 дуб артизан с холодильной нишей, для номера","Тип товара: Мини-бар гостиничный; Габариты: 60×50×85; Цвет: дуб артизан; Особенности: с холодильной нишей, для номера"
387,387,s1_388,,Мебель,47200,Диван-трансформер Модерн серый тик с механизмом -так,Тип товара: Диван-трансформер; Наименование: Модерн; Цвет: серый; Материал: тик; Особенности: с механизмом -так
388,388,s1_389,,Мебель,8400,"Кресло Льеж серый ткань эконом, офисное эконом-класса, газлифт класс 2","Тип товара: Кресло; Наименование: Льеж; Цвет: серый; Материал: ткань; Особенности: эконом, офисное эконом-класса, газлифт класс 2"
389,389,s1_390,,Мебель,4900,Картина Венеция 50×70 золото репродукция в багете,Тип товара: Картина; Наименование: Венеция; Габариты: 50×70; Цвет: золото; Особенности: репродукция в багете
390,390,s1_391,,Мебель,7900,Письменный стол Конструктор 110×55,Тип товара: Письменный стол; Наименование: Конструктор; Габариты: 110×55
391,391,s1_392,,Мебель,156400,Диван модульный Сохо чёрная с двумя реклайнерами,Тип товара: Диван модульный; Наименование: Сохо; Цвет: чёрная; Особенности: с двумя реклайнерами
392,392,s1_393,,Мебель,42500,Двуспальная кровать Стелла 180×200 белый экокожа,Тип товара: Двуспальная кровать; Наименование: Стелла; Габариты: 180×200; Цвет: белый; Материал: экокожа
393,393,s1_394,,Мебель,3700,Корзина для пледов Тоскана 45×45×55 джут,Тип товара: Корзина для пледов; Наименование: Тоскана; Габариты: 45×45×55; Материал: джут
394,394,s1_395,,Мебель,2400,"Шкатулка декоративная Орхидея 22×16×10 бархат с зеркалом, бархатная с зеркалом внутри","Тип товара: Шкатулка декоративная; Наименование: Орхидея; Габариты: 22×16×10; Материал: бархат; Особенности: с зеркалом, бархатная с зеркалом внутри"
395,395,s1_396,,Мебель,22400,"Шкаф Олимп 120×55×210 белый, бирюзовый 3-дверный","Тип товара: Шкаф; Наименование: Олимп; Габариты: 120×55×210; Цвет: белый, бирюзовый; Особенности: 3-дверный"
396,396,s1_397,,Мебель,39800,"Гарнитур кухонный прямой 1.8 м белый, венге прямой, базовая комплектация","Тип товара: Гарнитур кухонный прямой 1.8 м; Цвет: белый, венге; Особенности: прямой, базовая комплектация"
397,397,s1_398,,Мебель,15800,"Зеркало-шкаф Сиена 80×15×70 белый с подсветкой, матовый, с подсветкой и розеткой","Тип товара: Зеркало-шкаф; Наименование: Сиена; Габариты: 80×15×70; Цвет: белый; Особенности: с подсветкой, матовый, с подсветкой и розеткой"
398,398,s1_399,,Мебель,72800,"Кресло-реклайнер Меридиан чёрный кожа PU с массажем, с массажем спины","Тип товара: Кресло-реклайнер; Наименование: Меридиан; Цвет: чёрный; Материал: кожа PU; Особенности: с массажем, с массажем спины"
399,399,s1_400,,Мебель,7400,Скульптура декоративная Венера 50 см белый мрамор классика,Тип товара: Скульптура декоративная; Наименование: Венера; Габариты: 50 см; Цвет: белый; Материал: мрамор; Особенности: классика
400,400,s1_401,,Мебель,126400,"Кровать водяная Меридиан 200×200 графит экокожа, лён с термоуправлением, king-size с термоуправлением","Тип товара: Кровать водяная; Наименование: Меридиан; Габариты: 200×200; Цвет: графит; Материал: экокожа, лён; Особенности: с термоуправлением, king-size с термоуправлением"
401,401,s1_402,,Мебель,6300,"Зеркало в раме Лофт D70 чёрный металл круглое, лофт","Тип товара: Зеркало в раме; Наименование: Лофт; Габариты: D70; Цвет: чёрный; Материал: металл; Особенности: круглое, лофт"
402,402,s1_403,,Мебель,6900,Скамья-обувница Атриум коричневый экокожа с откидным сиденьем,Тип товара: Скамья-обувница; Наименование: Атриум; Цвет: коричневый; Материал: экокожа; Особенности: с откидным сиденьем
403,403,s1_404,,Мебель,19700,"Люстра Прага латунь латунь 6 ламп, классическая 6 ламп","Тип товара: Люстра; Наименование: Прага; Цвет: латунь; Материал: латунь; Особенности: 6 ламп, классическая 6 ламп"
404,404,s1_405,,Мебель,5400,"Стул барный Турин чёрная, хром экокожа с регулируемой высотой","Тип товара: Стул барный; Наименование: Турин; Цвет: чёрная, хром; Материал: экокожа; Особенности: с регулируемой высотой"
405,405,s1_406,,Мебель,12400,"Зеркало с подсветкой Венето D70 латунь латунь IP44, с подсветкой, круглое","Тип товара: Зеркало с подсветкой; Наименование: Венето; Габариты: D70; Цвет: латунь; Материал: латунь; Особенности: IP44, с подсветкой, круглое"
406,406,s1_407,,Мебель,4400,Прикраватная тумбочка Карина 45×40×55 белый с двумя ящиками,Тип товара: Прикраватная тумбочка; Наименование: Карина; Габариты: 45×40×55; Цвет: белый; Особенности: с двумя ящиками
407,407,s1_408,,Мебель,26900,"Шкаф угловой подростковый Феникс 90×90×210 белый, мятный с зеркалом, угловой","Тип товара: Шкаф угловой подростковый; Наименование: Феникс; Габариты: 90×90×210; Цвет: белый, мятный; Особенности: с зеркалом, угловой"
408,408,s1_409,,Мебель,1800,Кресло-мешок Малыш синий,Тип товара: Кресло-мешок; Наименование: Малыш; Цвет: синий
409,409,s1_410,,Мебель,3700,Подставка под цветок Флоренция 25×25×60 белый керамика с автополивом,Тип товара: Подставка под цветок; Наименование: Флоренция; Габариты: 25×25×60; Цвет: белый; Материал: керамика; Особенности: с автополивом
410,410,s1_411,,Мебель,2700,"Гирлянда сетка LED 2×2 белый 200 ламп, LED","Тип товара: Гирлянда сетка LED; Габариты: 2×2; Цвет: белый; Особенности: 200 ламп, LED"
411,411,s1_412,,Мебель,3900,Картина 70×50 Морошковое утро 70×50 натуральный,Тип товара: Картина 70×50; Наименование: Морошковое утро; Габариты: 70×50; Цвет: натуральный
412,412,s1_413,,Мебель,14700,"Барный шкаф Венеция 55×40×110 чёрный напольный, на колёсах, матовый","Тип товара: Барный шкаф; Наименование: Венеция; Габариты: 55×40×110; Цвет: чёрный; Особенности: напольный, на колёсах, матовый"
413,413,s1_414,,Мебель,19400,Кресло Глория серый велюр с подставкой для ног,Тип товара: Кресло; Наименование: Глория; Цвет: серый; Материал: велюр; Особенности: с подставкой для ног
414,414,s1_415,,Мебель,14200,Изголовье кровати мягкое Виктория 160×120 велюр,Тип товара: Изголовье кровати мягкое; Наименование: Виктория; Габариты: 160×120; Материал: велюр
415,415,s1_416,,Мебель,28700,"Прихожая Стокгольм 180×35×210 ясень светлый скандинавский, скандинавский стиль","Тип товара: Прихожая; Наименование: Стокгольм; Габариты: 180×35×210; Цвет: ясень светлый; Особенности: скандинавский, скандинавский стиль"
416,416,s1_417,,Мебель,1500,"Полка навесная белый матовый 60×20 белый с крючками, матовый","Тип товара: Полка навесная белый матовый; Габариты: 60×20; Цвет: белый; Особенности: с крючками, матовый"
417,417,s1_418,,Мебель,24700,"Кровать-машина Феррари 80×170 тик, пластик с подсветкой, детская с подсветкой","Тип товара: Кровать-машина; Наименование: Феррари; Габариты: 80×170; Материал: тик, пластик; Особенности: с подсветкой, детская с подсветкой"
418,418,s1_419,,Мебель,9800,Кровать односпальная Малыш 90×200 дуб сонома ЛДСП,Тип товара: Кровать односпальная; Наименование: Малыш; Габариты: 90×200; Цвет: дуб сонома; Материал: ЛДСП
419,419,s1_420,,Мебель,36700,Стенка-горка Феникс 280×40×195 графит,Тип товара: Стенка-горка; Наименование: Феникс; Габариты: 280×40×195; Цвет: графит
420,420,s1_421,,Мебель,4400,Покрывало вязаное Иней 150×200 молочный,Тип товара: Покрывало вязаное; Наименование: Иней; Габариты: 150×200; Цвет: молочный
421,421,s1_422,,Мебель,1700,Полка-сота настенная декоративная Кокон белый МДФ настенная,Тип товара: Полка-сота настенная декоративная; Наименование: Кокон; Цвет: белый; Материал: МДФ; Особенности: настенная
422,422,s1_423,,Мебель,4200,"Прикроватная тумбочка Берлин 45×40×50 белый 2 ящиками, с 2 ящиками","Тип товара: Прикроватная тумбочка; Наименование: Берлин; Габариты: 45×40×50; Цвет: белый; Особенности: 2 ящиками, с 2 ящиками"
423,423,s1_424,,Мебель,5400,Шторы готовые Прага 2×140×270 графит,Тип товара: Шторы готовые; Наименование: Прага; Габариты: 2×140×270; Цвет: графит
424,424,s1_425,,Мебель,26800,"Двухъярусная кровать Малыш 80×190 белый с лестницей, с лестницей-комодом","Тип товара: Двухъярусная кровать; Наименование: Малыш; Габариты: 80×190; Цвет: белый; Особенности: с лестницей, с лестницей-комодом"
425,425,s1_426,,Мебель,15700,"Парта-трансформер с книжной полкой синий, дуб артизан","Тип товара: Парта-трансформер с книжной полкой; Цвет: синий, дуб артизан"
426,426,s1_427,,Мебель,6700,"Бра Венеция латунь латунь классика, состаренная, 1-рожковое с хрусталём","Тип товара: Бра; Наименование: Венеция; Цвет: латунь; Материал: латунь; Особенности: классика, состаренная, 1-рожковое с хрусталём"
427,427,s1_428,,Мебель,38900,"Стол банкетный 240×80 белый раздвижной, глянец, лак глянец","Тип товара: Стол банкетный; Габариты: 240×80; Цвет: белый; Особенности: раздвижной, глянец, лак глянец"
428,428,s1_429,,Мебель,32900,Кресло-реклайнер Модерн коричневый экокожа с механическим механизмом,Тип товара: Кресло-реклайнер; Наименование: Модерн; Цвет: коричневый; Материал: экокожа; Особенности: с механическим механизмом
429,429,s1_430,,Мебель,1600,"Стул складной туристический Конструктор зелёный лён, ткань складной, туристический","Тип товара: Стул складной туристический; Наименование: Конструктор; Цвет: зелёный; Материал: лён, ткань; Особенности: складной, туристический"
430,430,s1_431,,Мебель,58400,"Диван оттоманка Версаль 200×90 бордо бархат классика, с правым углом","Тип товара: Диван оттоманка; Наименование: Версаль; Габариты: 200×90; Цвет: бордо; Материал: бархат; Особенности: классика, с правым углом"
431,431,s1_432,,Мебель,29900,"Кровать Стокгольм 140×200 оливковый велюр скандинавский, на ножках, скандинавский стиль","Тип товара: Кровать; Наименование: Стокгольм; Габариты: 140×200; Цвет: оливковый; Материал: велюр; Особенности: скандинавский, на ножках, скандинавский стиль"
432,432,s1_433,,Мебель,17800,"Шкаф угловой в прихожую Самара 80×80×210 ясень шимо, венге угловой","Тип товара: Шкаф угловой в прихожую; Наименование: Самара; Габариты: 80×80×210; Цвет: ясень шимо, венге; Особенности: угловой"
433,433,s1_434,,Мебель,3400,"Стул кухонный Лофт чёрный, дуб металл лофт, с дубовым сиденьем","Тип товара: Стул кухонный; Наименование: Лофт; Цвет: чёрный, дуб; Материал: металл; Особенности: лофт, с дубовым сиденьем"
434,434,s1_435,,Мебель,28900,Шкаф-купе 2-дверный Прага 120×60×220 см венге 2-дверный,Тип товара: Шкаф-купе 2-дверный; Наименование: Прага; Габариты: 120×60×220 см; Цвет: венге; Особенности: 2-дверный
435,435,s1_436,,Мебель,138900,"Диван Chesterfield Лондон 240×95 бордо классика, каретная стяжка","Тип товара: Диван Chesterfield; Наименование: Лондон; Габариты: 240×95; Цвет: бордо; Особенности: классика, каретная стяжка"
436,436,s1_437,,Мебель,5400,Стеллаж напольный 4-полочный 80×30×160 дуб сонома ЛДСП напольный,Тип товара: Стеллаж напольный 4-полочный; Габариты: 80×30×160; Цвет: дуб сонома; Материал: ЛДСП; Особенности: напольный
437,437,s1_438,,Мебель,132700,"Кровать водяная Адриатика 180×200 белый экокожа, лён, тик с интеллектуальным управлением","Тип товара: Кровать водяная; Наименование: Адриатика; Габариты: 180×200; Цвет: белый; Материал: экокожа, лён, тик; Особенности: с интеллектуальным управлением"
438,438,s1_439,,Мебель,7900,"Ковёр круглый D200 акрил Кокон D200 молочный акрил круглый, ковёр круглый молочный с длинным ворсом","Тип товара: Ковёр круглый D200 акрил; Наименование: Кокон; Габариты: D200; Цвет: молочный; Материал: акрил; Особенности: круглый, ковёр круглый молочный с длинным ворсом"
439,439,s1_440,,Мебель,67400,"Сервант комбинированный Аделина 220×45×100 классика, низкий с витриной","Тип товара: Сервант комбинированный; Наименование: Аделина; Габариты: 220×45×100; Особенности: классика, низкий с витриной"
440,440,s1_441,,Мебель,3900,"Бра Орлеан латунь ткань, латунь с тканевым абажуром","Тип товара: Бра; Наименование: Орлеан; Цвет: латунь; Материал: ткань, латунь; Особенности: с тканевым абажуром"
441,441,s1_442,,Мебель,5700,"Зеркало настенное Венеция 60×80 золото настенное, в раме","Тип товара: Зеркало настенное; Наименование: Венеция; Габариты: 60×80; Цвет: золото; Особенности: настенное, в раме"
442,442,s1_443,,Мебель,8700,Стеллаж угловой 4-уровневый Модерн 60×60×180 дуб артизан металл угловой,Тип товара: Стеллаж угловой 4-уровневый; Наименование: Модерн; Габариты: 60×60×180; Цвет: дуб артизан; Материал: металл; Особенности: угловой
443,443,s1_444,,Мебель,16800,"Кофейный столик Малибу D50 кофейный, латунь мрамор, латунь круглый","Тип товара: Кофейный столик; Наименование: Малибу; Габариты: D50; Цвет: кофейный, латунь; Материал: мрамор, латунь; Особенности: круглый"
444,444,s1_445,,Мебель,3200,Декоративная статуэтка лошадь 30 см золото керамика,Тип товара: Декоративная статуэтка лошадь; Габариты: 30 см; Цвет: золото; Материал: керамика
445,445,s1_446,,Мебель,2200,"Подставка для книг Венеция 30×20 чёрный мрамор, металл","Тип товара: Подставка для книг; Наименование: Венеция; Габариты: 30×20; Цвет: чёрный; Материал: мрамор, металл"
446,446,s1_447,,Мебель,2800,Кресло-мешок Облако 80×60 чёрная ткань M,Тип товара: Кресло-мешок; Наименование: Облако; Габариты: 80×60; Цвет: чёрная; Материал: ткань; Особенности: M
447,447,s1_448,,Мебель,8400,"Стеллаж-перегородка Аметист чёрный, дуб артизан металл","Тип товара: Стеллаж-перегородка; Наименование: Аметист; Цвет: чёрный, дуб артизан; Материал: металл"
448,448,s1_449,,Мебель,2400,"Поделочный ящик Скандинав 50×30×25 натуральный откидной, сосна натуральная, с откидной крышкой","Тип товара: Поделочный ящик; Наименование: Скандинав; Габариты: 50×30×25; Цвет: натуральный; Особенности: откидной, сосна натуральная, с откидной крышкой"
449,449,s1_450,,Мебель,5700,Кресло Турин розовый,Тип товара: Кресло; Наименование: Турин; Цвет: розовый
450,450,s1_451,,Мебель,1800,Фоторамка коллаж Семья 60×40 венге дерево на 7 фото,Тип товара: Фоторамка коллаж; Наименование: Семья; Габариты: 60×40; Цвет: венге; Материал: дерево; Особенности: на 7 фото
451,451,s1_452,,Мебель,13700,Картотека на 4 ящика Архив серый металл 4 ящика,Тип товара: Картотека на 4 ящика; Наименование: Архив; Цвет: серый; Материал: металл; Особенности: 4 ящика
452,452,s1_453,,Мебель,990,Подсвечник декоративный Прованс D8×12 прозрачный стекло набор 3 шт,Тип товара: Подсвечник декоративный; Наименование: Прованс; Габариты: D8×12; Цвет: прозрачный; Материал: стекло; Особенности: набор 3 шт
453,453,s1_454,,Мебель,72500,"Шкаф-купе Дрезден 320×60×240 4-дверный, 4-дверный с фотопечатью","Тип товара: Шкаф-купе; Наименование: Дрезден; Габариты: 320×60×240; Особенности: 4-дверный, 4-дверный с фотопечатью"
454,454,s1_455,,Мебель,5800,"Покрывало плед Иней 200×220 белый, серый жаккард","Тип товара: Покрывало плед; Наименование: Иней; Габариты: 200×220; Цвет: белый, серый; Материал: жаккард"
455,455,s1_456,,Мебель,5400,"Стул барный Турин синий, хром экокожа с регулируемой высотой","Тип товара: Стул барный; Наименование: Турин; Цвет: синий, хром; Материал: экокожа; Особенности: с регулируемой высотой"
456,456,s1_457,,Мебель,19700,Комод Сканди 80×40×110 ясень светлый,Тип товара: Комод; Наименование: Сканди; Габариты: 80×40×110; Цвет: ясень светлый
457,457,s1_458,,Мебель,42400,"Люстра Барокко кремовый, бронза ткань, бронза 12 ламп, E14, состаренная","Тип товара: Люстра; Наименование: Барокко; Цвет: кремовый, бронза; Материал: ткань, бронза; Особенности: 12 ламп, E14, состаренная"
458,458,s1_459,,Мебель,7400,Журнальный столик,Тип товара: Журнальный столик
459,459,s1_460,,Мебель,31900,"Кровать-карета Принцесса 90×190 розовый бархат с балдахином, детская с балдахином","Тип товара: Кровать-карета; Наименование: Принцесса; Габариты: 90×190; Цвет: розовый; Материал: бархат; Особенности: с балдахином, детская с балдахином"
460,460,s1_461,,Мебель,13900,"Диван детский Малыш 160×80 ткань раскладной, с принтом машинки","Тип товара: Диван детский; Наименование: Малыш; Габариты: 160×80; Материал: ткань; Особенности: раскладной, с принтом машинки"
461,461,s1_462,,Мебель,31900,Шкаф для подростковой комнаты Феникс графит 4-дверный,Тип товара: Шкаф для подростковой комнаты; Наименование: Феникс; Цвет: графит; Особенности: 4-дверный
462,462,s1_463,,Мебель,4200,"Статуэтка Слон 25 см венге дерево резной, с инкрустацией перламутр","Тип товара: Статуэтка; Наименование: Слон; Габариты: 25 см; Цвет: венге; Материал: дерево; Особенности: резной, с инкрустацией перламутр"
463,463,s1_464,,Мебель,27500,"Кровать Орхидея 160×200 орех ЛДСП с подъёмным механизмом, двуспальная с подъёмным механизмом","Тип товара: Кровать; Наименование: Орхидея; Габариты: 160×200; Цвет: орех; Материал: ЛДСП; Особенности: с подъёмным механизмом, двуспальная с подъёмным механизмом"
464,464,s1_465,,Мебель,4700,Сервировочный столик на колёсах Бостон бамбук на колёсах,Тип товара: Сервировочный столик на колёсах; Наименование: Бостон; Материал: бамбук; Особенности: на колёсах
465,465,s1_466,,Мебель,8400,"Зеркало с LED Полярная 50×70 LED, антипар, сенсорное, прямоугольное","Тип товара: Зеркало с LED; Наименование: Полярная; Габариты: 50×70; Особенности: LED, антипар, сенсорное, прямоугольное"
466,466,s1_467,,Мебель,124700,"Диван Chesterfield Виндзор 200×90 изумрудный, дуб бархат, массив дуба ножки массив, ножки массив дуба","Тип товара: Диван Chesterfield; Наименование: Виндзор; Габариты: 200×90; Цвет: изумрудный, дуб; Материал: бархат, массив дуба; Особенности: ножки массив, ножки массив дуба"
467,467,s1_468,,Мебель,5100,Прикроватная тумбочка Кокон молочный подвесная,Тип товара: Прикроватная тумбочка; Наименование: Кокон; Цвет: молочный; Особенности: подвесная
468,468,s1_469,,Мебель,3900,"Стул скандинавский Гудрун массив скандинавский, сиденье массив ясеня","Тип товара: Стул скандинавский; Наименование: Гудрун; Материал: массив; Особенности: скандинавский, сиденье массив ясеня"
469,469,s1_470,,Мебель,26900,"Кресло Виктория гобелен, лён классическое с резными ножками","Тип товара: Кресло; Наименование: Виктория; Материал: гобелен, лён; Особенности: классическое с резными ножками"
470,470,s1_471,,Мебель,4800,Декоративная статуэтка Флоренция 40 см бронза бронза,Тип товара: Декоративная статуэтка; Наименование: Флоренция; Габариты: 40 см; Цвет: бронза; Материал: бронза
471,471,s1_472,,Мебель,3400,"Подсвечник настенный Венеция настенный, кованый на 3 свечи","Тип товара: Подсвечник настенный; Наименование: Венеция; Особенности: настенный, кованый на 3 свечи"
472,472,s1_473,,Мебель,4900,Скульптура декоративная Лошадь 35×40 см бронза бронза,Тип товара: Скульптура декоративная; Наименование: Лошадь; Габариты: 35×40 см; Цвет: бронза; Материал: бронза
473,473,s1_474,,Мебель,7800,Тумба под телевизор Кокон 100 см белый матовый,Тип товара: Тумба под телевизор; Наименование: Кокон; Габариты: 100 см; Цвет: белый; Особенности: матовый
474,474,s1_475,,Мебель,3900,Барный стул со спинкой 50×50×85 коричневый экокожа,Тип товара: Барный стул со спинкой; Габариты: 50×50×85; Цвет: коричневый; Материал: экокожа
475,475,s1_476,,Мебель,38400,"Шкаф Барс 180×60×220 дуб сонома, венге, орех 3-дверный, глянец","Тип товара: Шкаф; Наименование: Барс; Габариты: 180×60×220; Цвет: дуб сонома, венге, орех; Особенности: 3-дверный, глянец"
476,476,s1_477,,Мебель,19800,"Двухъярусная кровать Малыш 80×190 молочный, венге ЛДСП","Тип товара: Двухъярусная кровать; Наименование: Малыш; Габариты: 80×190; Цвет: молочный, венге; Материал: ЛДСП"
477,477,s1_478,,Мебель,33700,Кровать Берлин 160×200 графит велюр с мягким изголовьем,Тип товара: Кровать; Наименование: Берлин; Габариты: 160×200; Цвет: графит; Материал: велюр; Особенности: с мягким изголовьем
478,478,s1_479,,Мебель,58900,Кресло-реклайнер Орлеан кофейный кожа PU с электроприводом,Тип товара: Кресло-реклайнер; Наименование: Орлеан; Цвет: кофейный; Материал: кожа PU; Особенности: с электроприводом
479,479,s1_480,,Мебель,4400,"Картина Северянин, Карельские сосны 60×80 холст с лакировкой","Тип товара: Картина; Наименование: Северянин, Карельские сосны; Габариты: 60×80; Особенности: холст с лакировкой"
480,480,s1_481,,Мебель,67800,"Шкаф купе Турин, Город 200×60×240 графит с фотопечатью","Тип товара: Шкаф купе; Наименование: Турин, Город; Габариты: 200×60×240; Цвет: графит; Особенности: с фотопечатью"
481,481,s1_482,,Мебель,78400,"Кресло-реклайнер Адмирал коричневый USB, с подножкой, Lounge с подножкой и USB","Тип товара: Кресло-реклайнер; Наименование: Адмирал; Цвет: коричневый; Особенности: USB, с подножкой, Lounge с подножкой и USB"
482,482,s1_483,,Мебель,14700,"Банкетка длинная Палаццо 160×40×45 бордо, золото бархат ножки золото","Тип товара: Банкетка длинная; Наименование: Палаццо; Габариты: 160×40×45; Цвет: бордо, золото; Материал: бархат; Особенности: ножки золото"
483,483,s1_484,,Мебель,6800,"Скульптура современная Танец 45 см хром, дуб металл абстракция, на основании дуб","Тип товара: Скульптура современная; Наименование: Танец; Габариты: 45 см; Цвет: хром, дуб; Материал: металл; Особенности: абстракция, на основании дуб"
484,484,s1_485,,Мебель,31400,"Кресло-реклайнер Барон коричневый рогожка, ткань с механическим приводом","Тип товара: Кресло-реклайнер; Наименование: Барон; Цвет: коричневый; Материал: рогожка, ткань; Особенности: с механическим приводом"
485,485,s1_486,,Мебель,9800,"Ковёр круглый D200 Сканди D200 серый круглый, ковёр круглый, ворс короткий","Тип товара: Ковёр круглый D200; Наименование: Сканди; Габариты: D200; Цвет: серый; Особенности: круглый, ковёр круглый, ворс короткий"
486,486,s1_487,,Мебель,46700,"Кровать с тумбами в изголовье Лион 160×200 ясень шимо, венге капитоне","Тип товара: Кровать с тумбами в изголовье; Наименование: Лион; Габариты: 160×200; Цвет: ясень шимо, венге; Особенности: капитоне"
487,487,s1_488,,Мебель,18900,"Зеркало art Море 80×60 синий глянцевая, в форме облака","Тип товара: Зеркало art; Наименование: Море; Габариты: 80×60; Цвет: синий; Особенности: глянцевая, в форме облака"
488,488,s1_489,,Мебель,3400,"Вешалка напольная Лофт 60×40×170 чёрный, дуб металл напольная, лофт, с дубовой полкой","Тип товара: Вешалка напольная; Наименование: Лофт; Габариты: 60×40×170; Цвет: чёрный, дуб; Материал: металл; Особенности: напольная, лофт, с дубовой полкой"
489,489,s1_490,,Мебель,21700,"Туалетный столик Камелия 90×40 розовый, пудровый с откидным зеркалом, с откидным зеркалом и табуретом","Тип товара: Туалетный столик; Наименование: Камелия; Габариты: 90×40; Цвет: розовый, пудровый; Особенности: с откидным зеркалом, с откидным зеркалом и табуретом"
490,490,s1_491,,Мебель,5400,Кресло компьютерное Карина розовый,Тип товара: Кресло компьютерное; Наименование: Карина; Цвет: розовый
491,491,s1_492,,Мебель,18900,"Тумба прикроватная Версаль белый, золото 3 ящиками, классика, патина, с 3 ящиками","Тип товара: Тумба прикроватная; Наименование: Версаль; Цвет: белый, золото; Особенности: 3 ящиками, классика, патина, с 3 ящиками"
492,492,s1_493,,Мебель,2700,Бра-софит Модерн белый LED,Тип товара: Бра-софит; Наименование: Модерн; Цвет: белый; Особенности: LED
493,493,s1_494,,Мебель,6400,"Картина Тоскана, Виноградники 60×90 дерево масло на холсте","Тип товара: Картина; Наименование: Тоскана, Виноградники; Габариты: 60×90; Материал: дерево; Особенности: масло на холсте"
494,494,s1_495,,Мебель,31900,"Стол обеденный Равенна D120 чёрный МДФ раздвижной, круглый, матовый, круглый раздвижной","Тип товара: Стол обеденный; Наименование: Равенна; Габариты: D120; Цвет: чёрный; Материал: МДФ; Особенности: раздвижной, круглый, матовый, круглый раздвижной"
495,495,s1_496,,Мебель,42800,"Шкаф-витрина Версаль 100×40×210 орех с подсветкой, классика, патина, классика с подсветкой","Тип товара: Шкаф-витрина; Наименование: Версаль; Габариты: 100×40×210; Цвет: орех; Особенности: с подсветкой, классика, патина, классика с подсветкой"
496,496,s1_497,,Мебель,58700,"Шкаф-горка Версаль 280 см орех классика, патина, классика с резьбой","Тип товара: Шкаф-горка; Наименование: Версаль; Габариты: 280 см; Цвет: орех; Особенности: классика, патина, классика с резьбой"
497,497,s1_498,,Мебель,26900,"Кресло-реклайнер Глория серый рогожка, ткань механический","Тип товара: Кресло-реклайнер; Наименование: Глория; Цвет: серый; Материал: рогожка, ткань; Особенности: механический"
498,498,s1_499,,Мебель,46900,"Диван-канапе Версаль изумрудный велюр 2-местный, классический 2-местный, ножки гнутые","Тип товара: Диван-канапе; Наименование: Версаль; Цвет: изумрудный; Материал: велюр; Особенности: 2-местный, классический 2-местный, ножки гнутые"
499,499,s1_500,,Мебель,112400,"Кровать латунная Ампир 180×200 латунь латунь с балдахином, классика, состаренная","Тип товара: Кровать латунная; Наименование: Ампир; Габариты: 180×200; Цвет: латунь; Материал: латунь; Особенности: с балдахином, классика, состаренная"
500,500,s1_501,,Мебель,39800,"Кровать Сицилия 180×200 бежевый экокожа с подъёмным механизмом, классика","Тип товара: Кровать; Наименование: Сицилия; Габариты: 180×200; Цвет: бежевый; Материал: экокожа; Особенности: с подъёмным механизмом, классика"
501,501,s1_502,,Мебель,58900,"Стенка-горка Лагуна 320 см белый, дуб артизан глянец","Тип товара: Стенка-горка; Наименование: Лагуна; Габариты: 320 см; Цвет: белый, дуб артизан; Особенности: глянец"
502,502,s1_503,,Мебель,22400,"Кровать-машинка детская 80×180 синий с подсветкой, с пожарной графикой","Тип товара: Кровать-машинка детская; Габариты: 80×180; Цвет: синий; Особенности: с подсветкой, с пожарной графикой"
503,503,s1_504,,Мебель,2700,"Полка-сота настенная декоративная дуб артизан МДФ комплект 3 шт, настенная","Тип товара: Полка-сота настенная декоративная; Цвет: дуб артизан; Материал: МДФ; Особенности: комплект 3 шт, настенная"
504,504,s1_505,,Мебель,34800,"Кресло Lounge Палаццо пыльно-розовый, золото велюр ножки золото, классическое с подушкой","Тип товара: Кресло Lounge; Наименование: Палаццо; Цвет: пыльно-розовый, золото; Материал: велюр; Особенности: ножки золото, классическое с подушкой"
505,505,s1_506,,Мебель,4200,Картина на холсте Орхидея 50×70 золото ботанический принт,Тип товара: Картина на холсте; Наименование: Орхидея; Габариты: 50×70; Цвет: золото; Особенности: ботанический принт
506,506,s1_507,,Мебель,21700,Кровать односпальная Тюльпан 90×200 велюр с мягким изголовьем-цветок,Тип товара: Кровать односпальная; Наименование: Тюльпан; Габариты: 90×200; Материал: велюр; Особенности: с мягким изголовьем-цветок
507,507,s1_508,,Мебель,17400,Тумба под раковину подвесная 100×45 серый подвесная,Тип товара: Тумба под раковину подвесная; Габариты: 100×45; Цвет: серый; Особенности: подвесная
508,508,s1_509,,Мебель,14900,Кресло компьютерное Бергамо зелёный лён газлифт класс 4,Тип товара: Кресло компьютерное; Наименование: Бергамо; Цвет: зелёный; Материал: лён; Особенности: газлифт класс 4
509,509,s1_510,,Мебель,7400,"Ваза напольная Афина 70 см белый, золото керамика напольная, классика, кракелюр с золотом","Тип товара: Ваза напольная; Наименование: Афина; Габариты: 70 см; Цвет: белый, золото; Материал: керамика; Особенности: напольная, классика, кракелюр с золотом"
510,510,s1_511,,Мебель,14900,Кресло компьютерное Бергамо чёрная газлифт класс 4,Тип товара: Кресло компьютерное; Наименование: Бергамо; Цвет: чёрная; Особенности: газлифт класс 4
511,511,s1_512,,Мебель,7800,"Торшер напольный Венеция 165 см серый ткань напольный, с тканевым абажуром","Тип товара: Торшер напольный; Наименование: Венеция; Габариты: 165 см; Цвет: серый; Материал: ткань; Особенности: напольный, с тканевым абажуром"
512,512,s1_513,,Мебель,31700,Кровать Меридиан 140×200 терракот велюр с реечным основанием,Тип товара: Кровать; Наименование: Меридиан; Габариты: 140×200; Цвет: терракот; Материал: велюр; Особенности: с реечным основанием
513,513,s1_514,,Мебель,9700,"Комплект балконный Терраса металл, тик складной","Тип товара: Комплект балконный; Наименование: Терраса; Материал: металл, тик; Особенности: складной"
514,514,s1_515,,Мебель,28700,"Двухъярусная кровать Дуэт 80×190 белый, розовый с лестницей, с лестницей и ящиками","Тип товара: Двухъярусная кровать; Наименование: Дуэт; Габариты: 80×190; Цвет: белый, розовый; Особенности: с лестницей, с лестницей и ящиками"
515,515,s1_516,,Мебель,38900,"Кровать-чердак Авангард 90×200 графит, дуб с гардеробной и лестницей-комодом","Тип товара: Кровать-чердак; Наименование: Авангард; Габариты: 90×200; Цвет: графит, дуб; Особенности: с гардеробной и лестницей-комодом"
516,516,s1_517,,Мебель,48700,Диван угловой угловой,Тип товара: Диван угловой; Особенности: угловой
517,517,s1_518,,Мебель,47900,"Стол обеденный Венеция D110 бронза мрамор, металл, бронза круглый","Тип товара: Стол обеденный; Наименование: Венеция; Габариты: D110; Цвет: бронза; Материал: мрамор, металл, бронза; Особенности: круглый"
518,518,s1_519,,Мебель,14400,"Тумба под раковину Адриатика 80×45×55 белый дерево, тик с двумя ящиками","Тип товара: Тумба под раковину; Наименование: Адриатика; Габариты: 80×45×55; Цвет: белый; Материал: дерево, тик; Особенности: с двумя ящиками"
519,519,s1_520,,Мебель,5400,"Зеркало в прихожую Берлин 60×120 дуб сонома с полкой, с полкой и крючками","Тип товара: Зеркало в прихожую; Наименование: Берлин; Габариты: 60×120; Цвет: дуб сонома; Особенности: с полкой, с полкой и крючками"
520,520,s1_521,,Мебель,2700,"Уличная гирлянда Метелица белый LED, IP44, LED 10 м холодный","Тип товара: Уличная гирлянда; Наименование: Метелица; Цвет: белый; Особенности: LED, IP44, LED 10 м холодный"
521,521,s1_522,,Мебель,11700,"Зеркало напольное Полярная D80 белый металл напольное, круглое, круглое в раме","Тип товара: Зеркало напольное; Наименование: Полярная; Габариты: D80; Цвет: белый; Материал: металл; Особенности: напольное, круглое, круглое в раме"
522,522,s1_523,,Мебель,31700,"Кресло Lounge Камея гобелен, лён, массив классика, ножки массив, с подлокотниками","Тип товара: Кресло Lounge; Наименование: Камея; Материал: гобелен, лён, массив; Особенности: классика, ножки массив, с подлокотниками"
523,523,s1_524,,Мебель,7800,Шторы льняные Кокон 2×150×270 молочный,Тип товара: Шторы льняные; Наименование: Кокон; Габариты: 2×150×270; Цвет: молочный
524,524,s1_525,,Мебель,9800,"Прихожая мини Эконом 100×30×190 венге ЛДСП с зеркалом, эконом","Тип товара: Прихожая мини; Наименование: Эконом; Габариты: 100×30×190; Цвет: венге; Материал: ЛДСП; Особенности: с зеркалом, эконом"
525,525,s1_526,,Мебель,3700,"Шкатулка декоративная Венеция 25×18×12 бордо, золото бархат с зеркалом","Тип товара: Шкатулка декоративная; Наименование: Венеция; Габариты: 25×18×12; Цвет: бордо, золото; Материал: бархат; Особенности: с зеркалом"
526,526,s1_527,,Мебель,3700,Поделочный ящик Натура 40×28×22 дуб массив,Тип товара: Поделочный ящик; Наименование: Натура; Габариты: 40×28×22; Цвет: дуб; Материал: массив
527,527,s1_528,,Мебель,9800,"Шкаф балконный Терраса 60×35×180 белый ЛДСП 2 секции, с полками, 2 секции с полками","Тип товара: Шкаф балконный; Наименование: Терраса; Габариты: 60×35×180; Цвет: белый; Материал: ЛДСП; Особенности: 2 секции, с полками, 2 секции с полками"
528,528,s1_529,,Мебель,6700,"Картина на холсте Прованс, Лавандовое поле 60×80 лён, дерево","Тип товара: Картина на холсте; Наименование: Прованс, Лавандовое поле; Габариты: 60×80; Материал: лён, дерево"
529,529,s1_530,,Мебель,124800,"Стойка ресепшен Модерн 200×70×110 белый, чёрный минимализм, глянец, матовый","Тип товара: Стойка ресепшен; Наименование: Модерн; Габариты: 200×70×110; Цвет: белый, чёрный; Особенности: минимализм, глянец, матовый"
530,530,s1_531,,Мебель,8400,Обувница Дания 100×35×50 серый рогожка с сиденьем,Тип товара: Обувница; Наименование: Дания; Габариты: 100×35×50; Цвет: серый; Материал: рогожка; Особенности: с сиденьем
531,531,s1_532,,Мебель,23900,"Кровать-чердак Школьник 80×190 дуб сонома, венге с рабочей зоной","Тип товара: Кровать-чердак; Наименование: Школьник; Габариты: 80×190; Цвет: дуб сонома, венге; Особенности: с рабочей зоной"
532,532,s1_533,,Мебель,11700,Шкаф-пенал ванный Сиена 40×30×180 белый глянец,Тип товара: Шкаф-пенал ванный; Наименование: Сиена; Габариты: 40×30×180; Цвет: белый; Особенности: глянец
533,533,s1_534,,Мебель,7400,Банкетка с местом хранения Глория 100×40×45 бежевый рогожка,Тип товара: Банкетка с местом хранения; Наименование: Глория; Габариты: 100×40×45; Цвет: бежевый; Материал: рогожка
534,534,s1_535,,Мебель,3700,Настольная лампа Прага бежевый ткань классическая с тканевым абажуром,Тип товара: Настольная лампа; Наименование: Прага; Цвет: бежевый; Материал: ткань; Особенности: классическая с тканевым абажуром
535,535,s1_536,,Мебель,52900,"Кровать Виктория 160×200 изумрудный бархат с подъёмным механизмом, капитоне","Тип товара: Кровать; Наименование: Виктория; Габариты: 160×200; Цвет: изумрудный; Материал: бархат; Особенности: с подъёмным механизмом, капитоне"
536,536,s1_537,,Мебель,9400,"Светильник напольный Прованс 165 см белый напольный, патина","Тип товара: Светильник напольный; Наименование: Прованс; Габариты: 165 см; Цвет: белый; Особенности: напольный, патина"
537,537,s1_538,,Мебель,9800,"Ваза напольная Афродита 90 см бронза бронза, керамика напольная, состаренная","Тип товара: Ваза напольная; Наименование: Афродита; Габариты: 90 см; Цвет: бронза; Материал: бронза, керамика; Особенности: напольная, состаренная"
538,538,s1_539,,Мебель,5800,"Зеркало гостиничное 60×120 настенное, настенное с фацетом, для отеля","Тип товара: Зеркало гостиничное; Габариты: 60×120; Особенности: настенное, настенное с фацетом, для отеля"
539,539,s1_540,,Мебель,38900,"Книжный шкаф угловой Модерн 90×90×210 графит, дуб артизан угловой","Тип товара: Книжный шкаф угловой; Наименование: Модерн; Габариты: 90×90×210; Цвет: графит, дуб артизан; Особенности: угловой"
540,540,s1_541,,Мебель,36400,Сервант-витрина Версаль 100×40×190 орех стекло классика,Тип товара: Сервант-витрина; Наименование: Версаль; Габариты: 100×40×190; Цвет: орех; Материал: стекло; Особенности: классика
541,541,s1_542,,Мебель,48900,Шкаф-витрина Лион 120×40×210 орех с зеркальной задней стенкой,Тип товара: Шкаф-витрина; Наименование: Лион; Габариты: 120×40×210; Цвет: орех; Особенности: с зеркальной задней стенкой
542,542,s1_543,,Мебель,7900,Шкаф верхний кухонный с витринным стеклом 60×30×72 белый стекло матовый,Тип товара: Шкаф верхний кухонный с витринным стеклом; Габариты: 60×30×72; Цвет: белый; Материал: стекло; Особенности: матовый
543,543,s1_544,,Мебель,1300,Декоративная подушка Барселона 45×45 лён геометрический принт,Тип товара: Декоративная подушка; Наименование: Барселона; Габариты: 45×45; Материал: лён; Особенности: геометрический принт
544,544,s1_545,,Мебель,3400,"Статуэтка декоративная Венеция 35 см золото лён, керамика","Тип товара: Статуэтка декоративная; Наименование: Венеция; Габариты: 35 см; Цвет: золото; Материал: лён, керамика"
545,545,s1_546,,Мебель,3800,"Бра настольное Тюльпан латунь латунь 2 шт, LED, матовая","Тип товара: Бра настольное; Наименование: Тюльпан; Цвет: латунь; Материал: латунь; Особенности: 2 шт, LED, матовая"
546,546,s1_547,,Мебель,3400,"Обувница откидная Эконом 80×20×100 молочный откидная, эконом","Тип товара: Обувница откидная; Наименование: Эконом; Габариты: 80×20×100; Цвет: молочный; Особенности: откидная, эконом"
547,547,s1_548,,Мебель,38700,"Журнальный столик мраморный Палаццо 110×60 латунь мрамор, латунь прямоугольный","Тип товара: Журнальный столик мраморный; Наименование: Палаццо; Габариты: 110×60; Цвет: латунь; Материал: мрамор, латунь; Особенности: прямоугольный"
548,548,s1_549,,Мебель,6800,Стол письменный Школьник 120×60 белый ЛДСП,Тип товара: Стол письменный; Наименование: Школьник; Габариты: 120×60; Цвет: белый; Материал: ЛДСП
549,549,s1_550,,Мебель,13700,"Тумба прикроватная Аметист 50×40×60 белый, золото с патиной","Тип товара: Тумба прикроватная; Наименование: Аметист; Габариты: 50×40×60; Цвет: белый, золото; Особенности: с патиной"
550,550,s1_551,,Мебель,3200,Стеллаж навесной Орбита 100×25×60 дуб артизан в гостиную,Тип товара: Стеллаж навесной; Наименование: Орбита; Габариты: 100×25×60; Цвет: дуб артизан; Особенности: в гостиную
551,551,s1_552,,Мебель,6400,"Ваза напольная Артемида 60 см серый стекло напольная, дизайнерская","Тип товара: Ваза напольная; Наименование: Артемида; Габариты: 60 см; Цвет: серый; Материал: стекло; Особенности: напольная, дизайнерская"
552,552,s1_553,,Мебель,4900,Обувница Кокон белый 4-секционная,Тип товара: Обувница; Наименование: Кокон; Цвет: белый; Особенности: 4-секционная
553,553,s1_554,,Мебель,6700,Кресло-мешок Облако 140×100 графит ткань XXL,Тип товара: Кресло-мешок; Наименование: Облако; Габариты: 140×100; Цвет: графит; Материал: ткань; Особенности: XXL
554,554,s1_555,,Мебель,42700,"Диван прямой Гамма 220×95 серый велюр, рогожка прямой","Тип товара: Диван прямой; Наименование: Гамма; Габариты: 220×95; Цвет: серый; Материал: велюр, рогожка; Особенности: прямой"
555,555,s1_556,,Мебель,28700,Шкаф для подростка Эверест 160×55×210 графит 4-дверный,Тип товара: Шкаф для подростка; Наименование: Эверест; Габариты: 160×55×210; Цвет: графит; Особенности: 4-дверный
556,556,s1_557,,Мебель,22500,Ковёр шерстяной Венеция 160×230 терракот,Тип товара: Ковёр шерстяной; Наименование: Венеция; Габариты: 160×230; Цвет: терракот
557,557,s1_558,,Мебель,16400,"Обеденный стол Лофт 140×80 графит металл, дерево лофт","Тип товара: Обеденный стол; Наименование: Лофт; Габариты: 140×80; Цвет: графит; Материал: металл, дерево; Особенности: лофт"
558,558,s1_559,,Мебель,11200,Комод Карина 80×40×110 венге 5 ящиков,Тип товара: Комод; Наименование: Карина; Габариты: 80×40×110; Цвет: венге; Особенности: 5 ящиков
559,559,s1_560,,Мебель,9400,"Кухонный модуль нижний Бергамо 60×60 белый soft-close, матовый","Тип товара: Кухонный модуль нижний; Наименование: Бергамо; Габариты: 60×60; Цвет: белый; Особенности: soft-close, матовый"
560,560,s1_561,,Мебель,5700,Часы настенные Версаль 60×30 золото дерево с маятником,Тип товара: Часы настенные; Наименование: Версаль; Габариты: 60×30; Цвет: золото; Материал: дерево; Особенности: с маятником
561,561,s1_562,,Мебель,3200,Шкатулка декоративная Камелия 26×18×10 золото бархат,Тип товара: Шкатулка декоративная; Наименование: Камелия; Габариты: 26×18×10; Цвет: золото; Материал: бархат
562,562,s1_563,,Мебель,3200,"Декоративный подсвечник Венеция 20×20×40 латунь латунь, стекло","Тип товара: Декоративный подсвечник; Наименование: Венеция; Габариты: 20×20×40; Цвет: латунь; Материал: латунь, стекло"
563,563,s1_564,,Мебель,26800,"Кресло традиционное гобелен, лён, массив, тик флористика, ножки массив","Тип товара: Кресло традиционное; Материал: гобелен, лён, массив, тик; Особенности: флористика, ножки массив"
564,564,s1_565,,Мебель,13700,"Зеркало напольное Контур D100 чёрный металл напольное, круглое, круглое в раме","Тип товара: Зеркало напольное; Наименование: Контур; Габариты: D100; Цвет: чёрный; Материал: металл; Особенности: напольное, круглое, круглое в раме"
565,565,s1_566,,Мебель,1300,"Складной табурет для балкона 30×30×45 бамбук складной, для балкона","Тип товара: Складной табурет для балкона; Габариты: 30×30×45; Материал: бамбук; Особенности: складной, для балкона"
566,566,s1_567,,Мебель,13900,"Тумба под умывальник Венето 70×45×85 белый, дуб артизан напольная, глянец","Тип товара: Тумба под умывальник; Наименование: Венето; Габариты: 70×45×85; Цвет: белый, дуб артизан; Особенности: напольная, глянец"
567,567,s1_568,,Мебель,9400,"Зеркало настенное Камея 70×100 золото настенное, с патиной, рама с патиной","Тип товара: Зеркало настенное; Наименование: Камея; Габариты: 70×100; Цвет: золото; Особенности: настенное, с патиной, рама с патиной"
568,568,s1_569,,Мебель,27500,"Кровать Орхидея 160×200 дуб сонома ЛДСП с подъёмным механизмом, двуспальная с подъёмным механизмом","Тип товара: Кровать; Наименование: Орхидея; Габариты: 160×200; Цвет: дуб сонома; Материал: ЛДСП; Особенности: с подъёмным механизмом, двуспальная с подъёмным механизмом"
569,569,s1_570,,Мебель,2800,Декоративная ваза стекло прозрачное 50 см прозрачный стекло серия Лайт,Тип товара: Декоративная ваза стекло прозрачное; Габариты: 50 см; Цвет: прозрачный; Материал: стекло; Особенности: серия Лайт
570,570,s1_571,,Мебель,45700,"Шкаф-купе угловой Лофт 100×100×220 см графит угловой, лофт","Тип товара: Шкаф-купе угловой; Наименование: Лофт; Габариты: 100×100×220 см; Цвет: графит; Особенности: угловой, лофт"
571,571,s1_572,,Мебель,58400,"Шкаф-купе Берлин 320×60×220 дуб сонома 4-дверный, с зеркалом, 4-дверный с зеркалом","Тип товара: Шкаф-купе; Наименование: Берлин; Габариты: 320×60×220; Цвет: дуб сонома; Особенности: 4-дверный, с зеркалом, 4-дверный с зеркалом"
572,572,s1_573,,Мебель,14600,"Комод Стелла 90×40×95 ясень шимо 3 ящиками, с 3 ящиками и распашной дверцей","Тип товара: Комод; Наименование: Стелла; Габариты: 90×40×95; Цвет: ясень шимо; Особенности: 3 ящиками, с 3 ящиками и распашной дверцей"
573,573,s1_574,,Мебель,12400,"Шкаф узкий Альпы 45×30×200 белый с зеркалом, матовый, 1 дверь с зеркалом","Тип товара: Шкаф узкий; Наименование: Альпы; Габариты: 45×30×200; Цвет: белый; Особенности: с зеркалом, матовый, 1 дверь с зеркалом"
574,574,s1_575,,Мебель,7400,Полотенцесушитель декоративный Лазурь 50×80 латунь латунь матовая,Тип товара: Полотенцесушитель декоративный; Наименование: Лазурь; Габариты: 50×80; Цвет: латунь; Материал: латунь; Особенности: матовая
575,575,s1_576,,Мебель,37400,Диван-кровать прямой Айова 200×95 горчичный рогожка прямой,Тип товара: Диван-кровать прямой; Наименование: Айова; Габариты: 200×95; Цвет: горчичный; Материал: рогожка; Особенности: прямой
576,576,s1_577,,Мебель,2400,"Стул складной мягкий Турист складной, с подлокотниками, для дачи и пикника","Тип товара: Стул складной мягкий; Наименование: Турист; Особенности: складной, с подлокотниками, для дачи и пикника"
577,577,s1_578,,Мебель,98400,"Книжный шкаф библиотечный Кембридж 200×40×220 орех стекло со стеклом, библиотечный","Тип товара: Книжный шкаф библиотечный; Наименование: Кембридж; Габариты: 200×40×220; Цвет: орех; Материал: стекло; Особенности: со стеклом, библиотечный"
578,578,s1_579,,Мебель,5200,"Тумба прикроватная Камелия 50×40×55 розовый, пудровый с одним ящиком","Тип товара: Тумба прикроватная; Наименование: Камелия; Габариты: 50×40×55; Цвет: розовый, пудровый; Особенности: с одним ящиком"
579,579,s1_580,,Мебель,7800,"Барный шкафчик Тоскана 70×25×70 орех подвесной, классика, патина","Тип товара: Барный шкафчик; Наименование: Тоскана; Габариты: 70×25×70; Цвет: орех; Особенности: подвесной, классика, патина"
580,580,s1_581,,Мебель,14700,"Зеркало напольное Версаль 60×180 золото напольное, с патиной, в багетной раме","Тип товара: Зеркало напольное; Наименование: Версаль; Габариты: 60×180; Цвет: золото; Особенности: напольное, с патиной, в багетной раме"
581,581,s1_582,,Мебель,87400,"Кресло-реклайнер Адмирал коричневый, натуральный с подогревом","Тип товара: Кресло-реклайнер; Наименование: Адмирал; Цвет: коричневый, натуральный; Особенности: с подогревом"
582,582,s1_583,,Мебель,1900,Полка навесная Орбита 80×25 дуб артизан,Тип товара: Полка навесная; Наименование: Орбита; Габариты: 80×25; Цвет: дуб артизан
583,583,s1_584,,Мебель,39700,"Кровать-чердак Аметист 90×200 графит USB, с подсветкой, с подсветкой и USB","Тип товара: Кровать-чердак; Наименование: Аметист; Габариты: 90×200; Цвет: графит; Особенности: USB, с подсветкой, с подсветкой и USB"
584,584,s1_585,,Мебель,9700,"Зеркало напольное Парус 50×170 венге дерево напольное, в раме","Тип товара: Зеркало напольное; Наименование: Парус; Габариты: 50×170; Цвет: венге; Материал: дерево; Особенности: напольное, в раме"
585,585,s1_586,,Мебель,11800,"Тумба под ТВ Лофт 140 см венге ЛДСП, металл лофт","Тип товара: Тумба под ТВ; Наименование: Лофт; Габариты: 140 см; Цвет: венге; Материал: ЛДСП, металл; Особенности: лофт"
586,586,s1_587,,Мебель,52800,"Диван-канапе Барселона графит велюр 2-местный, классический 2-местный, ножки гнутые","Тип товара: Диван-канапе; Наименование: Барселона; Цвет: графит; Материал: велюр; Особенности: 2-местный, классический 2-местный, ножки гнутые"
587,587,s1_588,,Мебель,2700,"Стакан и дозатор для ванной Венето белый, латунь латунь, керамика 4 предмета, для ванной, набор 4 предмета с латунью","Тип товара: Стакан и дозатор для ванной; Наименование: Венето; Цвет: белый, латунь; Материал: латунь, керамика; Особенности: 4 предмета, для ванной, набор 4 предмета с латунью"
588,588,s1_589,,Мебель,3700,Светильник потолочный 4 спота чёрный металл поворотные,Тип товара: Светильник потолочный 4 спота; Цвет: чёрный; Материал: металл; Особенности: поворотные
589,589,s1_590,,Мебель,16400,"Зеркало напольное Орбита D90 латунь металл, латунь напольное, круглое, матовая, круглое в раме матовая","Тип товара: Зеркало напольное; Наименование: Орбита; Габариты: D90; Цвет: латунь; Материал: металл, латунь; Особенности: напольное, круглое, матовая, круглое в раме матовая"
590,590,s1_591,,Мебель,38400,"Кресло-реклайнер Орхидея изумрудный, дуб велюр, рогожка с регулировкой и подножкой","Тип товара: Кресло-реклайнер; Наименование: Орхидея; Цвет: изумрудный, дуб; Материал: велюр, рогожка; Особенности: с регулировкой и подножкой"
591,591,s1_592,,Мебель,94600,"Витрина-горка Орхидея 120×45×220 золото классика, патина с золотом, классическая","Тип товара: Витрина-горка; Наименование: Орхидея; Габариты: 120×45×220; Цвет: золото; Особенности: классика, патина с золотом, классическая"
592,592,s1_593,,Мебель,13800,"Вешалка для прихожей Берлин 80×190 дуб сонома с зеркалом, для прихожей, с зеркалом и обувницей","Тип товара: Вешалка для прихожей; Наименование: Берлин; Габариты: 80×190; Цвет: дуб сонома; Особенности: с зеркалом, для прихожей, с зеркалом и обувницей"
593,593,s1_594,,Мебель,18700,Кровать односпальная Феникс 90×200 графит для подростка,Тип товара: Кровать односпальная; Наименование: Феникс; Габариты: 90×200; Цвет: графит; Особенности: для подростка
594,594,s1_595,,Мебель,38600,Шкаф 3-створчатый распашной Венеция 150×55×210 бук бавария 3-створчатый,Тип товара: Шкаф 3-створчатый распашной; Наименование: Венеция; Габариты: 150×55×210; Цвет: бук бавария; Особенности: 3-створчатый
595,595,s1_596,,Мебель,2300,"Часы настенные Камея D40 металл круглые, с римскими цифрами","Тип товара: Часы настенные; Наименование: Камея; Габариты: D40; Материал: металл; Особенности: круглые, с римскими цифрами"
596,596,s1_597,,Мебель,2400,"Ключница Норвегия 30×7×35 белый 6 крючками, с зеркалом, матовый, закрытая с зеркалом и 6 крючками","Тип товара: Ключница; Наименование: Норвегия; Габариты: 30×7×35; Цвет: белый; Особенности: 6 крючками, с зеркалом, матовый, закрытая с зеркалом и 6 крючками"
597,597,s1_598,,Мебель,18900,Комод-консоль Венеция 120×35×80 орех классика,Тип товара: Комод-консоль; Наименование: Венеция; Габариты: 120×35×80; Цвет: орех; Особенности: классика
598,598,s1_599,,Мебель,28700,Кровать Бостон 140×200 коричневый экокожа коричневая с прострочкой,Тип товара: Кровать; Наименование: Бостон; Габариты: 140×200; Цвет: коричневый; Материал: экокожа; Особенности: коричневая с прострочкой
599,599,s1_600,,Мебель,3200,Светильник настенный Минск графит металл настенный,Тип товара: Светильник настенный; Наименование: Минск; Цвет: графит; Материал: металл; Особенности: настенный
600,600,s1_601,,Мебель,9700,"Зеркало с LED-подсветкой Адриатика 80×60 тик LED, сенсор, антипар, для ванной","Тип товара: Зеркало с LED-подсветкой; Наименование: Адриатика; Габариты: 80×60; Материал: тик; Особенности: LED, сенсор, антипар, для ванной"
601,601,s1_602,,Мебель,12900,"Стол консольный Палермо 100×30×80 бронза мрамор, металл, бронза","Тип товара: Стол консольный; Наименование: Палермо; Габариты: 100×30×80; Цвет: бронза; Материал: мрамор, металл, бронза"
602,602,s1_603,,Мебель,9700,"Журнальынй стол Манхэттен 100×60×45 чёрный, дуб артизан металл","Тип товара: Журнальынй стол; Наименование: Манхэттен; Габариты: 100×60×45; Цвет: чёрный, дуб артизан; Материал: металл"
603,603,s1_604,,Мебель,3800,Пуф с откидной крышкой и местом для хранения 40×40 белый экокожа откидной,Тип товара: Пуф с откидной крышкой и местом для хранения; Габариты: 40×40; Цвет: белый; Материал: экокожа; Особенности: откидной
604,604,s1_605,,Мебель,2400,"Бра-софит Орбита белый лён LED, поворотный, матовый, направленный LED","Тип товара: Бра-софит; Наименование: Орбита; Цвет: белый; Материал: лён; Особенности: LED, поворотный, матовый, направленный LED"
605,605,s1_606,,Мебель,19400,"Шкаф 2-створчатый Самара 90×55×210 дуб сонома 2-створчатый, с зеркалом","Тип товара: Шкаф 2-створчатый; Наименование: Самара; Габариты: 90×55×210; Цвет: дуб сонома; Особенности: 2-створчатый, с зеркалом"
606,606,s1_607,,Мебель,28700,Ковёр шерстяной 200×290 бежевый классический,Тип товара: Ковёр шерстяной; Габариты: 200×290; Цвет: бежевый; Особенности: классический
607,607,s1_608,,Мебель,5900,Шкаф пенал ванный 30×25×170 белый глянец,Тип товара: Шкаф пенал ванный; Габариты: 30×25×170; Цвет: белый; Особенности: глянец
608,608,s1_609,,Мебель,5700,"Бра Тюльпан 2 шт, серия 2 шт в комплекте","Тип товара: Бра; Наименование: Тюльпан; Особенности: 2 шт, серия 2 шт в комплекте"
609,609,s1_610,,Мебель,187400,"Стойка ресепшен Гранд 240×80×110 орех шпон ореха классика, ореха с латунной отделкой","Тип товара: Стойка ресепшен; Наименование: Гранд; Габариты: 240×80×110; Цвет: орех; Материал: шпон ореха; Особенности: классика, ореха с латунной отделкой"
610,610,s1_611,,Мебель,38900,Гардеробная система Конструктор 240×50×220 дуб артизан,Тип товара: Гардеробная система; Наименование: Конструктор; Габариты: 240×50×220; Цвет: дуб артизан
611,611,s1_612,,Мебель,5600,"Картина Глория, Поле маков 80×100 холст в багете","Тип товара: Картина; Наименование: Глория, Поле маков; Габариты: 80×100; Особенности: холст в багете"
612,612,s1_613,,Мебель,4800,"Светильник подвесной Эдисон металл 3 ламп, подвесной, лофт, 3 лампы на цепи","Тип товара: Светильник подвесной; Наименование: Эдисон; Материал: металл; Особенности: 3 ламп, подвесной, лофт, 3 лампы на цепи"
613,613,s1_614,,Мебель,5400,"Стол кухонный 90×60 венге ЛДСП складной, эконом","Тип товара: Стол кухонный; Габариты: 90×60; Цвет: венге; Материал: ЛДСП; Особенности: складной, эконом"
614,614,s1_615,,Мебель,6900,Банкетка в прихожую Норвегия 90×35×45 белый экокожа с откидным сиденьем,Тип товара: Банкетка в прихожую; Наименование: Норвегия; Габариты: 90×35×45; Цвет: белый; Материал: экокожа; Особенности: с откидным сиденьем
615,615,s1_616,,Мебель,1400,"Постер в раме Лофт 40×50 чёрный лофт, графический принт","Тип товара: Постер в раме; Наименование: Лофт; Габариты: 40×50; Цвет: чёрный; Особенности: лофт, графический принт"
616,616,s1_617,,Мебель,9400,"Шторы готовые Камея 2×150×270 бордо бархат с подхватами, бордо с подхватами","Тип товара: Шторы готовые; Наименование: Камея; Габариты: 2×150×270; Цвет: бордо; Материал: бархат; Особенности: с подхватами, бордо с подхватами"
617,617,s1_618,,Мебель,22500,"Туалетный столик Венеция бук бавария с пуфом, классический с пуфом","Тип товара: Туалетный столик; Наименование: Венеция; Цвет: бук бавария; Особенности: с пуфом, классический с пуфом"
618,618,s1_619,,Мебель,4500,"Стул барный Лион D35 натуральный массив круглое, из массива бука, сиденье круглое","Тип товара: Стул барный; Наименование: Лион; Габариты: D35; Цвет: натуральный; Материал: массив; Особенности: круглое, из массива бука, сиденье круглое"
619,619,s1_620,,Мебель,1400,Декоративная подушка Венеция 45×45 изумрудный бархат,Тип товара: Декоративная подушка; Наименование: Венеция; Габариты: 45×45; Цвет: изумрудный; Материал: бархат
620,620,s1_621,,Мебель,31700,Кресло Lounge Палаццо сапфировый велюр с подушкой-валиком,Тип товара: Кресло Lounge; Наименование: Палаццо; Цвет: сапфировый; Материал: велюр; Особенности: с подушкой-валиком
621,621,s1_622,,Мебель,87900,Гостиничный гарнитур Премиум 160×200 орех,Тип товара: Гостиничный гарнитур; Наименование: Премиум; Габариты: 160×200; Цвет: орех
622,622,s1_623,,Мебель,3700,"Стеллаж навесной для ванной Капри 60×20×80 металл, бамбук для ванной","Тип товара: Стеллаж навесной для ванной; Наименование: Капри; Габариты: 60×20×80; Материал: металл, бамбук; Особенности: для ванной"
623,623,s1_624,,Мебель,78900,Диван модульный Дакота бежевый велюр 4-секционный,Тип товара: Диван модульный; Наименование: Дакота; Цвет: бежевый; Материал: велюр; Особенности: 4-секционный
624,624,s1_625,,Мебель,28700,Книжный шкаф Венеция 100×40×200 орех стекло со стеклянными дверцами,Тип товара: Книжный шкаф; Наименование: Венеция; Габариты: 100×40×200; Цвет: орех; Материал: стекло; Особенности: со стеклянными дверцами
625,625,s1_626,,Мебель,9700,Стеллаж-перегородка Сканди 100×30×200 ясень светлый,Тип товара: Стеллаж-перегородка; Наименование: Сканди; Габариты: 100×30×200; Цвет: ясень светлый
626,626,s1_627,,Мебель,33700,"Кравать Лагуна 140×200 белый экокожа с подъёмным механизмом, двуспальная с подъёмным механизмом","Тип товара: Кравать; Наименование: Лагуна; Габариты: 140×200; Цвет: белый; Материал: экокожа; Особенности: с подъёмным механизмом, двуспальная с подъёмным механизмом"
627,627,s1_628,,Мебель,32700,"Тумба под умывальник Лагуна 120×45×55 белый, серый глянец","Тип товара: Тумба под умывальник; Наименование: Лагуна; Габариты: 120×45×55; Цвет: белый, серый; Особенности: глянец"
628,628,s1_629,,Мебель,890,"Фоторамка Прованс 20×30 белый классика, с патиной","Тип товара: Фоторамка; Наименование: Прованс; Габариты: 20×30; Цвет: белый; Особенности: классика, с патиной"
629,629,s1_630,,Мебель,72800,"Кровать с тумбами в изголовье Орлеан 180×200 орех классика, патина, классика патина, бра в комплекте","Тип товара: Кровать с тумбами в изголовье; Наименование: Орлеан; Габариты: 180×200; Цвет: орех; Особенности: классика, патина, классика патина, бра в комплекте"
630,630,s1_631,,Мебель,1800,Корзина-органайзер Флоренция 40×25×20 джут с ручками,Тип товара: Корзина-органайзер; Наименование: Флоренция; Габариты: 40×25×20; Материал: джут; Особенности: с ручками
631,631,s1_632,,Мебель,82900,Кровать водяная Камелия 160×200 пыльно-розовый экокожа с подогревом,Тип товара: Кровать водяная; Наименование: Камелия; Габариты: 160×200; Цвет: пыльно-розовый; Материал: экокожа; Особенности: с подогревом
632,632,s1_633,,Мебель,14700,"Зеркло настенное Барокко 60×90 золото настенное, золочёная с лепниной, рама золочёная с лепниной","Тип товара: Зеркло настенное; Наименование: Барокко; Габариты: 60×90; Цвет: золото; Особенности: настенное, золочёная с лепниной, рама золочёная с лепниной"
633,633,s1_634,,Мебель,36800,"Прихожая модульная Атриум 220×35×210 графит, дуб сонома","Тип товара: Прихожая модульная; Наименование: Атриум; Габариты: 220×35×210; Цвет: графит, дуб сонома"
634,634,s1_635,,Мебель,68900,"Кресло-бергер Шартрез массив с пуфом, классика, ножки массив","Тип товара: Кресло-бергер; Наименование: Шартрез; Материал: массив; Особенности: с пуфом, классика, ножки массив"
635,635,s1_636,,Мебель,7400,Стол кухонный 120×70 дуб сонома ЛДСП,Тип товара: Стол кухонный; Габариты: 120×70; Цвет: дуб сонома; Материал: ЛДСП
636,636,s1_637,,Мебель,1300,"Гирлянда интерьерная Метелица белый LED, USB, LED 5 м тёплый","Тип товара: Гирлянда интерьерная; Наименование: Метелица; Цвет: белый; Особенности: LED, USB, LED 5 м тёплый"
637,637,s1_638,,Мебель,28900,"Журнальный столик из массива Тоскана 120×60 дуб массив овальный, состаренный","Тип товара: Журнальный столик из массива; Наименование: Тоскана; Габариты: 120×60; Цвет: дуб; Материал: массив; Особенности: овальный, состаренный"
638,638,s1_639,,Мебель,42400,Кровать двуспальня Прага 180×200 экокожа с ортопедическим основанием,Тип товара: Кровать двуспальня; Наименование: Прага; Габариты: 180×200; Материал: экокожа; Особенности: с ортопедическим основанием
639,639,s1_640,,Мебель,31400,"Кресло Lounge Прованс состаренный, состаренный с подушкой цветочный принт, ножки гнутые","Тип товара: Кресло Lounge; Наименование: Прованс; Особенности: состаренный, состаренный с подушкой цветочный принт, ножки гнутые"
640,640,s1_641,,Мебель,19800,"Кресло-кокон Эверест белый искусственный ротанг подвесное, подвесное с подушкой","Тип товара: Кресло-кокон; Наименование: Эверест; Цвет: белый; Материал: искусственный ротанг; Особенности: подвесное, подвесное с подушкой"
641,641,s1_642,,Мебель,14800,Люстра потолочная Венеция,Тип товара: Люстра потолочная; Наименование: Венеция
642,642,s1_643,,Мебель,2400,Декоративный постер 30×40 типографика Hej 30×40 дуб комплект 3 шт,Тип товара: Декоративный постер 30×40 типографика; Наименование: Hej; Габариты: 30×40; Цвет: дуб; Особенности: комплект 3 шт
643,643,s1_644,,Мебель,52300,Распашной шкаф Классик 200×60×220 орех 4-дверный,Тип товара: Распашной шкаф; Наименование: Классик; Габариты: 200×60×220; Цвет: орех; Особенности: 4-дверный
644,644,s1_645,,Мебель,6900,Шторы готовые Берлин 2×145×260 песочный лён,Тип товара: Шторы готовые; Наименование: Берлин; Габариты: 2×145×260; Цвет: песочный; Материал: лён
645,645,s1_646,,Мебель,41800,"Кровать-татами Киото 160×200 ясень светлый на ножках, низкая на ножках","Тип товара: Кровать-татами; Наименование: Киото; Габариты: 160×200; Цвет: ясень светлый; Особенности: на ножках, низкая на ножках"
646,646,s1_647,,Мебель,3400,Шкатулка декоративная Малахит 25×18×12 дерево с инкрустацией,Тип товара: Шкатулка декоративная; Наименование: Малахит; Габариты: 25×18×12; Материал: дерево; Особенности: с инкрустацией
647,647,s1_648,,Мебель,21900,"Кухонный пенал Бергамо 60×60×220 белый, дуб артизан с микроволновой","Тип товара: Кухонный пенал; Наименование: Бергамо; Габариты: 60×60×220; Цвет: белый, дуб артизан; Особенности: с микроволновой"
648,648,s1_649,,Мебель,4990,Шкаф-купе 3-дверный 240×60×220 дуб сонома 3-дверный,Тип товара: Шкаф-купе 3-дверный; Габариты: 240×60×220; Цвет: дуб сонома; Особенности: 3-дверный
649,649,s1_650,,Мебель,2400,Стул Карина орех,Тип товара: Стул; Наименование: Карина; Цвет: орех
650,650,s1_651,,Мебель,94600,"Диван секционный Челси 350×180 синий 5 мест, угловой","Тип товара: Диван секционный; Наименование: Челси; Габариты: 350×180; Цвет: синий; Особенности: 5 мест, угловой"
651,651,s1_652,,Мебель,1700,"Ключница настенная Атриум дуб сонома с крючками, настенная, с крючками и полкой","Тип товара: Ключница настенная; Наименование: Атриум; Цвет: дуб сонома; Особенности: с крючками, настенная, с крючками и полкой"
652,652,s1_653,,Мебель,1500,Подушка декоративная Камея 45×45 бордо бархат с кисточками,Тип товара: Подушка декоративная; Наименование: Камея; Габариты: 45×45; Цвет: бордо; Материал: бархат; Особенности: с кисточками
653,653,s1_654,,Мебель,3700,"Стул-стремянка трансформер для кухни металл, дерево","Тип товара: Стул-стремянка трансформер для кухни; Материал: металл, дерево"
654,654,s1_655,,Мебель,21700,"Кресло Тоскана бежевый рогожка ножки бук, каминное с ушами","Тип товара: Кресло; Наименование: Тоскана; Цвет: бежевый; Материал: рогожка; Особенности: ножки бук, каминное с ушами"
655,655,s1_656,,Мебель,14800,"Кресло-качалка Бабушка из ивовой лозы, классическое","Тип товара: Кресло-качалка; Наименование: Бабушка; Особенности: из ивовой лозы, классическое"
656,656,s1_657,,Мебель,24400,"Тумба под умывальник Капри 100×45×60 белый, дуб артизан с двумя ящиками","Тип товара: Тумба под умывальник; Наименование: Капри; Габариты: 100×45×60; Цвет: белый, дуб артизан; Особенности: с двумя ящиками"
657,657,s1_658,,Мебель,17900,Кухонный уголок Прага коричневый экокожа с ящиками,Тип товара: Кухонный уголок; Наименование: Прага; Цвет: коричневый; Материал: экокожа; Особенности: с ящиками
658,658,s1_659,,Мебель,94800,Кровать водяная двуспальная Океан 180×200 с двумя зонами подогрева,Тип товара: Кровать водяная двуспальная; Наименование: Океан; Габариты: 180×200; Особенности: с двумя зонами подогрева
659,659,s1_660,,Мебель,18900,"Кровать Прима 140×200 дуб сонома ЛДСП эконом, с ящиком","Тип товара: Кровать; Наименование: Прима; Габариты: 140×200; Цвет: дуб сонома; Материал: ЛДСП; Особенности: эконом, с ящиком"
660,660,s1_661,,Мебель,6200,"Тостокана покрывало 220×240 песочный жаккард, лён","Тип товара: Тостокана покрывало; Габариты: 220×240; Цвет: песочный; Материал: жаккард, лён"
661,661,s1_662,,Мебель,33700,Шкаф 3-створчатый распашной Милан 150×55×210 венге 3-створчатый,Тип товара: Шкаф 3-створчатый распашной; Наименование: Милан; Габариты: 150×55×210; Цвет: венге; Особенности: 3-створчатый
662,662,s1_663,,Мебель,2900,Плед меховой 150×200 белый,Тип товара: Плед меховой; Габариты: 150×200; Цвет: белый
663,663,s1_664,,Мебель,17400,"Зеркало напольное Эра 60×180 бук бавария напольное, классическое с резной рамой","Тип товара: Зеркало напольное; Наименование: Эра; Габариты: 60×180; Цвет: бук бавария; Особенности: напольное, классическое с резной рамой"
664,664,s1_665,,Мебель,9700,Комод детский Малыш 80×40×80 ЛДСП 3 ящика,Тип товара: Комод детский; Наименование: Малыш; Габариты: 80×40×80; Материал: ЛДСП; Особенности: 3 ящика
665,665,s1_666,,Мебель,15600,"Тумба под раковину Аква 80×45×80 белый, дуб артизан напольная","Тип товара: Тумба под раковину; Наименование: Аква; Габариты: 80×45×80; Цвет: белый, дуб артизан; Особенности: напольная"
666,666,s1_667,,Мебель,47200,Кровать Аврора 200×200 пудровый велюр капитоне,Тип товара: Кровать; Наименование: Аврора; Габариты: 200×200; Цвет: пудровый; Материал: велюр; Особенности: капитоне
667,667,s1_668,,Мебель,26800,Журнальный столик из массива дуба Скандинав 110×55 дуб массив с овальной столешницей,Тип товара: Журнальный столик из массива дуба; Наименование: Скандинав; Габариты: 110×55; Цвет: дуб; Материал: массив; Особенности: с овальной столешницей
668,668,s1_669,,Мебель,26900,"Люстра потолочная Барселона латунь латунь, стекло 8 рожков","Тип товара: Люстра потолочная; Наименование: Барселона; Цвет: латунь; Материал: латунь, стекло; Особенности: 8 рожков"
669,669,s1_670,,Мебель,1900,Плед Кокон 150×200 серый,Тип товара: Плед; Наименование: Кокон; Габариты: 150×200; Цвет: серый
670,670,s1_671,,Мебель,7200,Кухонный модуль верхний сушка для посуды 80×30×72 белый матовый,Тип товара: Кухонный модуль верхний сушка для посуды; Габариты: 80×30×72; Цвет: белый; Особенности: матовый
671,671,s1_672,,Мебель,5700,"Картина модульная 5 частей, 150×60 Закат над морем 150×60 картина модульная 5 частей","Тип товара: Картина модульная 5 частей, 150×60; Наименование: Закат над морем; Габариты: 150×60; Особенности: картина модульная 5 частей"
672,672,s1_673,,Мебель,22400,Кресло с подушкой-валиком пыльно-розовый бархат серия Лайт,Тип товара: Кресло с подушкой-валиком; Цвет: пыльно-розовый; Материал: бархат; Особенности: серия Лайт
673,673,s1_674,,Мебель,12400,Тумба под раковину 80×45×55 белый дерево с двумя ящиками,Тип товара: Тумба под раковину; Габариты: 80×45×55; Цвет: белый; Материал: дерево; Особенности: с двумя ящиками
674,674,s1_675,,Мебель,4800,"Офисное кресло Лофт серый ткань лофт, эконом","Тип товара: Офисное кресло; Наименование: Лофт; Цвет: серый; Материал: ткань; Особенности: лофт, эконом"
675,675,s1_676,,Мебель,26400,"Кресло Lounge Орхидея пудровый, латунь бархат, латунь полукруглое","Тип товара: Кресло Lounge; Наименование: Орхидея; Цвет: пудровый, латунь; Материал: бархат, латунь; Особенности: полукруглое"
676,676,s1_677,,Мебель,58700,Кровать-бокс Премьер 180×200 молочный рогожка с двойным основанием,Тип товара: Кровать-бокс; Наименование: Премьер; Габариты: 180×200; Цвет: молочный; Материал: рогожка; Особенности: с двойным основанием
677,677,s1_678,,Мебель,12700,Стол рабочий гостиничный 120×60 дуб артизан с ящиком и розеткой,Тип товара: Стол рабочий гостиничный; Габариты: 120×60; Цвет: дуб артизан; Особенности: с ящиком и розеткой
678,678,s1_679,,Мебель,7900,Стеллаж 6-ярусный Самара 80×35×190 ясень шимо ЛДСП,Тип товара: Стеллаж 6-ярусный; Наименование: Самара; Габариты: 80×35×190; Цвет: ясень шимо; Материал: ЛДСП
679,679,s1_680,,Мебель,12900,"Стол журнальный Палермо 90×50×45 бронза мрамор, металл, бронза прямоугольный","Тип товара: Стол журнальный; Наименование: Палермо; Габариты: 90×50×45; Цвет: бронза; Материал: мрамор, металл, бронза; Особенности: прямоугольный"
680,680,s1_681,,Мебель,6300,Триптих 3×40×60 Модерн 3×40×60 металл абстракция,Тип товара: Триптих 3×40×60; Наименование: Модерн; Габариты: 3×40×60; Материал: металл; Особенности: абстракция
681,681,s1_682,,Мебель,2800,"Кашпо Венеция 25×25×35 белый металл, керамика с подставкой","Тип товара: Кашпо; Наименование: Венеция; Габариты: 25×25×35; Цвет: белый; Материал: металл, керамика; Особенности: с подставкой"
682,682,s1_683,,Мебель,6800,"Подвесной светильник Лофт металл подвесной, лофт","Тип товара: Подвесной светильник; Наименование: Лофт; Материал: металл; Особенности: подвесной, лофт"
683,683,s1_684,,Мебель,7400,Стеллаж для книг Конструктор 80×30×190,Тип товара: Стеллаж для книг; Наименование: Конструктор; Габариты: 80×30×190
684,684,s1_685,,Мебель,13400,"Банкетка длинная Тоскана 170×40×45 песочный, натуральный лён ножки бук","Тип товара: Банкетка длинная; Наименование: Тоскана; Габариты: 170×40×45; Цвет: песочный, натуральный; Материал: лён; Особенности: ножки бук"
685,685,s1_686,,Мебель,6800,Шкаф верхний кухонный Бергамо 60×30×72 белый матовый,Тип товара: Шкаф верхний кухонный; Наименование: Бергамо; Габариты: 60×30×72; Цвет: белый; Особенности: матовый
686,686,s1_687,,Мебель,19800,"Банкетка длинная Орхидея 200×40×50 изумрудный, золото бархат ножки золото","Тип товара: Банкетка длинная; Наименование: Орхидея; Габариты: 200×40×50; Цвет: изумрудный, золото; Материал: бархат; Особенности: ножки золото"
687,687,s1_688,,Мебель,22800,"Туалетный столик Ариэль 100×40×140 чёрный LED, с зеркалом, матовый, с зеркалом и подсветкой LED","Тип товара: Туалетный столик; Наименование: Ариэль; Габариты: 100×40×140; Цвет: чёрный; Особенности: LED, с зеркалом, матовый, с зеркалом и подсветкой LED"
688,688,s1_689,,Мебель,26400,"Диван-канапе Кушетка 180×80 пудровый велюр, массив ножки массив","Тип товара: Диван-канапе; Наименование: Кушетка; Габариты: 180×80; Цвет: пудровый; Материал: велюр, массив; Особенности: ножки массив"
689,689,s1_690,,Мебель,47990,"Шкаф-купе Берлин 240×60×220 см дуб сонома 3-дверный, с зеркалом, 3-дверный с зеркалом","Тип товара: Шкаф-купе; Наименование: Берлин; Габариты: 240×60×220 см; Цвет: дуб сонома; Особенности: 3-дверный, с зеркалом, 3-дверный с зеркалом"
690,690,s1_691,,Мебель,124700,"Книжный шкаф библиотечный Оксфорд 240×40×220 дуб массив дуба библиотечный, классика, массив дуба","Тип товара: Книжный шкаф библиотечный; Наименование: Оксфорд; Габариты: 240×40×220; Цвет: дуб; Материал: массив дуба; Особенности: библиотечный, классика, массив дуба"
691,691,s1_692,,Мебель,46700,"Шкаф-витрина Камея 100×40×200 белый, золото классика, патина с золотом","Тип товара: Шкаф-витрина; Наименование: Камея; Габариты: 100×40×200; Цвет: белый, золото; Особенности: классика, патина с золотом"
692,692,s1_693,,Мебель,1800,"Подставка под монитор регулируемая Бюрократ чёрная металл, ABS","Тип товара: Подставка под монитор регулируемая; Наименование: Бюрократ; Цвет: чёрная; Материал: металл, ABS"
693,693,s1_694,,Мебель,2700,"Подставка для цветов Флоренция белый металл настенная, настенная-полка","Тип товара: Подставка для цветов; Наименование: Флоренция; Цвет: белый; Материал: металл; Особенности: настенная, настенная-полка"
694,694,s1_695,,Мебель,19800,"Кресло качалка Глен лён, массив классика, из массива бука с подушкой","Тип товара: Кресло качалка; Наименование: Глен; Материал: лён, массив; Особенности: классика, из массива бука с подушкой"
695,695,s1_696,,Мебель,7200,Столик кофейный Кокон D60 кофейный велюр круглый,Тип товара: Столик кофейный; Наименование: Кокон; Габариты: D60; Цвет: кофейный; Материал: велюр; Особенности: круглый
696,696,s1_697,,Мебель,96700,"Кровать водяная двуспальная Атлантика 180×200 тик с термостатом, с термостатом и подушками-валиками","Тип товара: Кровать водяная двуспальная; Наименование: Атлантика; Габариты: 180×200; Материал: тик; Особенности: с термостатом, с термостатом и подушками-валиками"
697,697,s1_698,,Мебель,36900,"Домашний бар Тоскана 80×45×190 дуб артизан LED, с подсветкой LED","Тип товара: Домашний бар; Наименование: Тоскана; Габариты: 80×45×190; Цвет: дуб артизан; Особенности: LED, с подсветкой LED"
698,698,s1_699,,Мебель,5400,Журнальный столик 80×50 дуб сонома ЛДСП,Тип товара: Журнальный столик; Габариты: 80×50; Цвет: дуб сонома; Материал: ЛДСП
699,699,s1_700,,Мебель,1200,"Декоративная подушка Прага 45×45 бежевый вышивкой, с вышивкой","Тип товара: Декоративная подушка; Наименование: Прага; Габариты: 45×45; Цвет: бежевый; Особенности: вышивкой, с вышивкой"
700,700,s1_701,,Мебель,187900,"Книжный шкаф Британика 320×40×240 массив бука с лестницей, библиотечный, массив бука","Тип товара: Книжный шкаф; Наименование: Британика; Габариты: 320×40×240; Материал: массив бука; Особенности: с лестницей, библиотечный, массив бука"
701,701,s1_702,,Мебель,17800,Кровать односпальная Стокгольм 90×200 дуб артизан с ящиками,Тип товара: Кровать односпальная; Наименование: Стокгольм; Габариты: 90×200; Цвет: дуб артизан; Особенности: с ящиками
702,702,s1_703,,Мебель,67800,"Кухонный пенал Бергамо-Plus 60×60×220 белый, орех с холодильником встраиваемым","Тип товара: Кухонный пенал; Наименование: Бергамо-Plus; Габариты: 60×60×220; Цвет: белый, орех; Особенности: с холодильником встраиваемым"
703,703,s1_704,,Мебель,48700,"Стол письменный Премиум 160×80 латунь, орех латунь 3 ящика, с тумбой, с тумбой 3 ящика, с латунью","Тип товара: Стол письменный; Наименование: Премиум; Габариты: 160×80; Цвет: латунь, орех; Материал: латунь; Особенности: 3 ящика, с тумбой, с тумбой 3 ящика, с латунью"
704,704,s1_705,,Мебель,38900,Шакф для одежды Турин 150×55×210 орех 3-створчатый,Тип товара: Шакф для одежды; Наименование: Турин; Габариты: 150×55×210; Цвет: орех; Особенности: 3-створчатый
705,705,s1_706,,Мебель,9700,Тумба прикроватная Эра 50×40×60 орех классическая с резьбой,Тип товара: Тумба прикроватная; Наименование: Эра; Габариты: 50×40×60; Цвет: орех; Особенности: классическая с резьбой
706,706,s1_707,,Мебель,2700,"Декоративная пирамида Тоскана 15×15×40 латунь латунь, дерево набор 3 шт","Тип товара: Декоративная пирамида; Наименование: Тоскана; Габариты: 15×15×40; Цвет: латунь; Материал: латунь, дерево; Особенности: набор 3 шт"
707,707,s1_708,,Мебель,5400,"Картина модульная Адриатика, Морской бриз 3×50×70 тик","Тип товара: Картина модульная; Наименование: Адриатика, Морской бриз; Габариты: 3×50×70; Материал: тик"
708,708,s1_709,,Мебель,1900,"Настольный светильник Хюгге 30 см бежевый ткань, керамика с тканевым абажуром","Тип товара: Настольный светильник; Наименование: Хюгге; Габариты: 30 см; Цвет: бежевый; Материал: ткань, керамика; Особенности: с тканевым абажуром"
709,709,s1_710,,Мебель,5700,Скульптура декоративная Аполлон 40 см мрамор,Тип товара: Скульптура декоративная; Наименование: Аполлон; Габариты: 40 см; Материал: мрамор
710,710,s1_711,,Мебель,28400,"Кровать с балдахином Орхидея 90×180 белый, золото с балдахином, с короной","Тип товара: Кровать с балдахином; Наименование: Орхидея; Габариты: 90×180; Цвет: белый, золото; Особенности: с балдахином, с короной"
711,711,s1_712,,Мебель,3200,"Складной стул Веранда лён, металл складной, с подлокотниками","Тип товара: Складной стул; Наименование: Веранда; Материал: лён, металл; Особенности: складной, с подлокотниками"
712,712,s1_713,,Мебель,38900,"Барная стойка прямая Турин 200×40×105 чёрный, дуб артизан металл прямая, с двумя полками","Тип товара: Барная стойка прямая; Наименование: Турин; Габариты: 200×40×105; Цвет: чёрный, дуб артизан; Материал: металл; Особенности: прямая, с двумя полками"
713,713,s1_714,,Мебель,5800,Покрывало стёганое Тоскана 220×240 песочный лён,Тип товара: Покрывало стёганое; Наименование: Тоскана; Габариты: 220×240; Цвет: песочный; Материал: лён
714,714,s1_715,,Мебель,990,Подушка декоративная Скандинавия 40×40 хлопок графический принт,Тип товара: Подушка декоративная; Наименование: Скандинавия; Габариты: 40×40; Материал: хлопок; Особенности: графический принт
715,715,s1_716,,Мебель,9800,Шкаф-пенал Лазурь 30×25×170 белый дерево подвесной,Тип товара: Шкаф-пенал; Наименование: Лазурь; Габариты: 30×25×170; Цвет: белый; Материал: дерево; Особенности: подвесной
716,716,s1_717,,Мебель,3200,"Бра настенное Прага латунь латунь, стекло настенное, классическое","Тип товара: Бра настенное; Наименование: Прага; Цвет: латунь; Материал: латунь, стекло; Особенности: настенное, классическое"
717,717,s1_718,,Мебель,1100,Декоративная подушка Кокон 45×45 пыльно-розовый велюр,Тип товара: Декоративная подушка; Наименование: Кокон; Габариты: 45×45; Цвет: пыльно-розовый; Материал: велюр
718,718,s1_719,,Мебель,14800,"Шкаф для лоджии Патио 80×40×190 дуб артизан с ящиками, с ящиками для инструмента","Тип товара: Шкаф для лоджии; Наименование: Патио; Габариты: 80×40×190; Цвет: дуб артизан; Особенности: с ящиками, с ящиками для инструмента"
719,719,s1_720,,Мебель,78400,"Сервант с подсветкой Палаццо 160×45×190 золото, орех стекло с подсветкой, с патиной","Тип товара: Сервант с подсветкой; Наименование: Палаццо; Габариты: 160×45×190; Цвет: золото, орех; Материал: стекло; Особенности: с подсветкой, с патиной"
720,720,s1_721,,Мебель,28700,"Зеркало art Нарцисс 70×100 золото неправильной формы, золочёная с лепниной, рама золочёная с лепниной","Тип товара: Зеркало art; Наименование: Нарцисс; Габариты: 70×100; Цвет: золото; Особенности: неправильной формы, золочёная с лепниной, рама золочёная с лепниной"
721,721,s1_722,,Мебель,6400,Стеллаж модульный 6 кубов Конструктор белый тик можно ставить горизонтально и вертикально,Тип товара: Стеллаж модульный 6 кубов; Наименование: Конструктор; Цвет: белый; Материал: тик; Особенности: можно ставить горизонтально и вертикально
722,722,s1_723,,Мебель,14800,Парта детская Авангард розовый с пеналом и стулом,Тип товара: Парта детская; Наименование: Авангард; Цвет: розовый; Особенности: с пеналом и стулом
723,723,s1_724,,Мебель,7800,"Турбмочка прикроватная Венеция 50×40×55 белый, золото классика","Тип товара: Турбмочка прикроватная; Наименование: Венеция; Габариты: 50×40×55; Цвет: белый, золото; Особенности: классика"
724,724,s1_725,,Мебель,3900,Балдахин детский подвесной с короной кремовый подвесной,Тип товара: Балдахин детский подвесной с короной; Цвет: кремовый; Особенности: подвесной
725,725,s1_726,,Мебель,5700,Декоративная статуэтка Флоренция 45×15×35 классика,Тип товара: Декоративная статуэтка; Наименование: Флоренция; Габариты: 45×15×35; Особенности: классика
726,726,s1_727,,Мебель,33700,Кровать Виктория 140×200 шампань велюр с мягким изголовьем-волной,Тип товара: Кровать; Наименование: Виктория; Габариты: 140×200; Цвет: шампань; Материал: велюр; Особенности: с мягким изголовьем-волной
727,727,s1_728,,Мебель,79800,"Сервант с подсветкой Версаль 180×45×195 орех стекло с подсветкой, патина, с гравировкой","Тип товара: Сервант с подсветкой; Наименование: Версаль; Габариты: 180×45×195; Цвет: орех; Материал: стекло; Особенности: с подсветкой, патина, с гравировкой"
728,728,s1_729,,Мебель,38700,"Кресло Lounge Натура дуб массив классика, из массива дуба с подушкой кожаной","Тип товара: Кресло Lounge; Наименование: Натура; Цвет: дуб; Материал: массив; Особенности: классика, из массива дуба с подушкой кожаной"
729,729,s1_730,,Мебель,4700,"Калошница Прихожая 80×30×100 белый откидной, матовый, с откидной полкой","Тип товара: Калошница; Наименование: Прихожая; Габариты: 80×30×100; Цвет: белый; Особенности: откидной, матовый, с откидной полкой"
730,730,s1_731,,Мебель,39800,"Шкаф-купе Модерн 180×60×220 белый глянец, глянец с зеркальной вставкой","Тип товара: Шкаф-купе; Наименование: Модерн; Габариты: 180×60×220; Цвет: белый; Особенности: глянец, глянец с зеркальной вставкой"
731,731,s1_732,,Мебель,9700,"Тумба под раковину Полярная 60×45×60 белый с одним ящиком, глянец","Тип товара: Тумба под раковину; Наименование: Полярная; Габариты: 60×45×60; Цвет: белый; Особенности: с одним ящиком, глянец"
732,732,s1_733,,Мебель,4700,"Винная полка Венеция латунь латунь подвесная, подвесная с держателем бокалов","Тип товара: Винная полка; Наименование: Венеция; Цвет: латунь; Материал: латунь; Особенности: подвесная, подвесная с держателем бокалов"
733,733,s1_734,,Мебель,3400,Балконный складной стул с подлокотниками серый лён складной,Тип товара: Балконный складной стул с подлокотниками; Цвет: серый; Материал: лён; Особенности: складной
734,734,s1_735,,Мебель,12300,Журнальный столик трансформер Конструктор венге ЛДСП,Тип товара: Журнальный столик трансформер; Наименование: Конструктор; Цвет: венге; Материал: ЛДСП
735,735,s1_736,,Мебель,7400,"Зеркало Аделина 60×80 белый LED, с подсветкой LED","Тип товара: Зеркало; Наименование: Аделина; Габариты: 60×80; Цвет: белый; Особенности: LED, с подсветкой LED"
736,736,s1_737,,Мебель,9800,"Кухонный модуль нижний 60×60 белый матовый, с выдвижными ящиками","Тип товара: Кухонный модуль нижний; Габариты: 60×60; Цвет: белый; Особенности: матовый, с выдвижными ящиками"
737,737,s1_738,,Мебель,46700,"Угловой диван-кровать Стелла рогожка угловой, с ящиком для белья","Тип товара: Угловой диван-кровать; Наименование: Стелла; Материал: рогожка; Особенности: угловой, с ящиком для белья"
738,738,s1_739,,Мебель,124700,"Сервант Флоренция 200×45×220 золото LED, с подсветкой LED, патина, с подсветкой LED и баром","Тип товара: Сервант; Наименование: Флоренция; Габариты: 200×45×220; Цвет: золото; Особенности: LED, с подсветкой LED, патина, с подсветкой LED и баром"
739,739,s1_740,,Мебель,1700,Постер интерьерный Минимализм 50×70 белый дерево минимализм,Тип товара: Постер интерьерный; Наименование: Минимализм; Габариты: 50×70; Цвет: белый; Материал: дерево; Особенности: минимализм
740,740,s1_741,,Мебель,3600,"Бра настенное Тюльпан латунь латунь LED, настенное, матовая, LED с гибким рожком","Тип товара: Бра настенное; Наименование: Тюльпан; Цвет: латунь; Материал: латунь; Особенности: LED, настенное, матовая, LED с гибким рожком"
741,741,s1_742,,Мебель,39800,"Кровать с тумбами в изголовье Меридиан 160×200 белый, ясень шимо матовый","Тип товара: Кровать с тумбами в изголовье; Наименование: Меридиан; Габариты: 160×200; Цвет: белый, ясень шимо; Особенности: матовый"
742,742,s1_743,,Мебель,2400,Лампа на струбцине офисная Лофт чёрный металл лофт,Тип товара: Лампа на струбцине офисная; Наименование: Лофт; Цвет: чёрный; Материал: металл; Особенности: лофт
743,743,s1_744,,Мебель,3400,"Плед двусторонний 150×200 графит, молочный","Тип товара: Плед двусторонний; Габариты: 150×200; Цвет: графит, молочный"
744,744,s1_745,,Мебель,72800,"Витрина Корсика 100×40×220 чёрный с подсветкой, глянец, с подсветкой и зеркальной задней стенкой","Тип товара: Витрина; Наименование: Корсика; Габариты: 100×40×220; Цвет: чёрный; Особенности: с подсветкой, глянец, с подсветкой и зеркальной задней стенкой"
745,745,s1_746,,Мебель,48900,Кровать-бокс Альфа 160×200 рогожка с боковыми ящиками,Тип товара: Кровать-бокс; Наименование: Альфа; Габариты: 160×200; Материал: рогожка; Особенности: с боковыми ящиками
746,746,s1_747,,Мебель,5700,Стеллаж напольный 4 уровня 70×35×140 дуб металл напольный,Тип товара: Стеллаж напольный 4 уровня; Габариты: 70×35×140; Цвет: дуб; Материал: металл; Особенности: напольный
747,747,s1_748,,Мебель,47000,"Подушка декоративная Премиум 50×50 золото бархат вышивкой, с вышивкой","Тип товара: Подушка декоративная; Наименование: Премиум; Габариты: 50×50; Цвет: золото; Материал: бархат; Особенности: вышивкой, с вышивкой"
748,748,s1_749,,Мебель,48400,Кровать-татами Окинава 180×200 дуб артизан с встроенными тумбами,Тип товара: Кровать-татами; Наименование: Окинава; Габариты: 180×200; Цвет: дуб артизан; Особенности: с встроенными тумбами
749,749,s1_750,,Мебель,4200,"Люстра Кокон белый с подсветкой, в детскую, облако с подсветкой","Тип товара: Люстра; Наименование: Кокон; Цвет: белый; Особенности: с подсветкой, в детскую, облако с подсветкой"
750,750,s1_751,,Мебель,14800,Кресло,Тип товара: Кресло
751,751,s1_752,,Мебель,58700,"Диван-канапе Орхидея гобелен, лён, тик 2-местный, флористика, ножки резные","Тип товара: Диван-канапе; Наименование: Орхидея; Материал: гобелен, лён, тик; Особенности: 2-местный, флористика, ножки резные"
752,752,s1_753,,Мебель,3700,Кресло-мешок Биг серый ткань XL,Тип товара: Кресло-мешок; Наименование: Биг; Цвет: серый; Материал: ткань; Особенности: XL
753,753,s1_754,,Мебель,94800,"Барная стойка угловая Палермо 180×180×110 белый, орех с винным шкафом, угловая, глянец","Тип товара: Барная стойка угловая; Наименование: Палермо; Габариты: 180×180×110; Цвет: белый, орех; Особенности: с винным шкафом, угловая, глянец"
754,754,s1_755,,Мебель,14400,"Журнальный столик Прованс 80×50 белый классика, состаренный","Тип товара: Журнальный столик; Наименование: Прованс; Габариты: 80×50; Цвет: белый; Особенности: классика, состаренный"
755,755,s1_756,,Мебель,3400,Зеркало с фоторамкой Венеция 50×70 белый для коллажа 6 фото,Тип товара: Зеркало с фоторамкой; Наименование: Венеция; Габариты: 50×70; Цвет: белый; Особенности: для коллажа 6 фото
756,756,s1_757,,Мебель,3200,Корзина для белья Сиена 35×35×55 белый искусственный ротанг в ванную,Тип товара: Корзина для белья; Наименование: Сиена; Габариты: 35×35×55; Цвет: белый; Материал: искусственный ротанг; Особенности: в ванную
757,757,s1_758,,Мебель,9700,"Стеллаж Лофт 90×35×180 металл, дерево лофт","Тип товара: Стеллаж; Наименование: Лофт; Габариты: 90×35×180; Материал: металл, дерево; Особенности: лофт"
758,758,s1_759,,Мебель,19400,"Тумба для ванной Лазурь 100×45×60 серый с двумя ящиками, для ванной","Тип товара: Тумба для ванной; Наименование: Лазурь; Габариты: 100×45×60; Цвет: серый; Особенности: с двумя ящиками, для ванной"
759,759,s1_760,,Мебель,28900,Кровать двуспальная графит экокожа,Тип товара: Кровать двуспальная; Цвет: графит; Материал: экокожа
760,760,s1_761,,Мебель,8700,"Кофейный столик Беларус 80×50×45 белый, чёрный, кофейный мрамор, металл","Тип товара: Кофейный столик; Наименование: Беларус; Габариты: 80×50×45; Цвет: белый, чёрный, кофейный; Материал: мрамор, металл"
761,761,s1_762,,Мебель,36700,Стеллаж модульный стеновой Конструктор 240×30×220 дуб артизан из 18 кубов,Тип товара: Стеллаж модульный стеновой; Наименование: Конструктор; Габариты: 240×30×220; Цвет: дуб артизан; Особенности: из 18 кубов
762,762,s1_763,,Мебель,6800,Стеллаж-перегородка Кокон дуб сонома,Тип товара: Стеллаж-перегородка; Наименование: Кокон; Цвет: дуб сонома
763,763,s1_764,,Мебель,18700,"Кресло-папасан Бали D110 бежевый, натуральный велюр, натуральный ротанг","Тип товара: Кресло-папасан; Наименование: Бали; Габариты: D110; Цвет: бежевый, натуральный; Материал: велюр, натуральный ротанг"
764,764,s1_765,,Мебель,41200,"Шкаф-купе Стокгольм 180×60×220 дуб артизан 2-дверный, с зеркалом, 2-дверный с зеркалом","Тип товара: Шкаф-купе; Наименование: Стокгольм; Габариты: 180×60×220; Цвет: дуб артизан; Особенности: 2-дверный, с зеркалом, 2-дверный с зеркалом"
765,765,s1_766,,Мебель,42400,"Диван-канапе Палаццо сапфировый, золото бархат ножки золото","Тип товара: Диван-канапе; Наименование: Палаццо; Цвет: сапфировый, золото; Материал: бархат; Особенности: ножки золото"
766,766,s1_767,,Мебель,38400,"Журнальный столик мраморный Версаль D90 белый, латунь мрамор, латунь овальный, классика","Тип товара: Журнальный столик мраморный; Наименование: Версаль; Габариты: D90; Цвет: белый, латунь; Материал: мрамор, латунь; Особенности: овальный, классика"
767,767,s1_768,,Мебель,42700,Кровать-бокс Лазурь 140×200 графит велюр с подъёмным основанием,Тип товара: Кровать-бокс; Наименование: Лазурь; Габариты: 140×200; Цвет: графит; Материал: велюр; Особенности: с подъёмным основанием
768,768,s1_769,,Мебель,3200,"Часы настенные декоративные Венеция D45 бронза металл, бронза","Тип товара: Часы настенные декоративные; Наименование: Венеция; Габариты: D45; Цвет: бронза; Материал: металл, бронза"
769,769,s1_770,,Мебель,38700,"Стеллаж-витрина 80×40×200 золото, орех стекло стеклянные дверцы, с золотом","Тип товара: Стеллаж-витрина; Габариты: 80×40×200; Цвет: золото, орех; Материал: стекло; Особенности: стеклянные дверцы, с золотом"
770,770,s1_771,,Мебель,34500,Кровать Карина 160×200 бежевый рогожка с декоративной строчкой,Тип товара: Кровать; Наименование: Карина; Габариты: 160×200; Цвет: бежевый; Материал: рогожка; Особенности: с декоративной строчкой
771,771,s1_772,,Мебель,1900,"Бра Лофт чёрный металл E27, поворотное, лофт","Тип товара: Бра; Наименование: Лофт; Цвет: чёрный; Материал: металл; Особенности: E27, поворотное, лофт"
772,772,s1_773,,Мебель,9800,"Картина-абстракция Хаос 100×100 акрил дизайнерская, абстракция, на холсте","Тип товара: Картина-абстракция; Наименование: Хаос; Габариты: 100×100; Материал: акрил; Особенности: дизайнерская, абстракция, на холсте"
773,773,s1_774,,Мебель,18700,"Кресло-кокон Гранд графит рогожка поворотное, для учёбы поворотное","Тип товара: Кресло-кокон; Наименование: Гранд; Цвет: графит; Материал: рогожка; Особенности: поворотное, для учёбы поворотное"
774,774,s1_775,,Мебель,38900,"Кровать кованая Бордо 140×200 чёрный, бордо матовый","Тип товара: Кровать кованая; Наименование: Бордо; Габариты: 140×200; Цвет: чёрный, бордо; Особенности: матовый"
775,775,s1_776,,Мебель,2900,"Декоративный поднос Флоренция D40 латунь латунь, дерево круглый, классика","Тип товара: Декоративный поднос; Наименование: Флоренция; Габариты: D40; Цвет: латунь; Материал: латунь, дерево; Особенности: круглый, классика"
776,776,s1_777,,Мебель,28400,"Кофейный столик круглый D70 кофейный, латунь, натуральный мрамор, латунь круглый, серия Лайт","Тип товара: Кофейный столик круглый; Габариты: D70; Цвет: кофейный, латунь, натуральный; Материал: мрамор, латунь; Особенности: круглый, серия Лайт"
777,777,s1_778,,Мебель,14700,"Кресло мягкое Зефир розовый велюр с пуфом, детское с пуфом","Тип товара: Кресло мягкое; Наименование: Зефир; Цвет: розовый; Материал: велюр; Особенности: с пуфом, детское с пуфом"
778,778,s1_779,,Мебель,52400,"Диван угловой Стокгольм 280×170 серый рогожка угловой, левый угол","Тип товара: Диван угловой; Наименование: Стокгольм; Габариты: 280×170; Цвет: серый; Материал: рогожка; Особенности: угловой, левый угол"
779,779,s1_780,,Мебель,48700,Стенка-горка Венеция 320 см ясень шимо в гостиную,Тип товара: Стенка-горка; Наименование: Венеция; Габариты: 320 см; Цвет: ясень шимо; Особенности: в гостиную
780,780,s1_781,,Мебель,4200,"Складной стол круглый Веранда D60 коричневый искусственный ротанг складной, круглый","Тип товара: Складной стол круглый; Наименование: Веранда; Габариты: D60; Цвет: коричневый; Материал: искусственный ротанг; Особенности: складной, круглый"
781,781,s1_782,,Мебель,15400,Угловой кухонный диван Карина 150×120 серый рогожка угловой,Тип товара: Угловой кухонный диван; Наименование: Карина; Габариты: 150×120; Цвет: серый; Материал: рогожка; Особенности: угловой
782,782,s1_783,,Мебель,19400,"Журнальный столик овальный 110×60 дуб массив дуба овальный, массив дуба","Тип товара: Журнальный столик овальный; Габариты: 110×60; Цвет: дуб; Материал: массив дуба; Особенности: овальный, массив дуба"
783,783,s1_784,,Мебель,3100,Плед Иней 180×220 серый,Тип товара: Плед; Наименование: Иней; Габариты: 180×220; Цвет: серый
784,784,s1_785,,Мебель,14700,Шкаф узкий в прихожую Норвегия 50×35×210 дуб артизан с зеркалом,Тип товара: Шкаф узкий в прихожую; Наименование: Норвегия; Габариты: 50×35×210; Цвет: дуб артизан; Особенности: с зеркалом
785,785,s1_786,,Мебель,24600,Кресло Стелла изумрудный велюр каминное с высокой спинкой,Тип товара: Кресло; Наименование: Стелла; Цвет: изумрудный; Материал: велюр; Особенности: каминное с высокой спинкой
786,786,s1_787,,Мебель,52400,"Шкаф-горка Тоскана 280 см белый массив состаренный, массив сосны","Тип товара: Шкаф-горка; Наименование: Тоскана; Габариты: 280 см; Цвет: белый; Материал: массив; Особенности: состаренный, массив сосны"
787,787,s1_788,,Мебель,5400,"Шкатулка декоративная Версаль 32×22×14 золото с патиной, с патиной и зеркалом внутри","Тип товара: Шкатулка декоративная; Наименование: Версаль; Габариты: 32×22×14; Цвет: золото; Особенности: с патиной, с патиной и зеркалом внутри"
788,788,s1_789,,Мебель,14700,"Тумба под умывальник Полярная 70×45×55 белый soft-close, подвесная, глянец","Тип товара: Тумба под умывальник; Наименование: Полярная; Габариты: 70×45×55; Цвет: белый; Особенности: soft-close, подвесная, глянец"
789,789,s1_790,,Мебель,38900,"Кровать Аделина 160×200 см серый экокожа с подъёмным механизмом, двуспальная с подъёмным механизмом","Тип товара: Кровать; Наименование: Аделина; Габариты: 160×200 см; Цвет: серый; Материал: экокожа; Особенности: с подъёмным механизмом, двуспальная с подъёмным механизмом"
790,790,s1_791,,Мебель,2900,Стул Берлин графит велюр с мягкой спинкой,Тип товара: Стул; Наименование: Берлин; Цвет: графит; Материал: велюр; Особенности: с мягкой спинкой
791,791,s1_792,,Мебель,39600,"Двуспальная кровать Норд 160×200 ясень светлый скандинавский, скандинавский стиль","Тип товара: Двуспальная кровать; Наименование: Норд; Габариты: 160×200; Цвет: ясень светлый; Особенности: скандинавский, скандинавский стиль"
792,792,s1_793,,Мебель,3700,"Стул Дельта металл, дерево, тик, пластик","Тип товара: Стул; Наименование: Дельта; Материал: металл, дерево, тик, пластик"
793,793,s1_794,,Мебель,17400,Парта-трансформер Эра голубой с пеналом и стулом,Тип товара: Парта-трансформер; Наименование: Эра; Цвет: голубой; Особенности: с пеналом и стулом
794,794,s1_795,,Мебель,1900,Покрывало плед Хюгге 130×170 молочный,Тип товара: Покрывало плед; Наименование: Хюгге; Габариты: 130×170; Цвет: молочный
795,795,s1_796,,Мебель,18900,Шкаф картотечный Архив металл 2 секции,Тип товара: Шкаф картотечный; Наименование: Архив; Материал: металл; Особенности: 2 секции
796,796,s1_797,,Мебель,49900,Диван угловой Малибу серый рогожка угловой,Тип товара: Диван угловой; Наименование: Малибу; Цвет: серый; Материал: рогожка; Особенности: угловой
797,797,s1_798,,Мебель,19800,Кресло-кокон подвесное с подушками белый искусственный ротанг подвесное,Тип товара: Кресло-кокон подвесное с подушками; Цвет: белый; Материал: искусственный ротанг; Особенности: подвесное
798,798,s1_799,,Мебель,1400,"Подушка декоративная Прованс 45×45 бежевый лён вышивкой, с вышивкой","Тип товара: Подушка декоративная; Наименование: Прованс; Габариты: 45×45; Цвет: бежевый; Материал: лён; Особенности: вышивкой, с вышивкой"
799,799,s1_800,,Мебель,24800,Тумба под ТВ Меридиан 200×40×45 дуб шпон светлый дуб с фасадами,Тип товара: Тумба под ТВ; Наименование: Меридиан; Габариты: 200×40×45; Цвет: дуб; Материал: шпон; Особенности: светлый дуб с фасадами
800,800,s1_801,,Мебель,42400,"Бар-витрина Венеция 100×40×180 чёрный, латунь латунь с зеркальной задней стенкой","Тип товара: Бар-витрина; Наименование: Венеция; Габариты: 100×40×180; Цвет: чёрный, латунь; Материал: латунь; Особенности: с зеркальной задней стенкой"
801,801,s1_802,,Мебель,5400,Банкетка Прага 90×35×45 серый рогожка в прихожую,Тип товара: Банкетка; Наименование: Прага; Габариты: 90×35×45; Цвет: серый; Материал: рогожка; Особенности: в прихожую
802,802,s1_803,,Мебель,6700,"Подсвечник Венеция 30 см дизайнерский, из стекла Murano цветной","Тип товара: Подсвечник; Наименование: Венеция; Габариты: 30 см; Особенности: дизайнерский, из стекла Murano цветной"
803,803,s1_804,,Мебель,37400,Диван-кровать прямой Айова 200×95 синий рогожка прямой,Тип товара: Диван-кровать прямой; Наименование: Айова; Габариты: 200×95; Цвет: синий; Материал: рогожка; Особенности: прямой
804,804,s1_805,,Мебель,18400,"Шкаф для одежды детский Зефир 90×50×190 белый, розовый","Тип товара: Шкаф для одежды детский; Наименование: Зефир; Габариты: 90×50×190; Цвет: белый, розовый"
805,805,s1_806,,Мебель,3700,"Картина на холсте Натура, Северный лес 60×80","Тип товара: Картина на холсте; Наименование: Натура, Северный лес; Габариты: 60×80"
806,806,s1_807,,Мебель,11400,"Зеркало напольное Бергамо 55×170 орех шпон ореха напольное, в раме ореха","Тип товара: Зеркало напольное; Наименование: Бергамо; Габариты: 55×170; Цвет: орех; Материал: шпон ореха; Особенности: напольное, в раме ореха"
807,807,s1_808,,Мебель,13800,Стол письменный Авангард белый,Тип товара: Стол письменный; Наименование: Авангард; Цвет: белый
808,808,s1_809,,Мебель,26700,"Зеркало-трюмо Орхидея 80×40×155 белый, розовый, золото с пуфом, классическое с пуфом","Тип товара: Зеркало-трюмо; Наименование: Орхидея; Габариты: 80×40×155; Цвет: белый, розовый, золото; Особенности: с пуфом, классическое с пуфом"
809,809,s1_810,,Мебель,54200,Витрина-горка угловая Кремона 70×70×210 стекло угловая,Тип товара: Витрина-горка угловая; Наименование: Кремона; Габариты: 70×70×210; Материал: стекло; Особенности: угловая
810,810,s1_811,,Мебель,28400,"Комод Венеция 100×50×90 белый, золото классика","Тип товара: Комод; Наименование: Венеция; Габариты: 100×50×90; Цвет: белый, золото; Особенности: классика"
811,811,s1_812,,Мебель,36900,"Шкаф-купе Стокгольм 160×60×220 дуб артизан 2-дверный, с зеркалом, 2-дверный с зеркалом","Тип товара: Шкаф-купе; Наименование: Стокгольм; Габариты: 160×60×220; Цвет: дуб артизан; Особенности: 2-дверный, с зеркалом, 2-дверный с зеркалом"
812,812,s1_813,,Мебель,18900,"Журнальный столик из массива бука Натура 100×55 лён, массив со скруглёнными углами","Тип товара: Журнальный столик из массива бука; Наименование: Натура; Габариты: 100×55; Материал: лён, массив; Особенности: со скруглёнными углами"
813,813,s1_814,,Мебель,14800,"Кресло Эпсилон чёрный экокожа, ткань","Тип товара: Кресло; Наименование: Эпсилон; Цвет: чёрный; Материал: экокожа, ткань"
814,814,s1_815,,Мебель,34800,"Комод Барселона 90×40×100 чёрный, латунь латунь с дверцей, матовый, 3-ящичный с дверцей","Тип товара: Комод; Наименование: Барселона; Габариты: 90×40×100; Цвет: чёрный, латунь; Материал: латунь; Особенности: с дверцей, матовый, 3-ящичный с дверцей"
815,815,s1_816,,Мебель,1700,Подушка декоративная Иней 50×50 серый,Тип товара: Подушка декоративная; Наименование: Иней; Габариты: 50×50; Цвет: серый
816,816,s1_817,,Мебель,46700,"Кровать Стокгольм 160×200 натуральный массив скандинавский, каркасная из массива берёзы","Тип товара: Кровать; Наименование: Стокгольм; Габариты: 160×200; Цвет: натуральный; Материал: массив; Особенности: скандинавский, каркасная из массива берёзы"
817,817,s1_818,,Мебель,18900,"Стол компьютерный угловой Лофт 140×120 графит ЛДСП, металл угловой, лофт, металлокаркас +","Тип товара: Стол компьютерный угловой; Наименование: Лофт; Габариты: 140×120; Цвет: графит; Материал: ЛДСП, металл; Особенности: угловой, лофт, металлокаркас +"
818,818,s1_819,,Мебель,5400,"Гобелен настенный Тоскана 80×120 гобелен, лён, дерево, тик настенный, флористика","Тип товара: Гобелен настенный; Наименование: Тоскана; Габариты: 80×120; Материал: гобелен, лён, дерево, тик; Особенности: настенный, флористика"
819,819,s1_820,,Мебель,52800,"Шкаф-витрина Меран 110×40×210 золото, орех стекло с витринным стеклом, с золотом","Тип товара: Шкаф-витрина; Наименование: Меран; Габариты: 110×40×210; Цвет: золото, орех; Материал: стекло; Особенности: с витринным стеклом, с золотом"
820,820,s1_821,,Мебель,43900,"Сервант Луара 120×45×180 орех LED, классика, с патиной, подсветка LED","Тип товара: Сервант; Наименование: Луара; Габариты: 120×45×180; Цвет: орех; Особенности: LED, классика, с патиной, подсветка LED"
821,821,s1_822,,Мебель,42500,"Кухонный модуль Палермо-Lux 60×60×90 графит, дуб артизан с встраиваемой духовкой","Тип товара: Кухонный модуль; Наименование: Палермо-Lux; Габариты: 60×60×90; Цвет: графит, дуб артизан; Особенности: с встраиваемой духовкой"
822,822,s1_823,,Мебель,17400,Стол письменный 60×40×60 см серый велюр,Тип товара: Стол письменный; Габариты: 60×40×60 см; Цвет: серый; Материал: велюр
823,823,s1_824,,Мебель,42700,Диван-кровать Венский 200×90 пыльно-розовый рогожка,Тип товара: Диван-кровать; Наименование: Венский; Габариты: 200×90; Цвет: пыльно-розовый; Материал: рогожка
824,824,s1_825,,Мебель,28700,"Журнальный столик Орбита D70 латунь мрамор каррара, латунь круглый, мраморный круглый","Тип товара: Журнальный столик; Наименование: Орбита; Габариты: D70; Цвет: латунь; Материал: мрамор каррара, латунь; Особенности: круглый, мраморный круглый"
825,825,s1_826,,Мебель,13800,"Тумба под умывальник Капри 60×45×55 металл, бамбук","Тип товара: Тумба под умывальник; Наименование: Капри; Габариты: 60×45×55; Материал: металл, бамбук"
826,826,s1_827,,Мебель,19800,"Кресло Lounge Капри бирюзовый ткань, ротанг из ротанга с подушкой","Тип товара: Кресло Lounge; Наименование: Капри; Цвет: бирюзовый; Материал: ткань, ротанг; Особенности: из ротанга с подушкой"
827,827,s1_828,,Мебель,58900,"Диван угловой Луара 280×170 серый рогожка угловой, ниша для белья","Тип товара: Диван угловой; Наименование: Луара; Габариты: 280×170; Цвет: серый; Материал: рогожка; Особенности: угловой, ниша для белья"
828,828,s1_829,,Мебель,4700,"Картина в раме Северянин, Морошка 50×70 натуральный","Тип товара: Картина в раме; Наименование: Северянин, Морошка; Габариты: 50×70; Цвет: натуральный"
829,829,s1_830,,Мебель,15700,"Шкаф для игрушек Феникс белый, мятный 3-секционный, 3-секционный с открытыми полками","Тип товара: Шкаф для игрушек; Наименование: Феникс; Цвет: белый, мятный; Особенности: 3-секционный, 3-секционный с открытыми полками"
830,830,s1_831,,Мебель,800,"Гирлянда LED батарейная 3 м тёплый белый белый, медный LED, медный провод","Тип товара: Гирлянда LED батарейная 3 м тёплый белый; Цвет: белый, медный; Особенности: LED, медный провод"
831,831,s1_832,,Мебель,15800,"Зеркало напольное Камея 55×170 бронза бронза напольное, с патиной, в раме барокко","Тип товара: Зеркало напольное; Наименование: Камея; Габариты: 55×170; Цвет: бронза; Материал: бронза; Особенности: напольное, с патиной, в раме барокко"
832,832,s1_833,,Мебель,94700,"Шкаф 4-створчатый Версаль 200×60×240 белый, золото 4-створчатый, классика","Тип товара: Шкаф 4-створчатый; Наименование: Версаль; Габариты: 200×60×240; Цвет: белый, золото; Особенности: 4-створчатый, классика"
833,833,s1_834,,Мебель,2900,"Стул банкетный Наполеон серый, прозрачный для свадеб","Тип товара: Стул банкетный; Наименование: Наполеон; Цвет: серый, прозрачный; Особенности: для свадеб"
834,834,s1_835,,Мебель,102800,"Кровать водяная Лазурь 180×200 белый экокожа, лён с раздельным управлением сторон","Тип товара: Кровать водяная; Наименование: Лазурь; Габариты: 180×200; Цвет: белый; Материал: экокожа, лён; Особенности: с раздельным управлением сторон"
835,835,s1_836,,Мебель,5700,Навесной шкаф Лазурь 30×25×70 дуб артизан с зеркалом,Тип товара: Навесной шкаф; Наименование: Лазурь; Габариты: 30×25×70; Цвет: дуб артизан; Особенности: с зеркалом
836,836,s1_837,,Мебель,3800,"Ваза декоративная стекло Венеция 45 см золото, прозрачный стекло с росписью","Тип товара: Ваза декоративная стекло; Наименование: Венеция; Габариты: 45 см; Цвет: золото, прозрачный; Материал: стекло; Особенности: с росписью"
837,837,s1_838,,Мебель,2900,"Настольная лампа Берлин белый LED, сенсорная, сенсорная LED","Тип товара: Настольная лампа; Наименование: Берлин; Цвет: белый; Особенности: LED, сенсорная, сенсорная LED"
838,838,s1_839,,Мебель,15600,"Стол письменный Берлин 130×60 белый, дуб сонома 3 ящиками, с тумбой, с тумбой и 3 ящиками","Тип товара: Стол письменный; Наименование: Берлин; Габариты: 130×60; Цвет: белый, дуб сонома; Особенности: 3 ящиками, с тумбой, с тумбой и 3 ящиками"
839,839,s1_840,,Мебель,31500,Кровать с мягким изголовьем Дрезден 140×200 графит велюр,Тип товара: Кровать с мягким изголовьем; Наименование: Дрезден; Габариты: 140×200; Цвет: графит; Материал: велюр
840,840,s1_841,,Мебель,26700,"Кровать Сириус 120×200 серый велюр с ящиками, полутораспальная с ящиками","Тип товара: Кровать; Наименование: Сириус; Габариты: 120×200; Цвет: серый; Материал: велюр; Особенности: с ящиками, полутораспальная с ящиками"
841,841,s1_842,,Мебель,6700,"Статуэтка Журавль 50 см металл набор 2 шт, дизайнерская, патина, бронзовая патина","Тип товара: Статуэтка; Наименование: Журавль; Габариты: 50 см; Материал: металл; Особенности: набор 2 шт, дизайнерская, патина, бронзовая патина"
842,842,s1_843,,Мебель,17900,"Туалетный столик Камелия 70×35×130 белый, розовый, золото с зеркалом","Тип товара: Туалетный столик; Наименование: Камелия; Габариты: 70×35×130; Цвет: белый, розовый, золото; Особенности: с зеркалом"
843,843,s1_844,,Мебель,42900,"Кровать-чердак Сириус 90×200 серый, голубой с диваном и столом","Тип товара: Кровать-чердак; Наименование: Сириус; Габариты: 90×200; Цвет: серый, голубой; Особенности: с диваном и столом"
844,844,s1_845,,Мебель,58900,Шкаф-горка Лион 320×45×200 орех стекло с витринным стеклом,Тип товара: Шкаф-горка; Наименование: Лион; Габариты: 320×45×200; Цвет: орех; Материал: стекло; Особенности: с витринным стеклом
845,845,s1_846,,Мебель,52400,Книжный шкаф открытый Бельгия 180×35×220 орех,Тип товара: Книжный шкаф открытый; Наименование: Бельгия; Габариты: 180×35×220; Цвет: орех
846,846,s1_847,,Мебель,42800,"Шкаф угловой 100×100×220 Прованс 100×100×220 белый угловой, классика, с патиной, шкаф угловой классика","Тип товара: Шкаф угловой 100×100×220; Наименование: Прованс; Габариты: 100×100×220; Цвет: белый; Особенности: угловой, классика, с патиной, шкаф угловой классика"
847,847,s1_848,,Мебель,3700,Кресло-мешок Облако 100×80 бежевый ткань L,Тип товара: Кресло-мешок; Наименование: Облако; Габариты: 100×80; Цвет: бежевый; Материал: ткань; Особенности: L
848,848,s1_849,,Мебель,14900,Кресло компьютерное Бергамо газлифт класс 4,Тип товара: Кресло компьютерное; Наименование: Бергамо; Особенности: газлифт класс 4
849,849,s1_850,,Мебель,31700,"Кресло Lounge Палермо горчичный велюр, массив с пуфом, ножки массив","Тип товара: Кресло Lounge; Наименование: Палермо; Цвет: горчичный; Материал: велюр, массив; Особенности: с пуфом, ножки массив"
850,850,s1_851,,Мебель,22800,"Кресло-качалка Прованс белый массив классика, патина, из массива бука","Тип товара: Кресло-качалка; Наименование: Прованс; Цвет: белый; Материал: массив; Особенности: классика, патина, из массива бука"
851,851,s1_852,,Мебель,6700,"Стол фуршетный складной 180×80×110 белый ткань складной, для свадеб и банкетов","Тип товара: Стол фуршетный складной; Габариты: 180×80×110; Цвет: белый; Материал: ткань; Особенности: складной, для свадеб и банкетов"
852,852,s1_853,,Мебель,39800,"Кресло-реклайнер Палермо кофейный кожа PU ручной, поворотное, lounge поворотное","Тип товара: Кресло-реклайнер; Наименование: Палермо; Цвет: кофейный; Материал: кожа PU; Особенности: ручной, поворотное, lounge поворотное"
853,853,s1_854,,Мебель,8700,Покрывало евро 240×260 золото велюр шоколадный с строчкой,Тип товара: Покрывало евро; Габариты: 240×260; Цвет: золото; Материал: велюр; Особенности: шоколадный с строчкой
854,854,s1_855,,Мебель,3800,"Часы настольные Тоскана 25×15×30 металл, дерево с маятником","Тип товара: Часы настольные; Наименование: Тоскана; Габариты: 25×15×30; Материал: металл, дерево; Особенности: с маятником"
855,855,s1_856,,Мебель,13400,"Тумба под умывальник Аква 60×45×60 белый подвесная, глянец","Тип товара: Тумба под умывальник; Наименование: Аква; Габариты: 60×45×60; Цвет: белый; Особенности: подвесная, глянец"
856,856,s1_857,,Мебель,27800,"Журнальный столик из массива Меридиан D90 бук бавария массив круглый, классика","Тип товара: Журнальный столик из массива; Наименование: Меридиан; Габариты: D90; Цвет: бук бавария; Материал: массив; Особенности: круглый, классика"
857,857,s1_858,,Мебель,7800,"Светильник напольный торшер Лофт 170 см чёрный металл напольный, лофт","Тип товара: Светильник напольный торшер; Наименование: Лофт; Габариты: 170 см; Цвет: чёрный; Материал: металл; Особенности: напольный, лофт"
858,858,s1_859,,Мебель,46800,"Кровать с тумбами в изголовье Аделина 160×200 орех классика, с патиной","Тип товара: Кровать с тумбами в изголовье; Наименование: Аделина; Габариты: 160×200; Цвет: орех; Особенности: классика, с патиной"
859,859,s1_860,,Мебель,33700,Шкаф 3-створчатый распашной Милан 150×55×210 дуб сонома 3-створчатый,Тип товара: Шкаф 3-створчатый распашной; Наименование: Милан; Габариты: 150×55×210; Цвет: дуб сонома; Особенности: 3-створчатый
860,860,s1_861,,Мебель,38700,"Диван-канапе Стокгольм молочный рогожка 2-местный, ножки бук","Тип товара: Диван-канапе; Наименование: Стокгольм; Цвет: молочный; Материал: рогожка; Особенности: 2-местный, ножки бук"
861,861,s1_862,,Мебель,3200,"Подставка под журналы Флоренция 30×25×40 латунь металл, латунь винтаж","Тип товара: Подставка под журналы; Наименование: Флоренция; Габариты: 30×25×40; Цвет: латунь; Материал: металл, латунь; Особенности: винтаж"
862,862,s1_863,,Мебель,9700,"Банкетка длинная Атриум 150×40×45 коричневый экокожа, металл","Тип товара: Банкетка длинная; Наименование: Атриум; Габариты: 150×40×45; Цвет: коричневый; Материал: экокожа, металл"
863,863,s1_864,,Мебель,14900,Кресло компьютерное Бергамо бежевый газлифт класс 4,Тип товара: Кресло компьютерное; Наименование: Бергамо; Цвет: бежевый; Особенности: газлифт класс 4
864,864,s1_865,,Мебель,7400,Скамья-сундук балконная Веранда 100×40×45 белый ЛДСП с хранением,Тип товара: Скамья-сундук балконная; Наименование: Веранда; Габариты: 100×40×45; Цвет: белый; Материал: ЛДСП; Особенности: с хранением
865,865,s1_866,,Мебель,2700,"Вешалка-стойка напольная Лофт чёрная металл напольная, лофт","Тип товара: Вешалка-стойка напольная; Наименование: Лофт; Цвет: чёрная; Материал: металл; Особенности: напольная, лофт"
866,866,s1_867,,Мебель,19800,Стеллаж стеновой Сканди 180×30×210 ясень светлый,Тип товара: Стеллаж стеновой; Наименование: Сканди; Габариты: 180×30×210; Цвет: ясень светлый
867,867,s1_868,,Мебель,13800,"Люстра подвесная Феникс металл, стекло 5 ламп, подвесная","Тип товара: Люстра подвесная; Наименование: Феникс; Материал: металл, стекло; Особенности: 5 ламп, подвесная"
868,868,s1_869,,Мебель,22400,Банкетка длинная Версаль 200×40×50 бархат ножки резные,Тип товара: Банкетка длинная; Наименование: Версаль; Габариты: 200×40×50; Материал: бархат; Особенности: ножки резные
869,869,s1_870,,Мебель,5400,Стул-трансформер детский растущий Школьник ткань,Тип товара: Стул-трансформер детский растущий; Наименование: Школьник; Материал: ткань
870,870,s1_871,,Мебель,13700,Банкетка длинная Орхидея 170×40×45 пыльно-розовый бархат ножки гнутые,Тип товара: Банкетка длинная; Наименование: Орхидея; Габариты: 170×40×45; Цвет: пыльно-розовый; Материал: бархат; Особенности: ножки гнутые
871,871,s1_872,,Мебель,38900,Диван-канапе Аделаида золото велюр ножки золото,Тип товара: Диван-канапе; Наименование: Аделаида; Цвет: золото; Материал: велюр; Особенности: ножки золото
872,872,s1_873,,Мебель,3400,"Стол-консоль балконный Терраса 70×35 белый откидной, настенный, матовый","Тип товара: Стол-консоль балконный; Наименование: Терраса; Габариты: 70×35; Цвет: белый; Особенности: откидной, настенный, матовый"
873,873,s1_874,,Мебель,33700,Шкаф 3-створчатый распашной Милан 150×55×210 ясень шимо 3-створчатый,Тип товара: Шкаф 3-створчатый распашной; Наименование: Милан; Габариты: 150×55×210; Цвет: ясень шимо; Особенности: 3-створчатый
874,874,s1_875,,Мебель,47800,Шкаф-купе Венский 180×60×220 дуб сонома,Тип товара: Шкаф-купе; Наименование: Венский; Габариты: 180×60×220; Цвет: дуб сонома
875,875,s1_876,,Мебель,4200,"Ваза декоративная керамика Венеция 40 см белый, золото керамика кракелюр с золотом","Тип товара: Ваза декоративная керамика; Наименование: Венеция; Габариты: 40 см; Цвет: белый, золото; Материал: керамика; Особенности: кракелюр с золотом"
876,876,s1_877,,Мебель,46700,"Сервант с подсветкой Лион 150×45×190 ясень шимо стекло с подсветкой, стеклянные дверцы","Тип товара: Сервант с подсветкой; Наименование: Лион; Габариты: 150×45×190; Цвет: ясень шимо; Материал: стекло; Особенности: с подсветкой, стеклянные дверцы"
877,877,s1_878,,Мебель,31900,"Стол обеденный Равенна D120 капучино МДФ раздвижной, круглый, матовый, круглый раздвижной","Тип товара: Стол обеденный; Наименование: Равенна; Габариты: D120; Цвет: капучино; Материал: МДФ; Особенности: раздвижной, круглый, матовый, круглый раздвижной"
878,878,s1_879,,Мебель,11400,"Журнальный столик стеклянный Модерн 110×60 хром, прозрачный стекло","Тип товара: Журнальный столик стеклянный; Наименование: Модерн; Габариты: 110×60; Цвет: хром, прозрачный; Материал: стекло"
879,879,s1_880,,Мебель,24800,"Зеркало art Облако 90×70 розовый LED, с подсветкой LED, неоновый, рама с подсветкой LED неоновый","Тип товара: Зеркало art; Наименование: Облако; Габариты: 90×70; Цвет: розовый; Особенности: LED, с подсветкой LED, неоновый, рама с подсветкой LED неоновый"
880,880,s1_881,,Мебель,3900,"Полка-консоль для прихожей Лофт металл, дерево с крючками, для прихожей, лофт","Тип товара: Полка-консоль для прихожей; Наименование: Лофт; Материал: металл, дерево; Особенности: с крючками, для прихожей, лофт"
881,881,s1_882,,Мебель,62800,Диван-кровать трансформер Цюрих 240×110 оливковый велюр,Тип товара: Диван-кровать трансформер; Наименование: Цюрих; Габариты: 240×110; Цвет: оливковый; Материал: велюр
882,882,s1_883,,Мебель,24700,"Журнальная группа Палермо серый велюр, мрамор","Тип товара: Журнальная группа; Наименование: Палермо; Цвет: серый; Материал: велюр, мрамор"
883,883,s1_884,,Мебель,17800,"Тумба под умывальник Адриатика 60×45×55 белый тик soft-close, с подсветкой, глянец","Тип товара: Тумба под умывальник; Наименование: Адриатика; Габариты: 60×45×55; Цвет: белый; Материал: тик; Особенности: soft-close, с подсветкой, глянец"
884,884,s1_885,,Мебель,6700,Стул обеденный с подлокотниками Кантри натуральный массив массив сосны,Тип товара: Стул обеденный с подлокотниками; Наименование: Кантри; Цвет: натуральный; Материал: массив; Особенности: массив сосны
885,885,s1_886,,Мебель,1400,"Постер Скандинавия 40×60 дуб абстракция, в раме светлый дуб","Тип товара: Постер; Наименование: Скандинавия; Габариты: 40×60; Цвет: дуб; Особенности: абстракция, в раме светлый дуб"
886,886,s1_887,,Мебель,72400,"Кровать водяная Бриз 140×200 кофейный экокожа с подогревом, полутораспальная с подогревом","Тип товара: Кровать водяная; Наименование: Бриз; Габариты: 140×200; Цвет: кофейный; Материал: экокожа; Особенности: с подогревом, полутораспальная с подогревом"
887,887,s1_888,,Мебель,7800,"Картина Манхэттен, Бруклинский мост 80×120 дерево холст с фактурой","Тип товара: Картина; Наименование: Манхэттен, Бруклинский мост; Габариты: 80×120; Материал: дерево; Особенности: холст с фактурой"
888,888,s1_889,,Мебель,31700,"Зеркало-трюмо Аделина 90×45×170 белый, золото с тумбой, с тумбой и подсветкой","Тип товара: Зеркало-трюмо; Наименование: Аделина; Габариты: 90×45×170; Цвет: белый, золото; Особенности: с тумбой, с тумбой и подсветкой"
889,889,s1_890,,Мебель,14700,"Зеркало напольное Меран 60×180 орех шпон ореха напольное, в раме ореха","Тип товара: Зеркало напольное; Наименование: Меран; Габариты: 60×180; Цвет: орех; Материал: шпон ореха; Особенности: напольное, в раме ореха"
890,890,s1_891,,Мебель,7400,"Стелаж напольный 5 уровней Лофт 80×35×170 дуб металл напольный, лофт","Тип товара: Стелаж напольный 5 уровней; Наименование: Лофт; Габариты: 80×35×170; Цвет: дуб; Материал: металл; Особенности: напольный, лофт"
891,891,s1_892,,Мебель,8700,"Книжный шкаф подвесной Сканди 120×30×60 ясень светлый подвесной, на 3 уровня","Тип товара: Книжный шкаф подвесной; Наименование: Сканди; Габариты: 120×30×60; Цвет: ясень светлый; Особенности: подвесной, на 3 уровня"
892,892,s1_893,,Мебель,7200,"Покрывало 220×240 бордо, золото гобелен, лён с орнаментом","Тип товара: Покрывало; Габариты: 220×240; Цвет: бордо, золото; Материал: гобелен, лён; Особенности: с орнаментом"
893,893,s1_894,,Мебель,42700,"Журнальный столик мраморный Каррара 120×60 белый, латунь мрамор, латунь прямоугольный","Тип товара: Журнальный столик мраморный; Наименование: Каррара; Габариты: 120×60; Цвет: белый, латунь; Материал: мрамор, латунь; Особенности: прямоугольный"
894,894,s1_895,,Мебель,47200,"Сервант с подсветкой Луара 140×45×185 орех стекло с подсветкой, стеклянные дверцы, классика","Тип товара: Сервант с подсветкой; Наименование: Луара; Габариты: 140×45×185; Цвет: орех; Материал: стекло; Особенности: с подсветкой, стеклянные дверцы, классика"
895,895,s1_896,,Мебель,5700,"Настольная лампа Прага бронза лён, металл, бронза, стекло с зелёным абажуром стеклянным","Тип товара: Настольная лампа; Наименование: Прага; Цвет: бронза; Материал: лён, металл, бронза, стекло; Особенности: с зелёным абажуром стеклянным"
896,896,s1_897,,Мебель,78400,"Диван Колумбия 240×100 белый экокожа ручной, п-образный","Тип товара: Диван; Наименование: Колумбия; Габариты: 240×100; Цвет: белый; Материал: экокожа; Особенности: ручной, п-образный"
897,897,s1_898,,Мебель,4400,Корзина для белья Лазурь 60×30×60 натуральный бамбук 2-секционная,Тип товара: Корзина для белья; Наименование: Лазурь; Габариты: 60×30×60; Цвет: натуральный; Материал: бамбук; Особенности: 2-секционная
898,898,s1_899,,Мебель,38700,Диван прямой Манчестер 220×95 серый прямой,Тип товара: Диван прямой; Наименование: Манчестер; Габариты: 220×95; Цвет: серый; Особенности: прямой
899,899,s1_900,,Мебель,78400,Кровать водяная Лагуна 160×200 белый экокожа премиум,Тип товара: Кровать водяная; Наименование: Лагуна; Габариты: 160×200; Цвет: белый; Материал: экокожа; Особенности: премиум
900,900,s1_901,,Мебель,3700,Стул банкетный Кьявари золото из бука с подушкой,Тип товара: Стул банкетный; Наименование: Кьявари; Цвет: золото; Особенности: из бука с подушкой
901,901,s1_902,,Мебель,88400,"Кровать водяная Морё 180×200 графит экокожа с подогревом, скандинавский, скандинавский каркас","Тип товара: Кровать водяная; Наименование: Морё; Габариты: 180×200; Цвет: графит; Материал: экокожа; Особенности: с подогревом, скандинавский, скандинавский каркас"
902,902,s1_903,,Мебель,17200,"Тумба под умывальник Бергамо 80×45×55 белый с двумя ящиками, матовый","Тип товара: Тумба под умывальник; Наименование: Бергамо; Габариты: 80×45×55; Цвет: белый; Особенности: с двумя ящиками, матовый"
903,903,s1_904,,Мебель,3700,Стол кухонный Эконом 80×60 белый металл эконом,Тип товара: Стол кухонный; Наименование: Эконом; Габариты: 80×60; Цвет: белый; Материал: металл; Особенности: эконом
904,904,s1_905,,Мебель,34200,"Диван прямой Дублин 200×90 зелёный, дуб рогожка, лён прямой","Тип товара: Диван прямой; Наименование: Дублин; Габариты: 200×90; Цвет: зелёный, дуб; Материал: рогожка, лён; Особенности: прямой"
905,905,s1_906,,Мебель,67400,"Шкаф-горка Палаццо 320×45×210 золото, орех классика, с золотом, классика с резьбой","Тип товара: Шкаф-горка; Наименование: Палаццо; Габариты: 320×45×210; Цвет: золото, орех; Особенности: классика, с золотом, классика с резьбой"
906,906,s1_907,,Мебель,19700,"Зеркало-трюмо Стокгольм 70×40×150 дуб артизан с тумбой, простое с тумбой","Тип товара: Зеркало-трюмо; Наименование: Стокгольм; Габариты: 70×40×150; Цвет: дуб артизан; Особенности: с тумбой, простое с тумбой"
907,907,s1_908,,Мебель,39400,"Журнальный столик мраморный Палаццо 110×65 чёрный, золото мрамор овальный","Тип товара: Журнальный столик мраморный; Наименование: Палаццо; Габариты: 110×65; Цвет: чёрный, золото; Материал: мрамор; Особенности: овальный"
908,908,s1_909,,Мебель,38900,Шкаф 200×60,Тип товара: Шкаф; Габариты: 200×60
909,909,s1_910,,Мебель,67400,"Кресло-реклайнер электрическое Капитан кофейный кожа PU электрическое, с массажем","Тип товара: Кресло-реклайнер электрическое; Наименование: Капитан; Цвет: кофейный; Материал: кожа PU; Особенности: электрическое, с массажем"
910,910,s1_911,,Мебель,3400,Стул обеденный Венеция массив из массива,Тип товара: Стул обеденный; Наименование: Венеция; Материал: массив; Особенности: из массива
911,911,s1_912,,Мебель,72400,"Сервант Палаццо 160×45×190 дуб массив дуба LED, с подсветкой LED, классика, массив дуба","Тип товара: Сервант; Наименование: Палаццо; Габариты: 160×45×190; Цвет: дуб; Материал: массив дуба; Особенности: LED, с подсветкой LED, классика, массив дуба"
912,912,s1_913,,Мебель,44800,"Стенка-горка Стокгольм 280 см белый, дуб артизан матовый","Тип товара: Стенка-горка; Наименование: Стокгольм; Габариты: 280 см; Цвет: белый, дуб артизан; Особенности: матовый"
913,913,s1_914,,Мебель,13700,Туалетный столик детский 70×35×120 белый с цветочными ручками,Тип товара: Туалетный столик детский; Габариты: 70×35×120; Цвет: белый; Особенности: с цветочными ручками
914,914,s1_915,,Мебель,39800,"Кровать-чердак Сириус 90×200 белый, серый подростковая со столом и шкафом","Тип товара: Кровать-чердак; Наименование: Сириус; Габариты: 90×200; Цвет: белый, серый; Особенности: подростковая со столом и шкафом"
915,915,s1_916,,Мебель,32400,Кровать Аврора 140×200 пудровый велюр капитоне,Тип товара: Кровать; Наименование: Аврора; Габариты: 140×200; Цвет: пудровый; Материал: велюр; Особенности: капитоне
916,916,s1_917,,Мебель,28400,Стеллаж модульный стеновой Конструктор 200×30×220 белый из 12 кубов,Тип товара: Стеллаж модульный стеновой; Наименование: Конструктор; Габариты: 200×30×220; Цвет: белый; Особенности: из 12 кубов
917,917,s1_918,,Мебель,14200,"Шкаф 2-створчатый Эконом 80×52×200 дуб сонома 2-створчатый, эконом","Тип товара: Шкаф 2-створчатый; Наименование: Эконом; Габариты: 80×52×200; Цвет: дуб сонома; Особенности: 2-створчатый, эконом"
918,918,s1_919,,Мебель,6800,"Бра Аметист латунь латунь настенное, 2-рожковое настенное","Тип товара: Бра; Наименование: Аметист; Цвет: латунь; Материал: латунь; Особенности: настенное, 2-рожковое настенное"
919,919,s1_920,,Мебель,33700,"Шкаф 3-створчатый распашной Милан 150×55×210 белый 3-створчатый, матовый","Тип товара: Шкаф 3-створчатый распашной; Наименование: Милан; Габариты: 150×55×210; Цвет: белый; Особенности: 3-створчатый, матовый"
920,920,s1_921,,Мебель,31900,"Стол обеденный Равенна D120 графит МДФ раздвижной, круглый, матовый, круглый раздвижной","Тип товара: Стол обеденный; Наименование: Равенна; Габариты: D120; Цвет: графит; Материал: МДФ; Особенности: раздвижной, круглый, матовый, круглый раздвижной"
921,921,s1_922,,Мебель,3400,"Винная стойка Тоскана 60×15×40 дуб артизан настенная, настенная на 8 бутылок","Тип товара: Винная стойка; Наименование: Тоскана; Габариты: 60×15×40; Цвет: дуб артизан; Особенности: настенная, настенная на 8 бутылок"
922,922,s1_923,,Мебель,28700,"Кресло Лион горчичный велюр, массив каретная стяжка, ножки массив, классическое каретная стяжка","Тип товара: Кресло; Наименование: Лион; Цвет: горчичный; Материал: велюр, массив; Особенности: каретная стяжка, ножки массив, классическое каретная стяжка"
923,923,s1_924,,Мебель,9800,Стол письменный детский Малыш розовый с пеналом и ящиками,Тип товара: Стол письменный детский; Наименование: Малыш; Цвет: розовый; Особенности: с пеналом и ящиками
924,924,s1_925,,Мебель,7400,"Тумбочка прикроватная Бергамо 50×40×55 белый, золото классика, патина с золотом","Тип товара: Тумбочка прикроватная; Наименование: Бергамо; Габариты: 50×40×55; Цвет: белый, золото; Особенности: классика, патина с золотом"
925,925,s1_926,,Мебель,3470,"Диван угловой Бостон 280×170 серый рогожка угловой, ниша для белья","Тип товара: Диван угловой; Наименование: Бостон; Габариты: 280×170; Цвет: серый; Материал: рогожка; Особенности: угловой, ниша для белья"
926,926,s1_927,,Мебель,7400,"Кухонный модуль верхний Палермо 80×30×72 серый, кашемир угловой","Тип товара: Кухонный модуль верхний; Наименование: Палермо; Габариты: 80×30×72; Цвет: серый, кашемир; Особенности: угловой"
927,927,s1_928,,Мебель,26700,Кресло Lounge Бергамо пыльно-розовый бархат с подушкой-валиком,Тип товара: Кресло Lounge; Наименование: Бергамо; Цвет: пыльно-розовый; Материал: бархат; Особенности: с подушкой-валиком
928,928,s1_929,,Мебель,112800,Кровать водяная Океания 180×200 графит экокожа с системой памяти веса,Тип товара: Кровать водяная; Наименование: Океания; Габариты: 180×200; Цвет: графит; Материал: экокожа; Особенности: с системой памяти веса
929,929,s1_930,,Мебель,1900,Барный табурет Эконом дуб ЛДСП эконом,Тип товара: Барный табурет; Наименование: Эконом; Цвет: дуб; Материал: ЛДСП; Особенности: эконом
930,930,s1_931,,Мебель,3400,"Бра Полярная белый LED, IP44, матовый, LED с регулировкой яркости","Тип товара: Бра; Наименование: Полярная; Цвет: белый; Особенности: LED, IP44, матовый, LED с регулировкой яркости"
931,931,s1_932,,Мебель,22800,"Туалетный столик Ариэль 100×40×140 белый LED, с зеркалом, глянец, с зеркалом и подсветкой LED","Тип товара: Туалетный столик; Наименование: Ариэль; Габариты: 100×40×140; Цвет: белый; Особенности: LED, с зеркалом, глянец, с зеркалом и подсветкой LED"
932,932,s1_933,,Мебель,14900,Акцентное кресло Кокон горчичный велюр,Тип товара: Акцентное кресло; Наименование: Кокон; Цвет: горчичный; Материал: велюр
933,933,s1_934,,Мебель,4400,Подставка для цветов Тоскана 80 см бежевый ротанг из ротанга,Тип товара: Подставка для цветов; Наименование: Тоскана; Габариты: 80 см; Цвет: бежевый; Материал: ротанг; Особенности: из ротанга
934,934,s1_935,,Мебель,24800,"Тумба под умывальник Адриатика 80×45×55 белый тик с раковиной в комплекте, глянец","Тип товара: Тумба под умывальник; Наименование: Адриатика; Габариты: 80×45×55; Цвет: белый; Материал: тик; Особенности: с раковиной в комплекте, глянец"
935,935,s1_936,,Мебель,24500,"Тумба под ТВ Беверли 180×40×50 латунь, орех шпон ореха, латунь","Тип товара: Тумба под ТВ; Наименование: Беверли; Габариты: 180×40×50; Цвет: латунь, орех; Материал: шпон ореха, латунь"
936,936,s1_937,,Мебель,5800,Картина на холсте 100×70 Тосканские холмы 100×70 дерево картина на холсте,Тип товара: Картина на холсте 100×70; Наименование: Тосканские холмы; Габариты: 100×70; Материал: дерево; Особенности: картина на холсте
937,937,s1_938,,Мебель,390,Чехол для банкетного стула Кьявари белый сатин с золотым бантом,Тип товара: Чехол для банкетного стула; Наименование: Кьявари; Цвет: белый; Особенности: сатин с золотым бантом
938,938,s1_939,,Мебель,42600,Кровать Меридиан 160×200 серый велюр каретная стяжка,Тип товара: Кровать; Наименование: Меридиан; Габариты: 160×200; Цвет: серый; Материал: велюр; Особенности: каретная стяжка
939,939,s1_940,,Мебель,28700,"Светильник потолочный Премиум латунь латунь 8 ламп, E14, классика","Тип товара: Светильник потолочный; Наименование: Премиум; Цвет: латунь; Материал: латунь; Особенности: 8 ламп, E14, классика"
940,940,s1_941,,Мебель,23700,Кровать-софа Сириус 90×190 графит рогожка с подъёмным механизмом,Тип товара: Кровать-софа; Наименование: Сириус; Габариты: 90×190; Цвет: графит; Материал: рогожка; Особенности: с подъёмным механизмом
941,941,s1_942,,Мебель,2800,"Складной стульчик для балкона ротанг искусственный искусственный ротанг складной, для балкона","Тип товара: Складной стульчик для балкона ротанг искусственный; Материал: искусственный ротанг; Особенности: складной, для балкона"
942,942,s1_943,,Мебель,54600,"Стенка-горка Лион 320 см ясень шимо, венге подсветка","Тип товара: Стенка-горка; Наименование: Лион; Габариты: 320 см; Цвет: ясень шимо, венге; Особенности: подсветка"
943,943,s1_944,,Мебель,19400,Кресло гостевое Барселона сапфировый бархат с подлокотниками,Тип товара: Кресло гостевое; Наименование: Барселона; Цвет: сапфировый; Материал: бархат; Особенности: с подлокотниками
944,944,s1_945,,Мебель,42800,"Сервант Тоскана 140×45×180 белый массив состаренный, массив сосны","Тип товара: Сервант; Наименование: Тоскана; Габариты: 140×45×180; Цвет: белый; Материал: массив; Особенности: состаренный, массив сосны"
945,945,s1_946,,Мебель,1700,Подставка-полка Венеция 30×15×25 дуб артизан настольная для специй,Тип товара: Подставка-полка; Наименование: Венеция; Габариты: 30×15×25; Цвет: дуб артизан; Особенности: настольная для специй
946,946,s1_947,,Мебель,42800,"Шкав-куле Кёльн 200×60×220 дуб сонома 3-дверный, с зеркалом","Тип товара: Шкав-куле; Наименование: Кёльн; Габариты: 200×60×220; Цвет: дуб сонома; Особенности: 3-дверный, с зеркалом"
947,947,s1_948,,Мебель,27500,"Кровать Орхидея 160×200 венге ЛДСП с подъёмным механизмом, двуспальная с подъёмным механизмом","Тип товара: Кровать; Наименование: Орхидея; Габариты: 160×200; Цвет: венге; Материал: ЛДСП; Особенности: с подъёмным механизмом, двуспальная с подъёмным механизмом"
948,948,s1_949,,Мебель,7800,Шкаф для обуви Прихожая 60×30×120 белый с откидными секциями,Тип товара: Шкаф для обуви; Наименование: Прихожая; Габариты: 60×30×120; Цвет: белый; Особенности: с откидными секциями
949,949,s1_950,,Мебель,22400,"Зеркало art Каприз 60×80 волнистый контур, с патиной, рама с патиной и кристаллами","Тип товара: Зеркало art; Наименование: Каприз; Габариты: 60×80; Особенности: волнистый контур, с патиной, рама с патиной и кристаллами"
950,950,s1_951,,Мебель,26800,Кровать Кокон 120×200 голубой велюр,Тип товара: Кровать; Наименование: Кокон; Габариты: 120×200; Цвет: голубой; Материал: велюр
951,951,s1_952,,Мебель,28700,"Кресло-реклайнер Глория бежевый рогожка механический, с поворотной базой","Тип товара: Кресло-реклайнер; Наименование: Глория; Цвет: бежевый; Материал: рогожка; Особенности: механический, с поворотной базой"
952,952,s1_953,,Мебель,57800,"Диван угловой Прага коричневый экокожа угловой, с оттоманкой","Тип товара: Диван угловой; Наименование: Прага; Цвет: коричневый; Материал: экокожа; Особенности: угловой, с оттоманкой"
953,953,s1_954,,Мебель,19700,"Зеркало art Солнце D80 латунь латунь круглое, дизайнерское, круглое с лучами","Тип товара: Зеркало art; Наименование: Солнце; Габариты: D80; Цвет: латунь; Материал: латунь; Особенности: круглое, дизайнерское, круглое с лучами"
954,954,s1_955,,Мебель,9700,Балконный шкаф Альпина 60×50×180 белый ЛДСП 2 секции,Тип товара: Балконный шкаф; Наименование: Альпина; Габариты: 60×50×180; Цвет: белый; Материал: ЛДСП; Особенности: 2 секции
955,955,s1_956,,Мебель,28700,"Стол обеденный Венеция D110 массив круглый, круглый из массива бука","Тип товара: Стол обеденный; Наименование: Венеция; Габариты: D110; Материал: массив; Особенности: круглый, круглый из массива бука"
956,956,s1_957,,Мебель,13700,Кресло Бостон графит рогожка с подлокотниками,Тип товара: Кресло; Наименование: Бостон; Цвет: графит; Материал: рогожка; Особенности: с подлокотниками
957,957,s1_958,,Мебель,5700,"Банкетка Альпы 80×35×45 серый рогожка ножки бук, с обивкой","Тип товара: Банкетка; Наименование: Альпы; Габариты: 80×35×45; Цвет: серый; Материал: рогожка; Особенности: ножки бук, с обивкой"
958,958,s1_959,,Мебель,36700,Кровать Невада 160×200 см орех массив из массива сосны,Тип товара: Кровать; Наименование: Невада; Габариты: 160×200 см; Цвет: орех; Материал: массив; Особенности: из массива сосны
959,959,s1_960,,Мебель,1600,Постер в раме Стокгольм 50×70 белый минимализм,Тип товара: Постер в раме; Наименование: Стокгольм; Габариты: 50×70; Цвет: белый; Особенности: минимализм
960,960,s1_961,,Мебель,42700,"Диван-канапе Тоскана натуральный лён, массив бука 2-местный, ножки массив, ножки массив бука","Тип товара: Диван-канапе; Наименование: Тоскана; Цвет: натуральный; Материал: лён, массив бука; Особенности: 2-местный, ножки массив, ножки массив бука"
961,961,s1_962,,Мебель,16800,"Тумба под раковину Сиена 90×45×55 белый soft-close, подвесная, матовый","Тип товара: Тумба под раковину; Наименование: Сиена; Габариты: 90×45×55; Цвет: белый; Особенности: soft-close, подвесная, матовый"
962,962,s1_963,,Мебель,78400,Кресло клубное Бостон Club зелёный лён,Тип товара: Кресло клубное; Наименование: Бостон Club; Цвет: зелёный; Материал: лён
963,963,s1_964,,Мебель,54900,"Кровать-бокс Балтика 160×200 серый велюр, тик на пружинном блоке независимом","Тип товара: Кровать-бокс; Наименование: Балтика; Габариты: 160×200; Цвет: серый; Материал: велюр, тик; Особенности: на пружинном блоке независимом"
964,964,s1_965,,Мебель,28700,Зеркало-трюмо Тиффани 80×40×160 белый с витражной отделкой,Тип товара: Зеркало-трюмо; Наименование: Тиффани; Габариты: 80×40×160; Цвет: белый; Особенности: с витражной отделкой
965,965,s1_966,,Мебель,87400,"Диван прямой Прованс 230×95 гобелен, лён, тик прямой, классика, флористика, классика с резными ножками","Тип товара: Диван прямой; Наименование: Прованс; Габариты: 230×95; Материал: гобелен, лён, тик; Особенности: прямой, классика, флористика, классика с резными ножками"
966,966,s1_967,,Мебель,47800,"Кресло-кокон подвесное Эгг зелёный велюр, лён подвесное, напольное, chair напольное на ножке","Тип товара: Кресло-кокон подвесное; Наименование: Эгг; Цвет: зелёный; Материал: велюр, лён; Особенности: подвесное, напольное, chair напольное на ножке"
967,967,s1_968,,Мебель,4500,"Подушка декоративная Шанхай 50×50 изумрудный набор 2 шт, с кистями","Тип товара: Подушка декоративная; Наименование: Шанхай; Габариты: 50×50; Цвет: изумрудный; Особенности: набор 2 шт, с кистями"
968,968,s1_969,,Мебель,47800,"Книжный шкаф угловой Прованс 80×80×220 белый угловой, классика, с патиной","Тип товара: Книжный шкаф угловой; Наименование: Прованс; Габариты: 80×80×220; Цвет: белый; Особенности: угловой, классика, с патиной"
969,969,s1_970,,Мебель,42600,"Сервант с подсветкой Аделаида 130×45×180 ясень шимо с подсветкой, классика","Тип товара: Сервант с подсветкой; Наименование: Аделаида; Габариты: 130×45×180; Цвет: ясень шимо; Особенности: с подсветкой, классика"
970,970,s1_971,,Мебель,112800,"Кресло-реклайнер Атлант коричневый, натуральный USB, с электроприводом, с электроприводом и USB","Тип товара: Кресло-реклайнер; Наименование: Атлант; Цвет: коричневый, натуральный; Особенности: USB, с электроприводом, с электроприводом и USB"
971,971,s1_972,,Мебель,68900,"Витрина-горка угловая Палермо 80×80×220 дуб артизан стекло с подсветкой, угловая","Тип товара: Витрина-горка угловая; Наименование: Палермо; Габариты: 80×80×220; Цвет: дуб артизан; Материал: стекло; Особенности: с подсветкой, угловая"
972,972,s1_973,,Мебель,42700,"Шкаф белый чёрный венге купе 3-дверный 240×60×220 белый, чёрный, венге 3-дверный","Тип товара: Шкаф белый чёрный венге купе 3-дверный; Габариты: 240×60×220; Цвет: белый, чёрный, венге; Особенности: 3-дверный"
973,973,s1_974,,Мебель,4400,"Поделочный ящик Лион 45×30×20 золото, орех дерево с инкрустацией, с золотом","Тип товара: Поделочный ящик; Наименование: Лион; Габариты: 45×30×20; Цвет: золото, орех; Материал: дерево; Особенности: с инкрустацией, с золотом"
974,974,s1_975,,Мебель,5400,"Складной стол Патио 80×50 массив, металл, тик складной, прямоугольный","Тип товара: Складной стол; Наименование: Патио; Габариты: 80×50; Материал: массив, металл, тик; Особенности: складной, прямоугольный"
975,975,s1_976,,Мебель,3900,"Полка-этажерка Сиена 60×25×80 хром металл, бамбук в ванную 3-ярусная","Тип товара: Полка-этажерка; Наименование: Сиена; Габариты: 60×25×80; Цвет: хром; Материал: металл, бамбук; Особенности: в ванную 3-ярусная"
976,976,s1_977,,Мебель,48700,"Стол обеденный Прага 160×90 дуб массив дуба раздвижной, массив дуба","Тип товара: Стол обеденный; Наименование: Прага; Габариты: 160×90; Цвет: дуб; Материал: массив дуба; Особенности: раздвижной, массив дуба"
977,977,s1_978,,Мебель,3900,"Бра Сириус чёрный, латунь латунь диммер, поворотное, поворотное с диммером","Тип товара: Бра; Наименование: Сириус; Цвет: чёрный, латунь; Материал: латунь; Особенности: диммер, поворотное, поворотное с диммером"
978,978,s1_979,,Мебель,18400,"Кресло-шезлонг садовое из тика складное тик складное, для террасы","Тип товара: Кресло-шезлонг садовое из тика складное; Материал: тик; Особенности: складное, для террасы"
979,979,s1_980,,Мебель,15800,"Прямой диван-книжка Эконом серый рогожка 2-местный, прямой, эконом","Тип товара: Прямой диван-книжка; Наименование: Эконом; Цвет: серый; Материал: рогожка; Особенности: 2-местный, прямой, эконом"
980,980,s1_981,,Мебель,3700,"Подушка Шанхай 60×60 золото вышивкой, шёлк с вышивкой, дракон на чёрном","Тип товара: Подушка; Наименование: Шанхай; Габариты: 60×60; Цвет: золото; Особенности: вышивкой, шёлк с вышивкой, дракон на чёрном"
981,981,s1_982,,Мебель,21400,"Кровать Прима 160×200 дуб сонома ЛДСП эконом, с ящиком","Тип товара: Кровать; Наименование: Прима; Габариты: 160×200; Цвет: дуб сонома; Материал: ЛДСП; Особенности: эконом, с ящиком"
982,982,s1_983,,Мебель,28700,"Домашний бар Флоренция 60×40×120 золото, орех классика, с золотом","Тип товара: Домашний бар; Наименование: Флоренция; Габариты: 60×40×120; Цвет: золото, орех; Особенности: классика, с золотом"
983,983,s1_984,,Мебель,39700,"Диван 3-местный Стокгольм белый, серый экокожа, ткань 3-местный, ножки бук","Тип товара: Диван 3-местный; Наименование: Стокгольм; Цвет: белый, серый; Материал: экокожа, ткань; Особенности: 3-местный, ножки бук"
984,984,s1_985,,Мебель,4200,"Плед клетка Шотландия 150×200 зелёный, красно-зелёный лён, шерсть классика","Тип товара: Плед клетка; Наименование: Шотландия; Габариты: 150×200; Цвет: зелёный, красно-зелёный; Материал: лён, шерсть; Особенности: классика"
985,985,s1_986,,Мебель,13800,"Тумба под умывальник Орхидея 75×45×55 белый с одной дверцей, патина","Тип товара: Тумба под умывальник; Наименование: Орхидея; Габариты: 75×45×55; Цвет: белый; Особенности: с одной дверцей, патина"
986,986,s1_987,,Мебель,1800,"Точечный встраиваемый светильник GU10 поворотный чёрный комплект 4 шт, GU10, встраиваемый, поворотный","Тип товара: Точечный встраиваемый светильник GU10 поворотный; Цвет: чёрный; Особенности: комплект 4 шт, GU10, встраиваемый, поворотный"
987,987,s1_988,,Мебель,14800,Кухонный уголок Берлин 130×80 бежевый кожзам правый/левый,Тип товара: Кухонный уголок; Наименование: Берлин; Габариты: 130×80; Цвет: бежевый; Материал: кожзам; Особенности: правый/левый
988,988,s2_1,,Мебель,38400,Кресло руководителя бежевый кожа; дерево премиум накладки,Тип товара: Кресло руководителя; Цвет: бежевый; Материал: кожа; дерево; Особенности: премиум накладки
989,989,s2_2,,Мебель,7400,Стеллаж для дисков 800х400х1200 чёрный сталь олимп,Тип товара: Стеллаж для дисков; Габариты: 800х400х1200; Цвет: чёрный; Материал: сталь; Особенности: олимп
990,990,s2_3,,Мебель,18400,Стеллаж консольный 2000х600х2500 1-сторонний нагр 500кг/п,Тип товара: Стеллаж консольный; Габариты: 2000х600х2500; Особенности: 1-сторонний нагр 500кг/п
991,991,s2_4,,Мебель,22400,Верстак 1500х700х1800 с экран перфорированный под инструмент,Тип товара: Верстак; Габариты: 1500х700х1800; Особенности: с экран перфорированный под инструмент
992,992,s2_5,,Мебель,5800,Картотека металл 3 ящика А5 ключ,Тип товара: Картотека; Материал: металл; Особенности: 3 ящика А5 ключ
993,993,s2_6,,Мебель,4400,Столик барный 600х600х1100 венге ЛДСП; металл высокий опора,Тип товара: Столик барный; Габариты: 600х600х1100; Цвет: венге; Материал: ЛДСП; металл; Особенности: высокий опора
994,994,s2_7,,Мебель,17800,Стол письменный 2000х800х750 венге ЛДСП с надстр,Тип товара: Стол письменный; Габариты: 2000х800х750; Цвет: венге; Материал: ЛДСП; Особенности: с надстр
995,995,s2_8,,Мебель,7100,Тумба прикроватная 500х450х800 серый металл больничный,Тип товара: Тумба прикроватная; Габариты: 500х450х800; Цвет: серый; Материал: металл; Особенности: больничный
996,996,s2_9,,Мебель,14700,Кресло для забора крови 800х650х1100 бежевый винил,Тип товара: Кресло для забора крови; Габариты: 800х650х1100; Цвет: бежевый; Материал: винил
997,997,s2_10,,Мебель,9800,Шкаф для одежды 800х500х1850 серый ЛДСП офисный штанга,Тип товара: Шкаф для одежды; Габариты: 800х500х1850; Цвет: серый; Материал: ЛДСП; Особенности: офисный штанга
998,998,s2_11,,Мебель,4400,Кухонный модуль 800х300х720 белый ЛДСП офисный верхний,Тип товара: Кухонный модуль; Габариты: 800х300х720; Цвет: белый; Материал: ЛДСП; Особенности: офисный верхний
999,999,s2_12,,Мебель,15700,Кресло геймерский чёрный; серый сетка офисный регулируемый подголовник,Тип товара: Кресло геймерский; Цвет: чёрный; серый; Материал: сетка; Особенности: офисный регулируемый подголовник
1000,1000,s2_13,,Мебель,24700,Стеллаж консольный 3000х800х2500 1-сторонний усиленный 600кг/п,Тип товара: Стеллаж консольный; Габариты: 3000х800х2500; Особенности: 1-сторонний усиленный 600кг/п
1001,1001,s2_14,,Мебель,5400,Шкаф для документов 800х400х750 серый низкий полузакрытый,Тип товара: Шкаф для документов; Габариты: 800х400х750; Цвет: серый; Особенности: низкий полузакрытый
1002,1002,s2_15,,Мебель,3700,Картотека металл 2 ящика А5 ключ,Тип товара: Картотека; Материал: металл; Особенности: 2 ящика А5 ключ
1003,1003,s2_16,,Мебель,3400,Подиум выставочный 500х500х500 чёрный ЛДСП квадратный,Тип товара: Подиум выставочный; Габариты: 500х500х500; Цвет: чёрный; Материал: ЛДСП; Особенности: квадратный
1004,1004,s2_17,,Мебель,42500,Диван угловой серый рогожка еврокн,Тип товара: Диван угловой; Цвет: серый; Материал: рогожка; Особенности: еврокн
1005,1005,s2_18,,Мебель,4200,Стол письменный 1000х500х750 белый ЛДСП ученический компактный,Тип товара: Стол письменный; Габариты: 1000х500х750; Цвет: белый; Материал: ЛДСП; Особенности: ученический компактный
1006,1006,s2_19,,Мебель,1980,Подставка под клавиат встр в стол выдвижной,Тип товара: Подставка под; Особенности: клавиат встр в стол выдвижной
1007,1007,s2_20,,Мебель,2700,Стул обеденный бежевый; бук экокожа; дерево; бук лак мягкое сиденье,Тип товара: Стул обеденный; Цвет: бежевый; бук; Материал: экокожа; дерево; бук; Особенности: лак мягкое сиденье
1008,1008,s2_21,,Мебель,1180,Светильник наст чёрный зажим ленточн,Тип товара: Светильник наст; Цвет: чёрный; Особенности: зажим ленточн
1009,1009,s2_22,,Мебель,4700,Стол барный 700х1100 дуб ЛДСП; металл; дуб круглый опора,Тип товара: Стол барный; Габариты: 700х1100; Цвет: дуб; Материал: ЛДСП; металл; дуб; Особенности: круглый опора
1010,1010,s2_23,,Мебель,1280,Светильник настенный серый; серебристый бра 8Вт,Тип товара: Светильник настенный; Цвет: серый; серебристый; Особенности: бра 8Вт
1011,1011,s2_24,,Мебель,13400,Кресло руководителя чёрный металл; экокожа крестовина,Тип товара: Кресло руководителя; Цвет: чёрный; Материал: металл; экокожа; Особенности: крестовина
1012,1012,s2_25,,Мебель,3400,Шкафчик 600х450х720 серый столовой под мойку,Тип товара: Шкафчик; Габариты: 600х450х720; Цвет: серый; Особенности: столовой под мойку
1013,1013,s2_26,,Мебель,19400,Шкаф 3-дверный 1200х500х2100 дуб сонома ЛДСП; дуб распашной штанга+полки,Тип товара: Шкаф 3-дверный; Габариты: 1200х500х2100; Цвет: дуб сонома; Материал: ЛДСП; дуб; Особенности: распашной штанга+полки
1014,1014,s2_27,,Мебель,42400,Сейф огнестойкий 800х600х600 90мин эл замок премиум,Тип товара: Сейф огнестойкий; Габариты: 800х600х600; Особенности: 90мин эл замок премиум
1015,1015,s2_28,,Мебель,64700,Ресепшен гостевой 2400х2400х1150 венге ЛДСП угловой,Тип товара: Ресепшен гостевой; Габариты: 2400х2400х1150; Цвет: венге; Материал: ЛДСП; Особенности: угловой
1016,1016,s2_29,,Мебель,14500,Кровать-софа 900х2000 дуб сонома ЛДСП; дуб односпальный 2 ящики,Тип товара: Кровать-софа; Габариты: 900х2000; Цвет: дуб сонома; Материал: ЛДСП; дуб; Особенности: односпальный 2 ящики
1017,1017,s2_30,,Мебель,10400,Кушетка медицинский 1900х700х650 бежевый винил смотровой карк,Тип товара: Кушетка медицинский; Габариты: 1900х700х650; Цвет: бежевый; Материал: винил; Особенности: смотровой карк
1018,1018,s2_31,,Мебель,11700,Верстак-стол 1200х600х850 ЛДСП; металл комбинированный каркас 3 ящики,Тип товара: Верстак-стол; Габариты: 1200х600х850; Материал: ЛДСП; металл; Особенности: комбинированный каркас 3 ящики
1019,1019,s2_32,,Мебель,3400,Пуф 800х400х400 серый рогожка с ящиком,Тип товара: Пуф; Габариты: 800х400х400; Цвет: серый; Материал: рогожка; Особенности: с ящиком
1020,1020,s2_33,,Мебель,1450,Кронштейн ТВ наст поворотн нагр 30кг,Тип товара: Кронштейн; Особенности: ТВ наст поворотн нагр 30кг
1021,1021,s2_34,,Мебель,7900,Стол письменный 1100х900х750 венге ЛДСП угловой компактный,Тип товара: Стол письменный; Габариты: 1100х900х750; Цвет: венге; Материал: ЛДСП; Особенности: угловой компактный
1022,1022,s2_35,,Мебель,9800,Тумба офисный 1200х450х750 венге ЛДСП 3-дверный,Тип товара: Тумба офисный; Габариты: 1200х450х750; Цвет: венге; Материал: ЛДСП; Особенности: 3-дверный
1023,1023,s2_36,,Мебель,11200,Кровать односпальный 800х2000 дерево; сосна масс лак,Тип товара: Кровать односпальный; Габариты: 800х2000; Материал: дерево; сосна; Особенности: масс лак
1024,1024,s2_37,,Мебель,2100,Доска маркерн 1200х900 алюминий магн алюминиевая рамка,Тип товара: Доска маркерн; Габариты: 1200х900; Материал: алюминий; Особенности: магн алюминиевая рамка
1025,1025,s2_38,,Мебель,3400,Кресло посетит тёмно-серый экокожа на полозьях штабел,Тип товара: Кресло посетит; Цвет: тёмно-серый; Материал: экокожа; Особенности: на полозьях штабел
1026,1026,s2_39,,Мебель,1480,Стул банкетный бордо; хром хром; ткань штабел карк,Тип товара: Стул банкетный; Цвет: бордо; хром; Материал: хром; ткань; Особенности: штабел карк
1027,1027,s2_40,,Мебель,1700,Кресло посетит серый металл; пластик штабел металлические ножки,Тип товара: Кресло посетит; Цвет: серый; Материал: металл; пластик; Особенности: штабел металлические ножки
1028,1028,s2_41,,Мебель,27400,Шкаф для инструмент 1200х500х1950 створк перфор,Тип товара: Шкаф для инструмент; Габариты: 1200х500х1950; Особенности: створк перфор
1029,1029,s2_42,,Мебель,14800,Стеллаж для гантелей 2000х500х750 сталь 2-ярус 3мм,Тип товара: Стеллаж для гантелей; Габариты: 2000х500х750; Материал: сталь; Особенности: 2-ярус 3мм
1030,1030,s2_43,,Мебель,6400,Скамья 1500х400х450 металл; дерево парков без спинки дерев планк,Тип товара: Скамья; Габариты: 1500х400х450; Материал: металл; дерево; Особенности: парков без спинки дерев планк
1031,1031,s2_44,,Мебель,9800,Урна металл уличн раздельн сбор 2-секционный 60л оцинк,Тип товара: Урна; Материал: металл; Особенности: уличн раздельн сбор 2-секционный 60л оцинк
1032,1032,s2_45,,Мебель,1480,Стул банкетный серый; хром хром; ткань штабел карк,Тип товара: Стул банкетный; Цвет: серый; хром; Материал: хром; ткань; Особенности: штабел карк
1033,1033,s2_46,,Мебель,4400,Кресло операторск серый ткань; пластик антистат крест,Тип товара: Кресло операторск; Цвет: серый; Материал: ткань; пластик; Особенности: антистат крест
1034,1034,s2_47,,Мебель,15400,Шкаф для одежды 800х800х1950 серый ЛДСП офисный угловой,Тип товара: Шкаф для одежды; Габариты: 800х800х1950; Цвет: серый; Материал: ЛДСП; Особенности: офисный угловой
1035,1035,s2_48,,Мебель,28400,Стеллаж нержав 1000х500х1800 сетч овощехр SS,Тип товара: Стеллаж нержав; Габариты: 1000х500х1800; Особенности: сетч овощехр SS
1036,1036,s2_49,,Мебель,7400,Стол операторск 1400х600х750 серый ЛДСП бенч-карк,Тип товара: Стол операторск; Габариты: 1400х600х750; Цвет: серый; Материал: ЛДСП; Особенности: бенч-карк
1037,1037,s2_50,,Мебель,22400,Шкаф архивный 1200х450х1950 серый усиленный 2-дверный ключ,Тип товара: Шкаф архивный; Габариты: 1200х450х1950; Цвет: серый; Особенности: усиленный 2-дверный ключ
1038,1038,s2_51,,Мебель,26400,Стеллаж паллетн 2700х1000х4000 с настилом нагр 500кг,Тип товара: Стеллаж паллетн; Габариты: 2700х1000х4000; Особенности: с настилом нагр 500кг
1039,1039,s2_52,,Мебель,680,Светильник потолочный накладки лин 600 18Вт,Тип товара: Светильник потолочный; Особенности: накладки лин 600 18Вт
1040,1040,s2_53,,Мебель,9700,Барная 1200х450х1050 серый ЛДСП стойка дом компактный,Тип товара: Барная; Габариты: 1200х450х1050; Цвет: серый; Материал: ЛДСП; Особенности: стойка дом компактный
1041,1041,s2_54,,Мебель,3650,Стул коричневый экокожа конферен с пюпитром,Тип товара: Стул; Цвет: коричневый; Материал: экокожа; Особенности: конферен с пюпитром
1042,1042,s2_55,,Мебель,14400,Стол ресторан 2400х800х750 венге ЛДСП длин карк,Тип товара: Стол ресторан; Габариты: 2400х800х750; Цвет: венге; Материал: ЛДСП; Особенности: длин карк
1043,1043,s2_56,,Мебель,4800,Сейф оружейн 250х200х1200 ключ,Тип товара: Сейф оружейн; Габариты: 250х200х1200; Особенности: ключ
1044,1044,s2_57,,Мебель,13900,Стол угловой 1500х1200х750 венге ЛДСП с надстр,Тип товара: Стол угловой; Габариты: 1500х1200х750; Цвет: венге; Материал: ЛДСП; Особенности: с надстр
1045,1045,s2_58,,Мебель,5400,Кухонный модуль 600х600х820 ЛДСП офисный под холод,Тип товара: Кухонный модуль; Габариты: 600х600х820; Материал: ЛДСП; Особенности: офисный под холод
1046,1046,s2_59,,Мебель,7400,Шкаф для документов 800х400х1150 средн со створк +полк,Тип товара: Шкаф для документов; Габариты: 800х400х1150; Особенности: средн со створк +полк
1047,1047,s2_60,,Мебель,2700,Стойка хром хром инфузион напольн рег выс 4 крюк,Тип товара: Стойка; Цвет: хром; Материал: хром; Особенности: инфузион напольн рег выс 4 крюк
1048,1048,s2_61,,Мебель,3200,Стол-приставка 800х600х750 серый ЛДСП к рабоч станц,Тип товара: Стол-приставка; Габариты: 800х600х750; Цвет: серый; Материал: ЛДСП; Особенности: к рабоч станц
1049,1049,s2_62,,Мебель,11800,Кушетка медицинский 1900х700х650 белый экокожа смотровой карк,Тип товара: Кушетка медицинский; Габариты: 1900х700х650; Цвет: белый; Материал: экокожа; Особенности: смотровой карк
1050,1050,s2_63,,Мебель,5700,Урна металл уличн 50л чугун опорн на бетон,Тип товара: Урна; Материал: металл; Особенности: уличн 50л чугун опорн на бетон
1051,1051,s2_64,,Мебель,19800,Перегор 1200х1500х1800 ЛДСП санитарн кабина в сборе,Тип товара: Перегор; Габариты: 1200х1500х1800; Материал: ЛДСП; Особенности: санитарн кабина в сборе
1052,1052,s2_65,,Мебель,15400,Стол лаб 1500х750х900 серый ЛДСП пристен тумб,Тип товара: Стол лаб; Габариты: 1500х750х900; Цвет: серый; Материал: ЛДСП; Особенности: пристен тумб
1053,1053,s2_66,,Мебель,11400,Контейнер 1200х800х800 металл складн нагр 500кг,Тип товара: Контейнер; Габариты: 1200х800х800; Материал: металл; Особенности: складн нагр 500кг
1054,1054,s2_67,,Мебель,32700,Витрина музейн 1200х600х900 горизонтальный замок,Тип товара: Витрина музейн; Габариты: 1200х600х900; Особенности: горизонтальный замок
1055,1055,s2_68,,Мебель,9800,Стеллаж 1000х400х2200 металл для архива 5 пол А4,Тип товара: Стеллаж; Габариты: 1000х400х2200; Материал: металл; Особенности: для архива 5 пол А4
1056,1056,s2_69,,Мебель,3200,Стеновая 600х600 дерево панель акуст дерев шпон шумоизол,Тип товара: Стеновая; Габариты: 600х600; Материал: дерево; Особенности: панель акуст дерев шпон шумоизол
1057,1057,s2_70,,Мебель,4900,Кресло офисный хром хром; сетка оператора синяя крест,Тип товара: Кресло офисный; Цвет: хром; Материал: хром; сетка; Особенности: оператора синяя крест
1058,1058,s2_71,,Мебель,16800,Шкаф медицинский 900х450х1950 белый металл 2-секционный ключ,Тип товара: Шкаф медицинский; Габариты: 900х450х1950; Цвет: белый; Материал: металл; Особенности: 2-секционный ключ
1059,1059,s2_72,,Мебель,8400,Стеллаж гараж 1200х500х2000 усиленный нагр 250кг/п 5 пол,Тип товара: Стеллаж гараж; Габариты: 1200х500х2000; Особенности: усиленный нагр 250кг/п 5 пол
1060,1060,s2_73,,Мебель,6800,Перегородка офисный 1400х40х1500 ткань; стекло стационарный ткань-стекло,Тип товара: Перегородка офисный; Габариты: 1400х40х1500; Материал: ткань; стекло; Особенности: стационарный ткань-стекло
1061,1061,s2_74,,Мебель,6400,Парта школьн 1200х500х760 чёрный HPL антиванд лам карк,Тип товара: Парта школьн; Габариты: 1200х500х760; Цвет: чёрный; Материал: HPL; Особенности: антиванд лам карк
1062,1062,s2_75,,Мебель,3800,Тумба под 600х500х450 чёрный сейф усиленный нагр 200кг,Тип товара: Тумба под; Габариты: 600х500х450; Цвет: чёрный; Особенности: сейф усиленный нагр 200кг
1063,1063,s2_76,,Мебель,3280,Кресло посетит коричневый; хром хром; экокожа на полозьях карк,Тип товара: Кресло посетит; Цвет: коричневый; хром; Материал: хром; экокожа; Особенности: на полозьях карк
1064,1064,s2_77,,Мебель,4400,Раздевалка 1000х350х450 скамья с ящики под обувь,Тип товара: Раздевалка; Габариты: 1000х350х450; Особенности: скамья с ящики под обувь
1065,1065,s2_78,,Мебель,10400,Кушетка медицинский 1900х600х600 белый экокожа смотровой карк,Тип товара: Кушетка медицинский; Габариты: 1900х600х600; Цвет: белый; Материал: экокожа; Особенности: смотровой карк
1066,1066,s2_79,,Мебель,6300,Стол офисный 1200х600х750 серый ЛДСП оператора,Тип товара: Стол офисный; Габариты: 1200х600х750; Цвет: серый; Материал: ЛДСП; Особенности: оператора
1067,1067,s2_80,,Мебель,980,Стойка-вешалка чёрный металл напольн 5 крюч,Тип товара: Стойка-вешалка; Цвет: чёрный; Материал: металл; Особенности: напольн 5 крюч
1068,1068,s2_81,,Мебель,5700,Стол ученический 1200х500 ЛДСП регулируемый 2-местный регулируемый,Тип товара: Стол ученический; Габариты: 1200х500; Материал: ЛДСП; Особенности: регулируемый 2-местный регулируемый
1069,1069,s2_82,,Мебель,5400,Тумба 500х450х750 белый; серый ЛДСП сервисн 3 ящика,Тип товара: Тумба; Габариты: 500х450х750; Цвет: белый; серый; Материал: ЛДСП; Особенности: сервисн 3 ящика
1070,1070,s2_83,,Мебель,38400,Ресепшен-стойка 1800х1800х1100 дуб сонома ЛДСП; дуб угловой,Тип товара: Ресепшен-стойка; Габариты: 1800х1800х1100; Цвет: дуб сонома; Материал: ЛДСП; дуб; Особенности: угловой
1071,1071,s2_84,,Мебель,21400,Перегор матовый алюминий душевая раздвижн 1200х8х2000,Тип товара: Перегор; Цвет: матовый; Материал: алюминий; Особенности: душевая раздвижн 1200х8х2000
1072,1072,s2_85,,Мебель,13900,Кресло геймерский чёрный; красный экокожа подлок регулируемый,Тип товара: Кресло геймерский; Цвет: чёрный; красный; Материал: экокожа; Особенности: подлок регулируемый
1073,1073,s2_86,,Мебель,5300,Стол письменный 1200х600х750 клён ЛДСП,Тип товара: Стол письменный; Габариты: 1200х600х750; Цвет: клён; Материал: ЛДСП
1074,1074,s2_87,,Мебель,9400,Доска аудитор 3000х1000 алюминий 3-секционный зелён мел алюминиевая рамка,Тип товара: Доска аудитор; Габариты: 3000х1000; Материал: алюминий; Особенности: 3-секционный зелён мел алюминиевая рамка
1075,1075,s2_88,,Мебель,8700,Лавка 1300х450х450 чёрный силовая горизонтальный кожзам,Тип товара: Лавка; Габариты: 1300х450х450; Цвет: чёрный; Особенности: силовая горизонтальный кожзам
1076,1076,s2_89,,Мебель,7800,Стол кухонный белый ЛДСП раскладн круглый 900/1200,Тип товара: Стол кухонный; Цвет: белый; Материал: ЛДСП; Особенности: раскладн круглый 900/1200
1077,1077,s2_90,,Мебель,13800,Шкаф для одежды 1200х500х1850 офисный со штангой+полк,Тип товара: Шкаф для одежды; Габариты: 1200х500х1850; Особенности: офисный со штангой+полк
1078,1078,s2_91,,Мебель,3950,Стеллаж 700х300х1500 металл 4 пол нагр 100кг/п,Тип товара: Стеллаж; Габариты: 700х300х1500; Материал: металл; Особенности: 4 пол нагр 100кг/п
1079,1079,s2_92,,Мебель,5700,Тумба прикроватная 4000х400х750 белый металл больничный,Тип товара: Тумба прикроватная; Габариты: 4000х400х750; Цвет: белый; Материал: металл; Особенности: больничный
1080,1080,s2_93,,Мебель,2400,Шкафчик 400х400х720 белый ЛДСП столовой,Тип товара: Шкафчик; Габариты: 400х400х720; Цвет: белый; Материал: ЛДСП; Особенности: столовой
1081,1081,s2_94,,Мебель,28700,Зона серый; хром хром; рогожка ожидан диван 3-местный ножк,Тип товара: Зона; Цвет: серый; хром; Материал: хром; рогожка; Особенности: ожидан диван 3-местный ножк
1082,1082,s2_95,,Мебель,4100,Тумба выкатн 400х500х600 серый ЛДСП 3 ящика,Тип товара: Тумба выкатн; Габариты: 400х500х600; Цвет: серый; Материал: ЛДСП; Особенности: 3 ящика
1083,1083,s2_96,,Мебель,7400,Комод 5 800х450х1100 дуб сонома ЛДСП; дуб ящика,Тип товара: Комод 5; Габариты: 800х450х1100; Цвет: дуб сонома; Материал: ЛДСП; дуб; Особенности: ящика
1084,1084,s2_97,,Мебель,1380,Стул банкетный бежевый; хром металл; хром; ткань штабел каркас крест,Тип товара: Стул банкетный; Цвет: бежевый; хром; Материал: металл; хром; ткань; Особенности: штабел каркас крест
1085,1085,s2_98,,Мебель,9200,Стол операторск 1400х700х750 серый ЛДСП с экраном,Тип товара: Стол операторск; Габариты: 1400х700х750; Цвет: серый; Материал: ЛДСП; Особенности: с экраном
1086,1086,s2_99,,Мебель,2700,Перегородка офисный 1400х30х400 чёрный ткань экран,Тип товара: Перегородка офисный; Габариты: 1400х30х400; Цвет: чёрный; Материал: ткань; Особенности: экран
1087,1087,s2_100,,Мебель,1980,Стеновая 600х600 серый ткань панель акуст 38мм,Тип товара: Стеновая; Габариты: 600х600; Цвет: серый; Материал: ткань; Особенности: панель акуст 38мм
1088,1088,s2_101,,Мебель,19400,Кресло руководителя чёрный сетка эрг подголовник подножк,Тип товара: Кресло руководителя; Цвет: чёрный; Материал: сетка; Особенности: эрг подголовник подножк
1089,1089,s2_102,,Мебель,22500,Кровать-чердак 900х2000 бук ЛДСП; бук односпальный,Тип товара: Кровать-чердак; Габариты: 900х2000; Цвет: бук; Материал: ЛДСП; бук; Особенности: односпальный
1090,1090,s2_103,,Мебель,19800,Шкаф ЛОК 150х500х1850 серый металл 5-секционный ключ,Тип товара: Шкаф ЛОК; Габариты: 150х500х1850; Цвет: серый; Материал: металл; Особенности: 5-секционный ключ
1091,1091,s2_104,,Мебель,9700,Стол письменный 1400х700х750 дуб сонома ЛДСП; дуб с ящиками,Тип товара: Стол письменный; Габариты: 1400х700х750; Цвет: дуб сонома; Материал: ЛДСП; дуб; Особенности: с ящиками
1092,1092,s2_105,,Мебель,5800,Тумба офисный 600х450х750 венге ЛДСП с дверный полки,Тип товара: Тумба офисный; Габариты: 600х450х750; Цвет: венге; Материал: ЛДСП; Особенности: с дверный полки
1093,1093,s2_106,,Мебель,28400,"Шкаф 600х600х1200 серый сервер напольн 19"" 22U перфор дверный","Тип товара: Шкаф; Габариты: 600х600х1200; Цвет: серый; Особенности: сервер напольн 19"" 22U перфор дверный"
1094,1094,s2_107,,Мебель,3400,Урна металл уличн 30л оцинк крышка с пепельн,Тип товара: Урна; Материал: металл; Особенности: уличн 30л оцинк крышка с пепельн
1095,1095,s2_108,,Мебель,11800,Стол комп 700х500 белый ЛДСП дет растущ х регулируемый,Тип товара: Стол комп; Габариты: 700х500; Цвет: белый; Материал: ЛДСП; Особенности: дет растущ х регулируемый
1096,1096,s2_109,,Мебель,5290,Стол письменный 1200х600х750 бук ЛДСП; бук,Тип товара: Стол письменный; Габариты: 1200х600х750; Цвет: бук; Материал: ЛДСП; бук
1097,1097,s2_110,,Мебель,13700,Стол операторск 1600х1400х750 белый ЛДСП угловой экран,Тип товара: Стол операторск; Габариты: 1600х1400х750; Цвет: белый; Материал: ЛДСП; Особенности: угловой экран
1098,1098,s2_111,,Мебель,7800,Шкаф для документов 800х400х1150 серый сред со створк,Тип товара: Шкаф для документов; Габариты: 800х400х1150; Цвет: серый; Особенности: сред со створк
1099,1099,s2_112,,Мебель,3200,Стул-табурет лабораторный чёрный винил подножк регулируемый,Тип товара: Стул-табурет лабораторный; Цвет: чёрный; Материал: винил; Особенности: подножк регулируемый
1100,1100,s2_113,,Мебель,42800,Шкаф ЛОК 1200х500х1850 с электрозамк RFID 4-секционный,Тип товара: Шкаф ЛОК; Габариты: 1200х500х1850; Особенности: с электрозамк RFID 4-секционный
1101,1101,s2_114,,Мебель,26700,Шкаф инструмент 1200х500х1950 металл усиленный ключ,Тип товара: Шкаф инструмент; Габариты: 1200х500х1950; Материал: металл; Особенности: усиленный ключ
1102,1102,s2_115,,Мебель,14700,Раздевалка 900х500х1850 металл шкаф ЛОК 3-секционный,Тип товара: Раздевалка; Габариты: 900х500х1850; Материал: металл; Особенности: шкаф ЛОК 3-секционный
1103,1103,s2_116,,Мебель,2700,Перегор 400х40х900 бежевый ЛДСП писсуарн влагостойк,Тип товара: Перегор; Габариты: 400х40х900; Цвет: бежевый; Материал: ЛДСП; Особенности: писсуарн влагостойк
1104,1104,s2_117,,Мебель,1380,Кронштейн 600х300 металл под клавиатуру выдвижной,Тип товара: Кронштейн; Габариты: 600х300; Материал: металл; Особенности: под клавиатуру выдвижной
1105,1105,s2_118,,Мебель,9800,Сейф оружейн 350х250х1500 трейзор 2 замка,Тип товара: Сейф оружейн; Габариты: 350х250х1500; Особенности: трейзор 2 замка
1106,1106,s2_119,,Мебель,12700,Стол лаб 1200х750х900 серый ЛДСП пристен ламель,Тип товара: Стол лаб; Габариты: 1200х750х900; Цвет: серый; Материал: ЛДСП; Особенности: пристен ламель
1107,1107,s2_120,,Мебель,4200,Стол кафе 800х750 белый ЛДСП круглый чугун опор,Тип товара: Стол кафе; Габариты: 800х750; Цвет: белый; Материал: ЛДСП; Особенности: круглый чугун опор
1108,1108,s2_121,,Мебель,2650,Кресло посетит серый; хром хром; ткань со стац базой,Тип товара: Кресло посетит; Цвет: серый; хром; Материал: хром; ткань; Особенности: со стац базой
1109,1109,s2_122,,Мебель,7400,Стол банкетный 1800х900х750 серый пластик складн HDPE сер,Тип товара: Стол банкетный; Габариты: 1800х900х750; Цвет: серый; Материал: пластик; Особенности: складн HDPE сер
1110,1110,s2_123,,Мебель,11400,Стол письменный 1400х700х1450 серый ЛДСП с надстр,Тип товара: Стол письменный; Габариты: 1400х700х1450; Цвет: серый; Материал: ЛДСП; Особенности: с надстр
1111,1111,s2_124,,Мебель,680,Табурет кухонный дуб сонома ЛДСП; дуб 450,Тип товара: Табурет кухонный; Цвет: дуб сонома; Материал: ЛДСП; дуб; Особенности: 450
1112,1112,s2_125,,Мебель,22400,Прихожая 1200х1000х2100 венге ЛДСП угловой компл,Тип товара: Прихожая; Габариты: 1200х1000х2100; Цвет: венге; Материал: ЛДСП; Особенности: угловой компл
1113,1113,s2_126,,Мебель,780,Светильник потолочный накладки круг 300мм 24Вт,Тип товара: Светильник потолочный; Особенности: накладки круг 300мм 24Вт
1114,1114,s2_127,,Мебель,21800,Стеллаж паллетн 2700х1000х3500 нагр 600кг/п,Тип товара: Стеллаж паллетн; Габариты: 2700х1000х3500; Особенности: нагр 600кг/п
1115,1115,s2_128,,Мебель,380,Стеновая 250х2700 белый; матовый ПВХ панель белая,Тип товара: Стеновая; Габариты: 250х2700; Цвет: белый; матовый; Материал: ПВХ; Особенности: панель белая
1116,1116,s2_129,,Мебель,39800,Кресло руководителя коричневый кожа; дерево премиум накладки,Тип товара: Кресло руководителя; Цвет: коричневый; Материал: кожа; дерево; Особенности: премиум накладки
1117,1117,s2_130,,Мебель,12700,Кресло акцент серый дерево; рогожка дерев ножк,Тип товара: Кресло акцент; Цвет: серый; Материал: дерево; рогожка; Особенности: дерев ножк
1118,1118,s2_131,,Мебель,7600,Шкаф офисный 800х400х1850 дуб сонома ЛДСП; дуб открыт стелл,Тип товара: Шкаф офисный; Габариты: 800х400х1850; Цвет: дуб сонома; Материал: ЛДСП; дуб; Особенности: открыт стелл
1119,1119,s2_132,,Мебель,48700,Стеллаж нержав 1200х600х2000 SS304 5 пол пищ,Тип товара: Стеллаж нержав; Габариты: 1200х600х2000; Особенности: SS304 5 пол пищ
1120,1120,s2_133,,Мебель,13700,Шкаф 1200х500х1850 серый металл ЛОК 4-секционный ключ,Тип товара: Шкаф; Габариты: 1200х500х1850; Цвет: серый; Материал: металл; Особенности: ЛОК 4-секционный ключ
1121,1121,s2_134,,Мебель,11800,Кассов 800х450х900 белый ЛДСП тумба с замком ниш,Тип товара: Кассов; Габариты: 800х450х900; Цвет: белый; Материал: ЛДСП; Особенности: тумба с замком ниш
1122,1122,s2_135,,Мебель,1980,Светильник потолочный 1200х600 растр 56Вт,Тип товара: Светильник потолочный; Габариты: 1200х600; Особенности: растр 56Вт
1123,1123,s2_136,,Мебель,11810,Кушетка медицинский 1900х700х650 белый экокожа смотровой,Тип товара: Кушетка медицинский; Габариты: 1900х700х650; Цвет: белый; Материал: экокожа; Особенности: смотровой
1124,1124,s2_137,,Мебель,3700,Кухонный модуль 600х300х720 дуб сонома ЛДСП; дуб офисный верхний,Тип товара: Кухонный модуль; Габариты: 600х300х720; Цвет: дуб сонома; Материал: ЛДСП; дуб; Особенности: офисный верхний
1125,1125,s2_138,,Мебель,10400,Шкаф для одежды 600х500х1850 дуб сонома ЛДСП; дуб офисный зерк,Тип товара: Шкаф для одежды; Габариты: 600х500х1850; Цвет: дуб сонома; Материал: ЛДСП; дуб; Особенности: офисный зерк
1126,1126,s2_139,,Мебель,8400,Шкаф 600х500х1850 металл для одежды 2-секционный ключ,Тип товара: Шкаф; Габариты: 600х500х1850; Материал: металл; Особенности: для одежды 2-секционный ключ
1127,1127,s2_140,,Мебель,54700,Вытяжной 1500х750х2300 шкаф лаб фильтр угольн,Тип товара: Вытяжной; Габариты: 1500х750х2300; Особенности: шкаф лаб фильтр угольн
1128,1128,s2_141,,Мебель,10200,Шкаф-стеллаж 800х400х1950 серый комби открыт +створк,Тип товара: Шкаф-стеллаж; Габариты: 800х400х1950; Цвет: серый; Особенности: комби открыт +створк
1129,1129,s2_142,,Мебель,48700,Витрина морозильн 1500х650х850 ларь стек крышка,Тип товара: Витрина морозильн; Габариты: 1500х650х850; Особенности: ларь стек крышка
1130,1130,s2_143,,Мебель,22400,Шкаф ЛОК 1800х500х1850 серый металл 6-секционный ключ,Тип товара: Шкаф ЛОК; Габариты: 1800х500х1850; Цвет: серый; Материал: металл; Особенности: 6-секционный ключ
1131,1131,s2_144,,Мебель,48700,Доска аудитор 2000х1200 интерактив наст проектор совмест,Тип товара: Доска аудитор; Габариты: 2000х1200; Особенности: интерактив наст проектор совмест
1132,1132,s2_145,,Мебель,10700,Шкаф для одежды 800х500х1850 серый офисный полузакрытый,Тип товара: Шкаф для одежды; Габариты: 800х500х1850; Цвет: серый; Особенности: офисный полузакрытый
1133,1133,s2_146,,Мебель,19400,Шкаф лабораторный 600х500х1500 металл сушильн,Тип товара: Шкаф лабораторный; Габариты: 600х500х1500; Материал: металл; Особенности: сушильн
1134,1134,s2_147,,Мебель,8400,Кухонный модуль 1000х500х820 венге ЛДСП офисный ниж,Тип товара: Кухонный модуль; Габариты: 1000х500х820; Цвет: венге; Материал: ЛДСП; Особенности: офисный ниж
1135,1135,s2_148,,Мебель,1180,Полка 800х300х500 металл обувн 3 ярус,Тип товара: Полка; Габариты: 800х300х500; Материал: металл; Особенности: обувн 3 ярус
1136,1136,s2_149,,Мебель,10800,Стеллаж для блинов 600х500х1500 чёрный сталь 7-местный,Тип товара: Стеллаж для блинов; Габариты: 600х500х1500; Цвет: чёрный; Материал: сталь; Особенности: 7-местный
1137,1137,s2_150,,Мебель,15600,Шкаф медицинский 600х400х1850 для лекарств ключ кодов,Тип товара: Шкаф медицинский; Габариты: 600х400х1850; Особенности: для лекарств ключ кодов
1138,1138,s2_151,,Мебель,1850,Табурет барный дерево лак 750,Тип товара: Табурет барный; Материал: дерево; Особенности: лак 750
1139,1139,s2_152,,Мебель,11400,Шкаф офисный 800х450х1850 дуб сонома ЛДСП; дуб 2-дверный,Тип товара: Шкаф офисный; Габариты: 800х450х1850; Цвет: дуб сонома; Материал: ЛДСП; дуб; Особенности: 2-дверный
1140,1140,s2_153,,Мебель,3200,Стол-приставка 900х450х750 дуб сонома ЛДСП; дуб ради,Тип товара: Стол-приставка; Габариты: 900х450х750; Цвет: дуб сонома; Материал: ЛДСП; дуб; Особенности: ради
1141,1141,s2_154,,Мебель,12700,Шкаф для одежды офисный полузакрытый со створк зерк,Тип товара: Шкаф для одежды; Особенности: офисный полузакрытый со створк зерк
1142,1142,s2_155,,Мебель,9400,Шкаф для одежды 600х500х1850 венге ЛДСП офисный штанга+полки,Тип товара: Шкаф для одежды; Габариты: 600х500х1850; Цвет: венге; Материал: ЛДСП; Особенности: офисный штанга+полки
1143,1143,s2_156,,Мебель,1850,"Кронштейн ТВ наст накладки "" нагр 45кг","Тип товара: Кронштейн; Особенности: ТВ наст накладки "" нагр 45кг"
1144,1144,s2_157,,Мебель,5290,Стол письменный 1200х600х750 ЛДСП вишня,Тип товара: Стол письменный; Габариты: 1200х600х750; Материал: ЛДСП; Особенности: вишня
1145,1145,s2_158,,Мебель,6800,Шкаф документальный 400х400х1850 белый ЛДСП узк,Тип товара: Шкаф документальный; Габариты: 400х400х1850; Цвет: белый; Материал: ЛДСП; Особенности: узк
1146,1146,s2_159,,Мебель,13700,Лавка 1500х500х450 чёрный силовая обратн накладки кожзам,Тип товара: Лавка; Габариты: 1500х500х450; Цвет: чёрный; Особенности: силовая обратн накладки кожзам
1147,1147,s2_160,,Мебель,17400,Перегор прозрачный стекло душевая 1000х8х2000 алюм карк,Тип товара: Перегор; Цвет: прозрачный; Материал: стекло; Особенности: душевая 1000х8х2000 алюм карк
1148,1148,s2_161,,Мебель,4900,Ковёр 1600х2300 серый синтет совр,Тип товара: Ковёр; Габариты: 1600х2300; Цвет: серый; Особенности: синтет совр
1149,1149,s2_162,,Мебель,3800,Зона 700х700х450 чёрный металл ожидан журн стол,Тип товара: Зона; Габариты: 700х700х450; Цвет: чёрный; Материал: металл; Особенности: ожидан журн стол
1150,1150,s2_163,,Мебель,43500,Шкаф-купе 2400х600х2200 дуб сонома дуб 3-дверный зерк,Тип товара: Шкаф-купе; Габариты: 2400х600х2200; Цвет: дуб сонома; Материал: дуб; Особенности: 3-дверный зерк
1151,1151,s2_164,,Мебель,7900,Кресло операторск чёрный; серый сетка подлок регулируемый,Тип товара: Кресло операторск; Цвет: чёрный; серый; Материал: сетка; Особенности: подлок регулируемый
1152,1152,s2_165,,Мебель,9850,Кровать односпальный 900х2000 дуб сонома ЛДСП; дуб,Тип товара: Кровать односпальный; Габариты: 900х2000; Цвет: дуб сонома; Материал: ЛДСП; дуб
1153,1153,s2_166,,Мебель,1400,Стул-табурет офисный чёрный пластик регулируемый крестовина,Тип товара: Стул-табурет офисный; Цвет: чёрный; Материал: пластик; Особенности: регулируемый крестовина
1154,1154,s2_167,,Мебель,24700,Барная 1800х1800х1100 ЛДСП стойка-перегор угловой,Тип товара: Барная; Габариты: 1800х1800х1100; Материал: ЛДСП; Особенности: стойка-перегор угловой
1155,1155,s2_168,,Мебель,1450,Стул офисный серый; хром хром; ткань посетит,Тип товара: Стул офисный; Цвет: серый; хром; Материал: хром; ткань; Особенности: посетит
1156,1156,s2_169,,Мебель,9700,Стеллаж 1400х500х1800 металл 5 пол 150кг/п оцинк,Тип товара: Стеллаж; Габариты: 1400х500х1800; Материал: металл; Особенности: 5 пол 150кг/п оцинк
1157,1157,s2_170,,Мебель,36400,Сейф огнестойкий 700х600х600 60мин ключ+код 95,Тип товара: Сейф огнестойкий; Габариты: 700х600х600; Особенности: 60мин ключ+код 95
1158,1158,s2_171,,Мебель,3700,Кресло офисный серый ткань оператора регул высоты,Тип товара: Кресло офисный; Цвет: серый; Материал: ткань; Особенности: оператора регул высоты
1159,1159,s2_172,,Мебель,9700,Стол лабораторный 1400х750х900 серый ЛДСП компьют,Тип товара: Стол лабораторный; Габариты: 1400х750х900; Цвет: серый; Материал: ЛДСП; Особенности: компьют
1160,1160,s2_173,,Мебель,4400,Подиум выставочный 1000х500х400 белый ЛДСП прямоуг,Тип товара: Подиум выставочный; Габариты: 1000х500х400; Цвет: белый; Материал: ЛДСП; Особенности: прямоуг
1161,1161,s2_174,,Мебель,2900,Кресло посетит чёрный; хром хром; экокожа со стац базой,Тип товара: Кресло посетит; Цвет: чёрный; хром; Материал: хром; экокожа; Особенности: со стац базой
1162,1162,s2_175,,Мебель,13400,Стол операторск 1600х700х750 белый ЛДСП с тумбой 4 ящика,Тип товара: Стол операторск; Габариты: 1600х700х750; Цвет: белый; Материал: ЛДСП; Особенности: с тумбой 4 ящика
1163,1163,s2_176,,Мебель,1980,Огражд выставочный золото Огражд выставочный стойка золото+лента 2м,Тип товара: Огражд выставочный; Цвет: золото; Особенности: Огражд выставочный стойка золото+лента 2м
1164,1164,s2_177,,Мебель,680,Кронштейн для ТВ наст фикс нагр 25кг,Тип товара: Кронштейн для ТВ; Особенности: наст фикс нагр 25кг
1165,1165,s2_178,,Мебель,42700,Рабоч.станция 2800х1600х750 белый ЛДСП бенч 4-местный,Тип товара: Рабоч.станция; Габариты: 2800х1600х750; Цвет: белый; Материал: ЛДСП; Особенности: бенч 4-местный
1166,1166,s2_179,,Мебель,9700,Стол антиванд 800х800х750 металл шахм разметка,Тип товара: Стол антиванд; Габариты: 800х800х750; Материал: металл; Особенности: шахм разметка
1167,1167,s2_180,,Мебель,34500,Стол офисный 2000х900х750 орех руководителя шпон с надстр,Тип товара: Стол офисный; Габариты: 2000х900х750; Цвет: орех; Особенности: руководителя шпон с надстр
1168,1168,s2_181,,Мебель,4400,Тумба операторск 400х500х600 серый мобильный 3 ящика,Тип товара: Тумба операторск; Габариты: 400х500х600; Цвет: серый; Особенности: мобильный 3 ящика
1169,1169,s2_182,,Мебель,7250,Стеллаж 1000х400х2000 металл 5 пол нагр 150кг/п,Тип товара: Стеллаж; Габариты: 1000х400х2000; Материал: металл; Особенности: 5 пол нагр 150кг/п
1170,1170,s2_183,,Мебель,8400,Раковина 600х500х200 лаб SS наст со смесит,Тип товара: Раковина; Габариты: 600х500х200; Особенности: лаб SS наст со смесит
1171,1171,s2_184,,Мебель,1850,Матрас 1600х2000 наматрасн водонепр,Тип товара: Матрас; Габариты: 1600х2000; Особенности: наматрасн водонепр
1172,1172,s2_185,,Мебель,3850,Кресло конферен коричневый экокожа на полозьях,Тип товара: Кресло конферен; Цвет: коричневый; Материал: экокожа; Особенности: на полозьях
1173,1173,s2_186,,Мебель,14800,Стеллаж паллетн 2000х1000х3000 лёгк нагр 300кг/п,Тип товара: Стеллаж паллетн; Габариты: 2000х1000х3000; Особенности: лёгк нагр 300кг/п
1174,1174,s2_187,,Мебель,12700,Шкаф медицинский 600х400х1850 белый металл 2-секционный ключ,Тип товара: Шкаф медицинский; Габариты: 600х400х1850; Цвет: белый; Материал: металл; Особенности: 2-секционный ключ
1175,1175,s2_188,,Мебель,15700,Стол письменный 1100х600 ЛДСП трансформ растущ регулируемый,Тип товара: Стол письменный; Габариты: 1100х600; Материал: ЛДСП; Особенности: трансформ растущ регулируемый
1176,1176,s2_189,,Мебель,3400,Кронштейн для ТВ потолочный поворот,Тип товара: Кронштейн для ТВ; Особенности: потолочный поворот
1177,1177,s2_190,,Мебель,9800,Кушетка офисный 1900х700 чёрный экокожа,Тип товара: Кушетка офисный; Габариты: 1900х700; Цвет: чёрный; Материал: экокожа
1178,1178,s2_191,,Мебель,16400,Шкаф офисный 1200х450х1950 серый ЛДСП со створк 5 пол,Тип товара: Шкаф офисный; Габариты: 1200х450х1950; Цвет: серый; Материал: ЛДСП; Особенности: со створк 5 пол
1179,1179,s2_192,,Мебель,14700,Картотека серый металл 10 ящика А6 ключевая,Тип товара: Картотека; Цвет: серый; Материал: металл; Особенности: 10 ящика А6 ключевая
1180,1180,s2_193,,Мебель,980,Светильник аварийный маяч наст 5Вт,Тип товара: Светильник аварийный; Особенности: маяч наст 5Вт
1181,1181,s2_194,,Мебель,780,Доска пробков 900х600 дерево деревянная рамка,Тип товара: Доска пробков; Габариты: 900х600; Материал: дерево; Особенности: деревянная рамка
1182,1182,s2_195,,Мебель,46700,Стол-бенч 2800х1400х750 венге ЛДСП 4-местный,Тип товара: Стол-бенч; Габариты: 2800х1400х750; Цвет: венге; Материал: ЛДСП; Особенности: 4-местный
1183,1183,s2_196,,Мебель,2380,Кресло посетит чёрный металл; ткань на полозьях каркас,Тип товара: Кресло посетит; Цвет: чёрный; Материал: металл; ткань; Особенности: на полозьях каркас
1184,1184,s2_197,,Мебель,9400,Стеллаж торгов 1000х400х2000 белый ЛДСП пристен 6 пол,Тип товара: Стеллаж торгов; Габариты: 1000х400х2000; Цвет: белый; Материал: ЛДСП; Особенности: пристен 6 пол
1185,1185,s2_198,,Мебель,1980,Шкафчик для столовой 600х300х450 белый настенн,Тип товара: Шкафчик для столовой; Габариты: 600х300х450; Цвет: белый; Особенности: настенн
1186,1186,s2_199,,Мебель,13400,Стол антиванд 1500х750х750 металл уличн порош окраск,Тип товара: Стол антиванд; Габариты: 1500х750х750; Материал: металл; Особенности: уличн порош окраск
1187,1187,s2_200,,Мебель,24800,Шкаф лаб 800х500х1600 металл сушильн регул темп,Тип товара: Шкаф лаб; Габариты: 800х500х1600; Материал: металл; Особенности: сушильн регул темп
1188,1188,s2_201,,Мебель,46800,Шкаф для химикат 1200х500х2000 лаб 2-дверный вытяж,Тип товара: Шкаф для химикат; Габариты: 1200х500х2000; Особенности: лаб 2-дверный вытяж
1189,1189,s2_202,,Мебель,680,Светильник встр потолочный 12Вт круг 220мм,Тип товара: Светильник встр; Особенности: потолочный 12Вт круг 220мм
1190,1190,s2_203,,Мебель,64800,Вытяжной 1800х750х2300 шкаф лаб 2-створчатый фильтр,Тип товара: Вытяжной; Габариты: 1800х750х2300; Особенности: шкаф лаб 2-створчатый фильтр
1191,1191,s2_204,,Мебель,5700,Подиум выставочный 800х800х800 чёрный ЛДСП квадратный,Тип товара: Подиум выставочный; Габариты: 800х800х800; Цвет: чёрный; Материал: ЛДСП; Особенности: квадратный
1192,1192,s2_205,,Мебель,28400,Верстак 1800х700х1900 монтажн с экран перфор крюч,Тип товара: Верстак; Габариты: 1800х700х1900; Особенности: монтажн с экран перфор крюч
1193,1193,s2_206,,Мебель,14400,Шкаф школьн 1000х450х2000 ЛДСП для пособий со створк,Тип товара: Шкаф школьн; Габариты: 1000х450х2000; Материал: ЛДСП; Особенности: для пособий со створк
1194,1194,s2_207,,Мебель,28400,Сейф огнестойкий 600х500х500 60мин эл замок,Тип товара: Сейф огнестойкий; Габариты: 600х500х500; Особенности: 60мин эл замок
1195,1195,s2_208,,Мебель,2400,Столик 600х600х450 белый ЛДСП; металл журн круглый,Тип товара: Столик; Габариты: 600х600х450; Цвет: белый; Материал: ЛДСП; металл; Особенности: журн круглый
1196,1196,s2_209,,Мебель,9400,Стол ресторан 1800х900х750 венге ЛДСП овальн,Тип товара: Стол ресторан; Габариты: 1800х900х750; Цвет: венге; Материал: ЛДСП; Особенности: овальн
1197,1197,s2_210,,Мебель,64700,"Шкаф 600х800х2000 серый сервер 19"" 42U стек дверный","Тип товара: Шкаф; Габариты: 600х800х2000; Цвет: серый; Особенности: сервер 19"" 42U стек дверный"
1198,1198,s2_211,,Мебель,13700,Тумба реактивн 600х450х850 лаб поддон ключ,Тип товара: Тумба реактивн; Габариты: 600х450х850; Особенности: лаб поддон ключ
1199,1199,s2_212,,Мебель,10800,Шкаф для документов 800х400х1950 серый высокий полузакрытый,Тип товара: Шкаф для документов; Габариты: 800х400х1950; Цвет: серый; Особенности: высокий полузакрытый
1200,1200,s2_213,,Мебель,12400,Шкаф офисный 1000х450х1850 венге ЛДСП со створк,Тип товара: Шкаф офисный; Габариты: 1000х450х1850; Цвет: венге; Материал: ЛДСП; Особенности: со створк
1201,1201,s2_214,,Мебель,13400,Верстак 1000х600х850 металл мобильный колес с тормозн,Тип товара: Верстак; Габариты: 1000х600х850; Материал: металл; Особенности: мобильный колес с тормозн
1202,1202,s2_215,,Мебель,14400,Стол лаб 900х600х750 ЛДСП для микроскоп антивибр,Тип товара: Стол лаб; Габариты: 900х600х750; Материал: ЛДСП; Особенности: для микроскоп антивибр
1203,1203,s2_216,,Мебель,24700,Барн.стойка 1800х1800х1100 венге ЛДСП модул угловой,Тип товара: Барн.стойка; Габариты: 1800х1800х1100; Цвет: венге; Материал: ЛДСП; Особенности: модул угловой
1204,1204,s2_217,,Мебель,7400,Стол гостевой 1100х500х750 дуб ЛДСП; дуб рабоч ящики,Тип товара: Стол гостевой; Габариты: 1100х500х750; Цвет: дуб; Материал: ЛДСП; дуб; Особенности: рабоч ящики
1205,1205,s2_218,,Мебель,26400,Шкаф документальный 800х800х2000 дуб сонома ЛДСП; дуб карусел,Тип товара: Шкаф документальный; Габариты: 800х800х2000; Цвет: дуб сонома; Материал: ЛДСП; дуб; Особенности: карусел
1206,1206,s2_219,,Мебель,16400,Стол лабораторный 1800х750х900 белый ЛДСП химостойк,Тип товара: Стол лабораторный; Габариты: 1800х750х900; Цвет: белый; Материал: ЛДСП; Особенности: химостойк
1207,1207,s2_220,,Мебель,6400,Столик 500х400х800 инструмент SS колес 2 полки,Тип товара: Столик; Габариты: 500х400х800; Особенности: инструмент SS колес 2 полки
1208,1208,s2_221,,Мебель,13700,Шкаф ЛОК 600х500х1850 Z-образн 2-секционный ключ,Тип товара: Шкаф ЛОК; Габариты: 600х500х1850; Особенности: Z-образн 2-секционный ключ
1209,1209,s2_222,,Мебель,7800,Стол перегов 1200х750 венге ЛДСП круглый,Тип товара: Стол перегов; Габариты: 1200х750; Цвет: венге; Материал: ЛДСП; Особенности: круглый
1210,1210,s2_223,,Мебель,11400,Стол лабораторный 1200х600х900 серый ЛДСП химостойк,Тип товара: Стол лабораторный; Габариты: 1200х600х900; Цвет: серый; Материал: ЛДСП; Особенности: химостойк
1211,1211,s2_224,,Мебель,21400,Шкаф гостевой 1200х600х2100 дуб ЛДСП; дуб распашной штанга,Тип товара: Шкаф гостевой; Габариты: 1200х600х2100; Цвет: дуб; Материал: ЛДСП; дуб; Особенности: распашной штанга
1212,1212,s2_225,,Мебель,19800,Шкаф огнестойкий 500х450х650 компактный 30мин ключ,Тип товара: Шкаф огнестойкий; Габариты: 500х450х650; Особенности: компактный 30мин ключ
1213,1213,s2_226,,Мебель,26400,Шкаф ЛОК 1200х500х1850 для персонал 4-секционный кодов замок,Тип товара: Шкаф ЛОК; Габариты: 1200х500х1850; Особенности: для персонал 4-секционный кодов замок
1214,1214,s2_227,,Мебель,19400,Барная 1800х500х1150 стойка-перегор с надстр,Тип товара: Барная; Габариты: 1800х500х1150; Особенности: стойка-перегор с надстр
1215,1215,s2_228,,Мебель,14700,Верстак 1200х600х850 сталь слесарн с тиск 2мм 1 ящики,Тип товара: Верстак; Габариты: 1200х600х850; Материал: сталь; Особенности: слесарн с тиск 2мм 1 ящики
1216,1216,s2_229,,Мебель,5700,Шкаф для документов 800х400х1150 серый сред открыт,Тип товара: Шкаф для документов; Габариты: 800х400х1150; Цвет: серый; Особенности: сред открыт
1217,1217,s2_230,,Мебель,2400,Лампа белый наст аккум сенсорн диммер белая,Тип товара: Лампа; Цвет: белый; Особенности: наст аккум сенсорн диммер белая
1218,1218,s2_231,,Мебель,5700,Тумба прикроватная 400х400х750 серый металл больничный,Тип товара: Тумба прикроватная; Габариты: 400х400х750; Цвет: серый; Материал: металл; Особенности: больничный
1219,1219,s2_232,,Мебель,4400,Тумба под 600х450х650 венге ЛДСП принтер 2-дверный,Тип товара: Тумба под; Габариты: 600х450х650; Цвет: венге; Материал: ЛДСП; Особенности: принтер 2-дверный
1220,1220,s2_233,,Мебель,15800,Стол лабораторный 1200х750х900 титровальн ламель,Тип товара: Стол лабораторный; Габариты: 1200х750х900; Особенности: титровальн ламель
1221,1221,s2_234,,Мебель,5400,Тумба операторск 600х450х750 серый стационарный с дверный,Тип товара: Тумба операторск; Габариты: 600х450х750; Цвет: серый; Особенности: стационарный с дверный
1222,1222,s2_235,,Мебель,1450,Доска информ 900х600 серый алюминий ткан пробк алюминиевая рамка,Тип товара: Доска информ; Габариты: 900х600; Цвет: серый; Материал: алюминий; Особенности: ткан пробк алюминиевая рамка
1223,1223,s2_236,,Мебель,5400,Банкетка 2000х400х450 металл; дерево раздевалк усиленный сид,Тип товара: Банкетка; Габариты: 2000х400х450; Материал: металл; дерево; Особенности: раздевалк усиленный сид
1224,1224,s2_237,,Мебель,7400,Перегородка офисный 1200х40х1800 стекло стационарный со,Тип товара: Перегородка офисный; Габариты: 1200х40х1800; Материал: стекло; Особенности: стационарный со
1225,1225,s2_238,,Мебель,1700,Светильник линейн белый подвес 1200 40Вт,Тип товара: Светильник линейн; Цвет: белый; Особенности: подвес 1200 40Вт
1226,1226,s2_239,,Мебель,420,Кронштейн торгов перфор панель крюч 200мм 5шт компл,Тип товара: Кронштейн; Особенности: торгов перфор панель крюч 200мм 5шт компл
1227,1227,s2_240,,Мебель,13200,Шкаф для одежды 800х500х1950 белый ЛДСП офисный зерк внутр,Тип товара: Шкаф для одежды; Габариты: 800х500х1950; Цвет: белый; Материал: ЛДСП; Особенности: офисный зерк внутр
1228,1228,s2_241,,Мебель,640,Табурет кухонный белый ЛДСП 450,Тип товара: Табурет кухонный; Цвет: белый; Материал: ЛДСП; Особенности: 450
1229,1229,s2_242,,Мебель,3700,Стол-приставка 900х500х750 белый ЛДСП дуга,Тип товара: Стол-приставка; Габариты: 900х500х750; Цвет: белый; Материал: ЛДСП; Особенности: дуга
1230,1230,s2_243,,Мебель,3400,Столик 600х750 белый ЛДСП ресторан складн круглый,Тип товара: Столик; Габариты: 600х750; Цвет: белый; Материал: ЛДСП; Особенности: ресторан складн круглый
1231,1231,s2_244,,Мебель,82400,Бенч-система 4800х1400х750 белый ЛДСП 8-местный,Тип товара: Бенч-система; Габариты: 4800х1400х750; Цвет: белый; Материал: ЛДСП; Особенности: 8-местный
1232,1232,s2_245,,Мебель,31400,Стеллаж нержав 700х700х1800 SS304 угловой 4 пол,Тип товара: Стеллаж нержав; Габариты: 700х700х1800; Особенности: SS304 угловой 4 пол
1233,1233,s2_246,,Мебель,13700,Шкаф офисный 800х450х2050 венге ЛДСП 2-дверный 5 полки,Тип товара: Шкаф офисный; Габариты: 800х450х2050; Цвет: венге; Материал: ЛДСП; Особенности: 2-дверный 5 полки
1234,1234,s2_247,,Мебель,1700,Кронштейн для ТВ наст наклон нагр 50кг,Тип товара: Кронштейн для ТВ; Особенности: наст наклон нагр 50кг
1235,1235,s2_248,,Мебель,780,Подставка для ног пластик эргон регулируемый наклон,Тип товара: Подставка для ног; Материал: пластик; Особенности: эргон регулируемый наклон
1236,1236,s2_249,,Мебель,6700,Шкаф для документов 800х400х1150 белый сред полузакрытый,Тип товара: Шкаф для документов; Габариты: 800х400х1150; Цвет: белый; Особенности: сред полузакрытый
1237,1237,s2_250,,Мебель,14700,Витрина музейн 800х500х400 стекло наст горизонтальный,Тип товара: Витрина музейн; Габариты: 800х500х400; Материал: стекло; Особенности: наст горизонтальный
1238,1238,s2_251,,Мебель,1380,Кресло посетит чёрный; хром хром; экокожа на полозьях штабел,Тип товара: Кресло посетит; Цвет: чёрный; хром; Материал: хром; экокожа; Особенности: на полозьях штабел
1239,1239,s2_252,,Мебель,13400,Скамья 1600х500х450 сталь тренир регул накладки 3мм,Тип товара: Скамья; Габариты: 1600х500х450; Материал: сталь; Особенности: тренир регул накладки 3мм
1240,1240,s2_253,,Мебель,1980,Стул венге дерево кафе деревян с подлок лак,Тип товара: Стул; Цвет: венге; Материал: дерево; Особенности: кафе деревян с подлок лак
1241,1241,s2_254,,Мебель,5400,Стол банкетный 1500х750х750 белый пластик складн HDPE,Тип товара: Стол банкетный; Габариты: 1500х750х750; Цвет: белый; Материал: пластик; Особенности: складн HDPE
1242,1242,s2_255,,Мебель,2200,Зеркало 600х1000 дуб ЛДСП; дуб гостиничн в рамке,Тип товара: Зеркало; Габариты: 600х1000; Цвет: дуб; Материал: ЛДСП; дуб; Особенности: гостиничн в рамке
1243,1243,s2_256,,Мебель,21400,Шкаф инструмент 1000х500х1800 металл с ящики ключ,Тип товара: Шкаф инструмент; Габариты: 1000х500х1800; Материал: металл; Особенности: с ящики ключ
1244,1244,s2_257,,Мебель,3100,Доска информ 900х1200 ткан +магн комби,Тип товара: Доска информ; Габариты: 900х1200; Особенности: ткан +магн комби
1245,1245,s2_258,,Мебель,9450,Картотека металл 4 ящика А4 ключ,Тип товара: Картотека; Материал: металл; Особенности: 4 ящика А4 ключ
1246,1246,s2_259,,Мебель,3450,Кресло посетит чёрный; хром хром; экокожа на полозьях,Тип товара: Кресло посетит; Цвет: чёрный; хром; Материал: хром; экокожа; Особенности: на полозьях
1247,1247,s2_260,,Мебель,1100,Светильник потолочный 600х600 офисный 36Вт армстронг,Тип товара: Светильник потолочный; Габариты: 600х600; Особенности: офисный 36Вт армстронг
1248,1248,s2_261,,Мебель,14700,Кухонный модуль 600х500х1950 офисный высокий под духовку,Тип товара: Кухонный модуль; Габариты: 600х500х1950; Особенности: офисный высокий под духовку
1249,1249,s2_262,,Мебель,4800,Тумба под 600х450х750 белый ЛДСП оргтехнику с дверный,Тип товара: Тумба под; Габариты: 600х450х750; Цвет: белый; Материал: ЛДСП; Особенности: оргтехнику с дверный
1250,1250,s2_263,,Мебель,2400,Стул чёрный металл кафе ротанг искусств карк,Тип товара: Стул; Цвет: чёрный; Материал: металл; Особенности: кафе ротанг искусств карк
1251,1251,s2_264,,Мебель,3700,Стол кафе 700х700х750 венге ЛДСП; металл квадратный опора,Тип товара: Стол кафе; Габариты: 700х700х750; Цвет: венге; Материал: ЛДСП; металл; Особенности: квадратный опора
1252,1252,s2_265,,Мебель,2700,Шкафчик 800х300х450 белый ЛДСП столовой подвесн,Тип товара: Шкафчик; Габариты: 800х300х450; Цвет: белый; Материал: ЛДСП; Особенности: столовой подвесн
1253,1253,s2_266,,Мебель,4990,Стол письменный 1200х600х750 белый ЛДСП,Тип товара: Стол письменный; Габариты: 1200х600х750; Цвет: белый; Материал: ЛДСП
1254,1254,s2_267,,Мебель,2700,Сушилка для одежды 1800х600х1700 металл напольн складн,Тип товара: Сушилка для одежды; Габариты: 1800х600х1700; Материал: металл; Особенности: напольн складн
1255,1255,s2_268,,Мебель,1850,Доска маркерн 1200х900 лак без рамки клипса,Тип товара: Доска маркерн; Габариты: 1200х900; Особенности: лак без рамки клипса
1256,1256,s2_269,,Мебель,14800,Барная 1600х500х1100 венге ЛДСП стойка-перегор,Тип товара: Барная; Габариты: 1600х500х1100; Цвет: венге; Материал: ЛДСП; Особенности: стойка-перегор
1257,1257,s2_270,,Мебель,2100,Пуф 400х450 дерево круглый велюр горчичн дерев ножк,Тип товара: Пуф; Габариты: 400х450; Материал: дерево; Особенности: круглый велюр горчичн дерев ножк
1258,1258,s2_271,,Мебель,3700,Тумба под 500х450х650 белый ЛДСП принтер колес,Тип товара: Тумба под; Габариты: 500х450х650; Цвет: белый; Материал: ЛДСП; Особенности: принтер колес
1259,1259,s2_272,,Мебель,16400,Шкаф медицинский 600х450х1850 белый инструмент стек створк,Тип товара: Шкаф медицинский; Габариты: 600х450х1850; Цвет: белый; Особенности: инструмент стек створк
1260,1260,s2_273,,Мебель,32400,Тележка 800х500х1000 инструмент автосерв 8 ящики,Тип товара: Тележка; Габариты: 800х500х1000; Особенности: инструмент автосерв 8 ящики
1261,1261,s2_274,,Мебель,17400,Тумба реактивн 800х450х850 серый лаб 2-дверный поддон,Тип товара: Тумба реактивн; Габариты: 800х450х850; Цвет: серый; Особенности: лаб 2-дверный поддон
1262,1262,s2_275,,Мебель,5290,Стол письменный 1200х600х750 дуб ЛДСП; дуб светл,Тип товара: Стол письменный; Габариты: 1200х600х750; Цвет: дуб; Материал: ЛДСП; дуб; Особенности: светл
1263,1263,s2_276,,Мебель,19600,Стол перегов 2400х1200х750 венге ЛДСП,Тип товара: Стол перегов; Габариты: 2400х1200х750; Цвет: венге; Материал: ЛДСП
1264,1264,s2_277,,Мебель,420,Подставка под чёрный металл; сетка книги,Тип товара: Подставка под; Цвет: чёрный; Материал: металл; сетка; Особенности: книги
1265,1265,s2_278,,Мебель,11400,Стол манипуляц 800х500х850 металл 2 полки колес,Тип товара: Стол манипуляц; Габариты: 800х500х850; Материал: металл; Особенности: 2 полки колес
1266,1266,s2_279,,Мебель,2700,Подиум выставочный 400х400х400 чёрный ЛДСП квадратный,Тип товара: Подиум выставочный; Габариты: 400х400х400; Цвет: чёрный; Материал: ЛДСП; Особенности: квадратный
1267,1267,s2_280,,Мебель,6900,Комод 4 1000х450х900 венге ЛДСП ящика,Тип товара: Комод 4; Габариты: 1000х450х900; Цвет: венге; Материал: ЛДСП; Особенности: ящика
1268,1268,s2_281,,Мебель,24800,Верстак 1500х1500х850 металл угловой 3 ящики+перфор экран,Тип товара: Верстак; Габариты: 1500х1500х850; Материал: металл; Особенности: угловой 3 ящики+перфор экран
1269,1269,s2_282,,Мебель,1980,Раздевалка 1200х200 металл вешалка наст 8 крюч,Тип товара: Раздевалка; Габариты: 1200х200; Материал: металл; Особенности: вешалка наст 8 крюч
1270,1270,s2_283,,Мебель,4100,Стол ресторан венге ЛДСП; металл квадратный 700х7х750 опора,Тип товара: Стол ресторан; Цвет: венге; Материал: ЛДСП; металл; Особенности: квадратный 700х7х750 опора
1271,1271,s2_284,,Мебель,38400,Витрина музейн 800х400х2000 пристен ключ,Тип товара: Витрина музейн; Габариты: 800х400х2000; Особенности: пристен ключ
1272,1272,s2_285,,Мебель,480,Карниз белый пластик потолочный 2-рядный 2000,Тип товара: Карниз; Цвет: белый; Материал: пластик; Особенности: потолочный 2-рядный 2000
1273,1273,s2_286,,Мебель,17500,Кресло руководителя коричневый; хром хром; кожа высок спинка,Тип товара: Кресло руководителя; Цвет: коричневый; хром; Материал: хром; кожа; Особенности: высок спинка
1274,1274,s2_287,,Мебель,4500,Стеллаж 800х400х1600 металл сборн 4 пол нагр 120кг/п,Тип товара: Стеллаж; Габариты: 800х400х1600; Материал: металл; Особенности: сборн 4 пол нагр 120кг/п
1275,1275,s2_288,,Мебель,4900,Тумба операторск 400х500х750 серый стационарный 3 ящика,Тип товара: Тумба операторск; Габариты: 400х500х750; Цвет: серый; Особенности: стационарный 3 ящика
1276,1276,s2_289,,Мебель,14700,Скамья 1800х1500х750 дерево парков со столиком пикн,Тип товара: Скамья; Габариты: 1800х1500х750; Материал: дерево; Особенности: парков со столиком пикн
1277,1277,s2_290,,Мебель,5100,Парта школьн 600х500 ЛДСП регулируемый 1-местный регулируемый,Тип товара: Парта школьн; Габариты: 600х500; Материал: ЛДСП; Особенности: регулируемый 1-местный регулируемый
1278,1278,s2_291,,Мебель,9800,Тумба ТВ 1600х400х500 дуб сонома ЛДСП; дуб 2-дверный,Тип товара: Тумба ТВ; Габариты: 1600х400х500; Цвет: дуб сонома; Материал: ЛДСП; дуб; Особенности: 2-дверный
1279,1279,s2_292,,Мебель,84700,Шкаф огнестойкий 1000х500х1950 документальный 90мин код,Тип товара: Шкаф огнестойкий; Габариты: 1000х500х1950; Особенности: документальный 90мин код
1280,1280,s2_293,,Мебель,3800,Банкетка 900х400х450 венге ЛДСП; экокожа прихож сид,Тип товара: Банкетка; Габариты: 900х400х450; Цвет: венге; Материал: ЛДСП; экокожа; Особенности: прихож сид
1281,1281,s2_294,,Мебель,5400,Тумба операторск 400х500х600 серый мобильный с пеналом,Тип товара: Тумба операторск; Габариты: 400х500х600; Цвет: серый; Особенности: мобильный с пеналом
1282,1282,s2_295,,Мебель,1380,Светильник аварийный 6Вт указ выхода 3ч,Тип товара: Светильник аварийный; Особенности: 6Вт указ выхода 3ч
1283,1283,s2_296,,Мебель,9700,Кушетка медицинский 1800х600х600 белый экокожа смотровой карк,Тип товара: Кушетка медицинский; Габариты: 1800х600х600; Цвет: белый; Материал: экокожа; Особенности: смотровой карк
1284,1284,s2_297,,Мебель,14700,Верстак 1500х700х850 сталь; металл слесарн 2мм 1 ящики,Тип товара: Верстак; Габариты: 1500х700х850; Материал: сталь; металл; Особенности: слесарн 2мм 1 ящики
1285,1285,s2_298,,Мебель,6400,Стол банкетный 1800х750х750 белый пластик складн HDPE,Тип товара: Стол банкетный; Габариты: 1800х750х750; Цвет: белый; Материал: пластик; Особенности: складн HDPE
1286,1286,s2_299,,Мебель,13705,Стол лабораторный 1500х750х900 белый ЛДСП химостойк,Тип товара: Стол лабораторный; Габариты: 1500х750х900; Цвет: белый; Материал: ЛДСП; Особенности: химостойк
1287,1287,s2_300,,Мебель,15800,Стеллаж 1500х500х2500 металл сборн 6 пол нагр 300кг,Тип товара: Стеллаж; Габариты: 1500х500х2500; Материал: металл; Особенности: сборн 6 пол нагр 300кг
1288,1288,s2_301,,Мебель,4600,Тумба операторск 400х500х600 чёрный мобильный 3 ящика,Тип товара: Тумба операторск; Габариты: 400х500х600; Цвет: чёрный; Особенности: мобильный 3 ящика
1289,1289,s2_302,,Мебель,1850,Лампа белый наст дневн свет белая на струбц,Тип товара: Лампа; Цвет: белый; Особенности: наст дневн свет белая на струбц
1290,1290,s2_303,,Мебель,21400,Верстак 1800х750х900 сталь слесарн с тиск 2мм 3 ящики,Тип товара: Верстак; Габариты: 1800х750х900; Материал: сталь; Особенности: слесарн с тиск 2мм 3 ящики
1291,1291,s2_304,,Мебель,6400,Стенд для гантелей 1200х200х500 сталь наст крюч,Тип товара: Стенд для гантелей; Габариты: 1200х200х500; Материал: сталь; Особенности: наст крюч
1292,1292,s2_305,,Мебель,4100,Стол ресторан 700х700х750 венге ЛДСП; металл опора,Тип товара: Стол ресторан; Габариты: 700х700х750; Цвет: венге; Материал: ЛДСП; металл; Особенности: опора
1293,1293,s2_306,,Мебель,5300,Стол кухонный 1200х750х750 дуб сонома ЛДСП; дуб обед,Тип товара: Стол кухонный; Габариты: 1200х750х750; Цвет: дуб сонома; Материал: ЛДСП; дуб; Особенности: обед
1294,1294,s2_307,,Мебель,9400,Перегородка офисный 1600х40х1500 ткань мобильный экран,Тип товара: Перегородка офисный; Габариты: 1600х40х1500; Материал: ткань; Особенности: мобильный экран
1295,1295,s2_308,,Мебель,15400,Шкаф 800х450х1950 серый металл бухгалт 2-дверный ключ,Тип товара: Шкаф; Габариты: 800х450х1950; Цвет: серый; Материал: металл; Особенности: бухгалт 2-дверный ключ
1296,1296,s2_309,,Мебель,3900,Доска флипчарт 700х1000 магн на колёсах роликовая,Тип товара: Доска флипчарт; Габариты: 700х1000; Особенности: магн на колёсах роликовая
1297,1297,s2_310,,Мебель,13700,Перегор 1500х40х2000 серый HPL санитарн,Тип товара: Перегор; Габариты: 1500х40х2000; Цвет: серый; Материал: HPL; Особенности: санитарн
1298,1298,s2_311,,Мебель,2900,Стеллаж-кронштейн для инструм 800х250 крюч +полки,Тип товара: Стеллаж-кронштейн для инструм; Габариты: 800х250; Особенности: крюч +полки
1299,1299,s2_312,,Мебель,31400,Шкаф для инструмента 800х500х2000 металл антивандальн 3мм,Тип товара: Шкаф для инструмента; Габариты: 800х500х2000; Материал: металл; Особенности: антивандальн 3мм
1300,1300,s2_313,,Мебель,2700,Стенд выставочный 850х2000 алюминий roll-up с печатью,Тип товара: Стенд выставочный; Габариты: 850х2000; Материал: алюминий; Особенности: roll-up с печатью
1301,1301,s2_314,,Мебель,7400,Тележка 500х350х750 металл инструмент компактный 3 ящики,Тип товара: Тележка; Габариты: 500х350х750; Материал: металл; Особенности: инструмент компактный 3 ящики
1302,1302,s2_315,,Мебель,19400,Стойка для штанг 1800х500х1800 сталь 3мм 6 мест,Тип товара: Стойка для штанг; Габариты: 1800х500х1800; Материал: сталь; Особенности: 3мм 6 мест
1303,1303,s2_316,,Мебель,19800,Шкаф инструмент 1000х500х1950 металл 2-дверный ключ,Тип товара: Шкаф инструмент; Габариты: 1000х500х1950; Материал: металл; Особенности: 2-дверный ключ
1304,1304,s2_317,,Мебель,32400,Сейф огнестойкий 600х500х500 эл замок 60мин 55,Тип товара: Сейф огнестойкий; Габариты: 600х500х500; Особенности: эл замок 60мин 55
1305,1305,s2_318,,Мебель,2700,Перегородка офисный 1400х30х400 экран наст пробков,Тип товара: Перегородка офисный; Габариты: 1400х30х400; Особенности: экран наст пробков
1306,1306,s2_319,,Мебель,1700,Стул-табурет офисный белый регулируемый сидушка кругл,Тип товара: Стул-табурет офисный; Цвет: белый; Особенности: регулируемый сидушка кругл
1307,1307,s2_320,,Мебель,2800,Стул банкетный бежевый; бук дерево; бук деревян лак чехол,Тип товара: Стул банкетный; Цвет: бежевый; бук; Материал: дерево; бук; Особенности: деревян лак чехол
1308,1308,s2_321,,Мебель,3280,Кресло посетит чёрный; хром хром; экокожа на полозьях карк,Тип товара: Кресло посетит; Цвет: чёрный; хром; Материал: хром; экокожа; Особенности: на полозьях карк
1309,1309,s2_322,,Мебель,1450,Стул обеденный венге ЛДСП мягкое сиденье,Тип товара: Стул обеденный; Цвет: венге; Материал: ЛДСП; Особенности: мягкое сиденье
1310,1310,s2_323,,Мебель,2700,Доска маркерн 1500х1000 алюминий магн алюминиевая рамка,Тип товара: Доска маркерн; Габариты: 1500х1000; Материал: алюминий; Особенности: магн алюминиевая рамка
1311,1311,s2_324,,Мебель,4900,Тумба под 600х450х720 дуб сонома ЛДСП; дуб МФУ с дверц,Тип товара: Тумба под; Габариты: 600х450х720; Цвет: дуб сонома; Материал: ЛДСП; дуб; Особенности: МФУ с дверц
1312,1312,s2_325,,Мебель,14700,Шкаф медицинский 600х600х1850 белый угловой ключ 4 пол,Тип товара: Шкаф медицинский; Габариты: 600х600х1850; Цвет: белый; Особенности: угловой ключ 4 пол
1313,1313,s2_326,,Мебель,13700,Раздевалка 600х400х1850 шкафч ячейк 8 ячеек ключ,Тип товара: Раздевалка; Габариты: 600х400х1850; Особенности: шкафч ячейк 8 ячеек ключ
1314,1314,s2_327,,Мебель,48400,"Шкаф 600х600х1600 серый сервер 19"" 32U метал дверный","Тип товара: Шкаф; Габариты: 600х600х1600; Цвет: серый; Особенности: сервер 19"" 32U метал дверный"
1315,1315,s2_328,,Мебель,19400,Стол письменный 2400х1400х750 белый ЛДСП сдвоен бенч,Тип товара: Стол письменный; Габариты: 2400х1400х750; Цвет: белый; Материал: ЛДСП; Особенности: сдвоен бенч
1316,1316,s2_329,,Мебель,19800,Сейф огнестойкий 400х500х500 ключ+код,Тип товара: Сейф огнестойкий; Габариты: 400х500х500; Особенности: ключ+код
1317,1317,s2_330,,Мебель,5290,Стол письменный 1200х600х750 ясень ЛДСП,Тип товара: Стол письменный; Габариты: 1200х600х750; Цвет: ясень; Материал: ЛДСП
1318,1318,s2_331,,Мебель,34700,Ресепшен-стойка 2000х600х1100 ЛДСП; стекло стекл надстр,Тип товара: Ресепшен-стойка; Габариты: 2000х600х1100; Материал: ЛДСП; стекло; Особенности: стекл надстр
1319,1319,s2_332,,Мебель,1850,Кресло посетит чёрный металл; пластик штабел металлические ножки,Тип товара: Кресло посетит; Цвет: чёрный; Материал: металл; пластик; Особенности: штабел металлические ножки
1320,1320,s2_333,,Мебель,7400,Шкаф для документов 800х400х1150 серый ЛДСП с замком,Тип товара: Шкаф для документов; Габариты: 800х400х1150; Цвет: серый; Материал: ЛДСП; Особенности: с замком
1321,1321,s2_334,,Мебель,1450,Подставка под 600х250х100 монитор бамбук ящики,Тип товара: Подставка под; Габариты: 600х250х100; Особенности: монитор бамбук ящики
1322,1322,s2_335,,Мебель,15700,Шкаф документальный 800х400х1950 серый с сейф-секц ключ,Тип товара: Шкаф документальный; Габариты: 800х400х1950; Цвет: серый; Особенности: с сейф-секц ключ
1323,1323,s2_336,,Мебель,4250,Стул барный 500х500х850 коричневый экокожа со спинкой,Тип товара: Стул барный; Габариты: 500х500х850; Цвет: коричневый; Материал: экокожа; Особенности: со спинкой
1324,1324,s2_337,,Мебель,1480,Лампа чёрный пластик наст диммер USB сенсорн,Тип товара: Лампа; Цвет: чёрный; Материал: пластик; Особенности: наст диммер USB сенсорн
1325,1325,s2_338,,Мебель,7400,Стол-бенч 1400х700х750 белый ЛДСП пристав,Тип товара: Стол-бенч; Габариты: 1400х700х750; Цвет: белый; Материал: ЛДСП; Особенности: пристав
1326,1326,s2_339,,Мебель,21800,Шкаф для инструмента 1000х500х2000 откидн створк крюч,Тип товара: Шкаф для инструмента; Габариты: 1000х500х2000; Особенности: откидн створк крюч
1327,1327,s2_340,,Мебель,1980,Рулонная 1500х1700 бежевый штора блэкаут,Тип товара: Рулонная; Габариты: 1500х1700; Цвет: бежевый; Особенности: штора блэкаут
1328,1328,s2_341,,Мебель,520,Корзина хром металл; хром; сетка покупательск 22л с ручк,Тип товара: Корзина; Цвет: хром; Материал: металл; хром; сетка; Особенности: покупательск 22л с ручк
1329,1329,s2_342,,Мебель,13400,Скамья 1000х600х900 тренировочн гиперэкст угловой 45°,Тип товара: Скамья; Габариты: 1000х600х900; Особенности: тренировочн гиперэкст угловой 45°
1330,1330,s2_343,,Мебель,14800,Стол манипуляц 900х500х850 SS 1 ящики колес,Тип товара: Стол манипуляц; Габариты: 900х500х850; Особенности: SS 1 ящики колес
1331,1331,s2_344,,Мебель,38400,Верстак 1800х750х900 бук бук столярн с тиск массив 50мм,Тип товара: Верстак; Габариты: 1800х750х900; Цвет: бук; Материал: бук; Особенности: столярн с тиск массив 50мм
1332,1332,s2_345,,Мебель,10600,Стол угловой 1400х1100х750 дуб сонома ЛДСП; дуб,Тип товара: Стол угловой; Габариты: 1400х1100х750; Цвет: дуб сонома; Материал: ЛДСП; дуб
1333,1333,s2_346,,Мебель,6900,Шкаф для документов 800х400х1150 белый ЛДСП сред,Тип товара: Шкаф для документов; Габариты: 800х400х1150; Цвет: белый; Материал: ЛДСП; Особенности: сред
1334,1334,s2_347,,Мебель,9800,Зона серый ткань ожидан кресло перегов на полозьях,Тип товара: Зона; Цвет: серый; Материал: ткань; Особенности: ожидан кресло перегов на полозьях
1335,1335,s2_348,,Мебель,3200,Стул коричневый экокожа; дерево ресторан с подлок карк,Тип товара: Стул; Цвет: коричневый; Материал: экокожа; дерево; Особенности: ресторан с подлок карк
1336,1336,s2_349,,Мебель,16800,Шкаф медицинский 900х450х1950 серый металл 2-секционный ключ,Тип товара: Шкаф медицинский; Габариты: 900х450х1950; Цвет: серый; Материал: металл; Особенности: 2-секционный ключ
1337,1337,s2_350,,Мебель,6700,Стеллаж 800х400х1800 серый металл полузакрытый 4 пол,Тип товара: Стеллаж; Габариты: 800х400х1800; Цвет: серый; Материал: металл; Особенности: полузакрытый 4 пол
1338,1338,s2_351,,Мебель,3200,Сейф 250х350х250 мебельн ключ 8,Тип товара: Сейф; Габариты: 250х350х250; Особенности: мебельн ключ 8
1339,1339,s2_352,,Мебель,24800,Каталка медицинский 2000х650х750 1-местный колес,Тип товара: Каталка медицинский; Габариты: 2000х650х750; Особенности: 1-местный колес
1340,1340,s2_353,,Мебель,8900,Стол гостевой 800х450х750 белый ЛДСП макияж зерк,Тип товара: Стол гостевой; Габариты: 800х450х750; Цвет: белый; Материал: ЛДСП; Особенности: макияж зерк
1341,1341,s2_354,,Мебель,14400,Подиум выставочный 2000х800х1200 МДФ 4 ярус,Тип товара: Подиум выставочный; Габариты: 2000х800х1200; Особенности: МДФ 4 ярус
1342,1342,s2_355,,Мебель,3950,Комод 3 600х400х800 белый ЛДСП ящика,Тип товара: Комод 3; Габариты: 600х400х800; Цвет: белый; Материал: ЛДСП; Особенности: ящика
1343,1343,s2_356,,Мебель,26800,Кассов 1800х1200х900 ЛДСП остров со стяж лентой,Тип товара: Кассов; Габариты: 1800х1200х900; Материал: ЛДСП; Особенности: остров со стяж лентой
1344,1344,s2_357,,Мебель,13900,Кресло акцент дерево велюр коичн дерев ножк,Тип товара: Кресло акцент; Материал: дерево; Особенности: велюр коичн дерев ножк
1345,1345,s2_358,,Мебель,19800,Тумба реактивн 600х500х850 под кислоту трейзор,Тип товара: Тумба реактивн; Габариты: 600х500х850; Особенности: под кислоту трейзор
1346,1346,s2_359,,Мебель,620,Удлинитель белый 4 розет 5м с выкл,Тип товара: Удлинитель; Цвет: белый; Особенности: 4 розет 5м с выкл
1347,1347,s2_360,,Мебель,9700,Стол учительск 1400х600х760 бук ЛДСП; бук с тумбой 2 ящика,Тип товара: Стол учительск; Габариты: 1400х600х760; Цвет: бук; Материал: ЛДСП; бук; Особенности: с тумбой 2 ящика
1348,1348,s2_361,,Мебель,780,Подставка под 500х250х100 белый ЛДСП монитор,Тип товара: Подставка под; Габариты: 500х250х100; Цвет: белый; Материал: ЛДСП; Особенности: монитор
1349,1349,s2_362,,Мебель,31200,Шкаф-купе 1500х600х2200 дуб сонома дуб 2-дверный зерк,Тип товара: Шкаф-купе; Габариты: 1500х600х2200; Цвет: дуб сонома; Материал: дуб; Особенности: 2-дверный зерк
1350,1350,s2_363,,Мебель,3700,Парта школьн 600х500х760 бук ЛДСП; бук с наклон столеш,Тип товара: Парта школьн; Габариты: 600х500х760; Цвет: бук; Материал: ЛДСП; бук; Особенности: с наклон столеш
1351,1351,s2_364,,Мебель,5800,Стол операторск 1200х600х750 серый ЛДСП компактный,Тип товара: Стол операторск; Габариты: 1200х600х750; Цвет: серый; Материал: ЛДСП; Особенности: компактный
1352,1352,s2_365,,Мебель,9200,Стол банкетный 2400х750х750 серый пластик складн HDPE,Тип товара: Стол банкетный; Габариты: 2400х750х750; Цвет: серый; Материал: пластик; Особенности: складн HDPE
1353,1353,s2_366,,Мебель,9400,Стол перегов 1500х750 дуб сонома ЛДСП; дуб круглый,Тип товара: Стол перегов; Габариты: 1500х750; Цвет: дуб сонома; Материал: ЛДСП; дуб; Особенности: круглый
1354,1354,s2_367,,Мебель,14700,Шкаф двуспальный 800х450х1950 серый металл ключ,Тип товара: Шкаф двуспальный; Габариты: 800х450х1950; Цвет: серый; Материал: металл; Особенности: ключ
1355,1355,s2_368,,Мебель,980,Штора 1200х1700 бежевый ткань рулон,Тип товара: Штора; Габариты: 1200х1700; Цвет: бежевый; Материал: ткань; Особенности: рулон
1356,1356,s2_369,,Мебель,4400,Сейф 350х450х250 мебельн под А4 ключ 14,Тип товара: Сейф; Габариты: 350х450х250; Особенности: мебельн под А4 ключ 14
1357,1357,s2_370,,Мебель,21400,Шкаф медицинский 1200х500х1950 белый металл 2-секционный ключ,Тип товара: Шкаф медицинский; Габариты: 1200х500х1950; Цвет: белый; Материал: металл; Особенности: 2-секционный ключ
1358,1358,s2_371,,Мебель,19800,Верстак 1500х700х900 мобильный колес с тормозн 4 ящики,Тип товара: Верстак; Габариты: 1500х700х900; Особенности: мобильный колес с тормозн 4 ящики
1359,1359,s2_372,,Мебель,26500,Шкаф архивный 1600х450х1950 серый ЛДСП 4-секционный А4,Тип товара: Шкаф архивный; Габариты: 1600х450х1950; Цвет: серый; Материал: ЛДСП; Особенности: 4-секционный А4
1360,1360,s2_373,,Мебель,38400,Стеллаж нержав 1000х500х1800 SS304 4 пол пищ,Тип товара: Стеллаж нержав; Габариты: 1000х500х1800; Особенности: SS304 4 пол пищ
1361,1361,s2_374,,Мебель,14800,Стол письменный 1500х1200х750 венге ЛДСП угловой с тумбой,Тип товара: Стол письменный; Габариты: 1500х1200х750; Цвет: венге; Материал: ЛДСП; Особенности: угловой с тумбой
1362,1362,s2_375,,Мебель,2700,Подиум выставочный 400х400х400 белый ЛДСП квадратный,Тип товара: Подиум выставочный; Габариты: 400х400х400; Цвет: белый; Материал: ЛДСП; Особенности: квадратный
1363,1363,s2_376,,Мебель,5100,Тумба под 600х450х750 венге ЛДСП МФУ 2 полки,Тип товара: Тумба под; Габариты: 600х450х750; Цвет: венге; Материал: ЛДСП; Особенности: МФУ 2 полки
1364,1364,s2_377,,Мебель,58400,Стол-бенч 3600х1600х750 дуб сонома ЛДСП; дуб 6-местный,Тип товара: Стол-бенч; Габариты: 3600х1600х750; Цвет: дуб сонома; Материал: ЛДСП; дуб; Особенности: 6-местный
1365,1365,s2_378,,Мебель,7800,Кресло офисный чёрный; серый сетка эрг крест с подлок,Тип товара: Кресло офисный; Цвет: чёрный; серый; Материал: сетка; Особенности: эрг крест с подлок
1366,1366,s2_379,,Мебель,1480,Огражд выставочный хром хром Огражд выставочный стойка хром+лента 1м,Тип товара: Огражд выставочный; Цвет: хром; Материал: хром; Особенности: Огражд выставочный стойка хром+лента 1м
1367,1367,s2_380,,Мебель,1980,Подставка под 600х230х90 серый металл монитор регулируемый,Тип товара: Подставка под; Габариты: 600х230х90; Цвет: серый; Материал: металл; Особенности: монитор регулируемый
1368,1368,s2_381,,Мебель,8700,Контейнер 1000х800х750 металл сетчат нагр 300кг,Тип товара: Контейнер; Габариты: 1000х800х750; Материал: металл; Особенности: сетчат нагр 300кг
1369,1369,s2_382,,Мебель,24700,Стол лаб 1000х600х900 весовой антивибр гранит,Тип товара: Стол лаб; Габариты: 1000х600х900; Особенности: весовой антивибр гранит
1370,1370,s2_383,,Мебель,1700,Кронштейн под клавиат с подставк под мышь,Тип товара: Кронштейн; Особенности: под клавиат с подставк под мышь
1371,1371,s2_384,,Мебель,5800,Кухонный модуль 600х500х820 дуб сонома ЛДСП; дуб офисный ниж,Тип товара: Кухонный модуль; Габариты: 600х500х820; Цвет: дуб сонома; Материал: ЛДСП; дуб; Особенности: офисный ниж
1372,1372,s2_385,,Мебель,11400,Кресло руководителя серый; хром хром; ткань велюр крестовина,Тип товара: Кресло руководителя; Цвет: серый; хром; Материал: хром; ткань; Особенности: велюр крестовина
1373,1373,s2_386,,Мебель,7800,Столик 600х400х850 инструмент SS 3 полки колес,Тип товара: Столик; Габариты: 600х400х850; Особенности: инструмент SS 3 полки колес
1374,1374,s2_387,,Мебель,16400,Шкаф медицинский 800х450х1850 белый стек створк 4 пол,Тип товара: Шкаф медицинский; Габариты: 800х450х1850; Цвет: белый; Особенности: стек створк 4 пол
1375,1375,s2_388,,Мебель,18400,"Шкаф 600х450х650 серый сервер наст 19"" 12U стек дверный","Тип товара: Шкаф; Габариты: 600х450х650; Цвет: серый; Особенности: сервер наст 19"" 12U стек дверный"
1376,1376,s2_389,,Мебель,31400,Перегор 1500х1500х2000 HPL санитарн кабина в сборе,Тип товара: Перегор; Габариты: 1500х1500х2000; Материал: HPL; Особенности: санитарн кабина в сборе
1377,1377,s2_390,,Мебель,1850,Стул-табурет серый винил работ регул высоты,Тип товара: Стул-табурет; Цвет: серый; Материал: винил; Особенности: работ регул высоты
1378,1378,s2_391,,Мебель,5400,Сейф 300х400х300 мебельн эл замок 12,Тип товара: Сейф; Габариты: 300х400х300; Особенности: мебельн эл замок 12
1379,1379,s2_392,,Мебель,780,Подставка под чёрный металл системный блок колес,Тип товара: Подставка под; Цвет: чёрный; Материал: металл; Особенности: системный блок колес
1380,1380,s2_393,,Мебель,17200,Стол угловой 1600х1200х750 серый ЛДСП с тумбой 4 ящика,Тип товара: Стол угловой; Габариты: 1600х1200х750; Цвет: серый; Материал: ЛДСП; Особенности: с тумбой 4 ящика
1381,1381,s2_394,,Мебель,2900,Столик 800х500х450 дуб сонома ЛДСП; дуб журн,Тип товара: Столик; Габариты: 800х500х450; Цвет: дуб сонома; Материал: ЛДСП; дуб; Особенности: журн
1382,1382,s2_395,,Мебель,19800,Матрас 1800х2000 пружин 7-зон независ блок,Тип товара: Матрас; Габариты: 1800х2000; Особенности: пружин 7-зон независ блок
1383,1383,s2_396,,Мебель,5200,Тумба выкатн 400х500х650 венге ЛДСП 4 ящика,Тип товара: Тумба выкатн; Габариты: 400х500х650; Цвет: венге; Материал: ЛДСП; Особенности: 4 ящика
1384,1384,s2_397,,Мебель,28400,Барн.стойка 1800х600х1100 венге ЛДСП с витрин,Тип товара: Барн.стойка; Габариты: 1800х600х1100; Цвет: венге; Материал: ЛДСП; Особенности: с витрин
1385,1385,s2_398,,Мебель,6900,Стол перегов 1200х600х750 серый ЛДСП трапец,Тип товара: Стол перегов; Габариты: 1200х600х750; Цвет: серый; Материал: ЛДСП; Особенности: трапец
1386,1386,s2_399,,Мебель,24500,Диван прям чёрный экокожа еврокн 2-местный,Тип товара: Диван прям; Цвет: чёрный; Материал: экокожа; Особенности: еврокн 2-местный
1387,1387,s2_400,,Мебель,11400,Стол лаб 1600х750х900 серый ЛДСП компьют кабель,Тип товара: Стол лаб; Габариты: 1600х750х900; Цвет: серый; Материал: ЛДСП; Особенности: компьют кабель
1388,1388,s2_401,,Мебель,1100,Стул ученический металл; пластик сиденье/спинка каркас 380,Тип товара: Стул ученический; Материал: металл; пластик; Особенности: сиденье/спинка каркас 380
1389,1389,s2_402,,Мебель,2400,Багажн.полка 1000х400х200 дерево гостиничн наст,Тип товара: Багажн.полка; Габариты: 1000х400х200; Материал: дерево; Особенности: гостиничн наст
1390,1390,s2_403,,Мебель,2900,"Кронштейн монит потолочный ""","Тип товара: Кронштейн; Особенности: монит потолочный """
1391,1391,s2_404,,Мебель,2900,Жалюзи 1500х2400 бежевый ткань вертикальный,Тип товара: Жалюзи; Габариты: 1500х2400; Цвет: бежевый; Материал: ткань; Особенности: вертикальный
1392,1392,s2_405,,Мебель,18400,Скамья 2000х600х450 сталь тренир олимп 4мм,Тип товара: Скамья; Габариты: 2000х600х450; Материал: сталь; Особенности: тренир олимп 4мм
1393,1393,s2_406,,Мебель,14700,Шкаф архивный 800х450х1990 металл 4 полки ключ,Тип товара: Шкаф архивный; Габариты: 800х450х1990; Материал: металл; Особенности: 4 полки ключ
1394,1394,s2_407,,Мебель,13700,Шкаф школьн 800х400х1850 бук ЛДСП; бук для книг со стек створк,Тип товара: Шкаф школьн; Габариты: 800х400х1850; Цвет: бук; Материал: ЛДСП; бук; Особенности: для книг со стек створк
1395,1395,s2_408,,Мебель,1380,Стул ученический бук ЛДСП; металл; бук штабел каркас 460,Тип товара: Стул ученический; Цвет: бук; Материал: ЛДСП; металл; бук; Особенности: штабел каркас 460
1396,1396,s2_409,,Мебель,14800,Кресло руководителя чёрный; хром хром; кожа пятилучье,Тип товара: Кресло руководителя; Цвет: чёрный; хром; Материал: хром; кожа; Особенности: пятилучье
1397,1397,s2_410,,Мебель,46800,Шкаф лабораторный 1200х750х2300 металл вытяжн фильтр,Тип товара: Шкаф лабораторный; Габариты: 1200х750х2300; Материал: металл; Особенности: вытяжн фильтр
1398,1398,s2_411,,Мебель,7400,Стеллаж 1500х500х2000 металл сборн 5 пол 150кг/п,Тип товара: Стеллаж; Габариты: 1500х500х2000; Материал: металл; Особенности: сборн 5 пол 150кг/п
1399,1399,s2_412,,Мебель,1380,Доска маркерн 900х600 алюминий магн алюминиевая рамка,Тип товара: Доска маркерн; Габариты: 900х600; Материал: алюминий; Особенности: магн алюминиевая рамка
1400,1400,s2_413,,Мебель,1100,Подставка для ног чёрный металл; сетка,Тип товара: Подставка для ног; Цвет: чёрный; Материал: металл; сетка
1401,1401,s2_414,,Мебель,3700,Кронштейн для проектор потолочный регулируемый,Тип товара: Кронштейн для проектор; Особенности: потолочный регулируемый
1402,1402,s2_415,,Мебель,31400,Стеллаж паллетн 3000х1100х4500 нагр 1000кг/п усиленный,Тип товара: Стеллаж паллетн; Габариты: 3000х1100х4500; Особенности: нагр 1000кг/п усиленный
1403,1403,s2_416,,Мебель,4700,Доска информ 1200х900 магн маркерн со створками,Тип товара: Доска информ; Габариты: 1200х900; Особенности: магн маркерн со створками
1404,1404,s2_417,,Мебель,14410,Шкаф медицинский 800х400х1850 белый металл 2-секционный ключ,Тип товара: Шкаф медицинский; Габариты: 800х400х1850; Цвет: белый; Материал: металл; Особенности: 2-секционный ключ
1405,1405,s2_418,,Мебель,6700,Кресло операторск белый; серый сетка каркас,Тип товара: Кресло операторск; Цвет: белый; серый; Материал: сетка; Особенности: каркас
1406,1406,s2_419,,Мебель,19400,Перегор 900х900х2000 стекло душевая угловой алюм карк,Тип товара: Перегор; Габариты: 900х900х2000; Материал: стекло; Особенности: душевая угловой алюм карк
1407,1407,s2_420,,Мебель,9400,Стол комп 1100х600х1450 венге ЛДСП с надстр,Тип товара: Стол комп; Габариты: 1100х600х1450; Цвет: венге; Материал: ЛДСП; Особенности: с надстр
1408,1408,s2_421,,Мебель,5700,Стеллаж 800х400х1800 металл 5 пол 150кг/п оцинк,Тип товара: Стеллаж; Габариты: 800х400х1800; Материал: металл; Особенности: 5 пол 150кг/п оцинк
1409,1409,s2_422,,Мебель,4200,Тумба под 600х450х650 белый ЛДСП оргтехнику,Тип товара: Тумба под; Габариты: 600х450х650; Цвет: белый; Материал: ЛДСП; Особенности: оргтехнику
1410,1410,s2_423,,Мебель,28400,Шкаф химический 800х500х1850 серый металл лаб 2-дверный вытяж,Тип товара: Шкаф химический; Габариты: 800х500х1850; Цвет: серый; Материал: металл; Особенности: лаб 2-дверный вытяж
1411,1411,s2_424,,Мебель,28400,Верстак 1500х700х900 сталь; металл с ящиками 7-секционный 2мм,Тип товара: Верстак; Габариты: 1500х700х900; Материал: сталь; металл; Особенности: с ящиками 7-секционный 2мм
1412,1412,s2_425,,Мебель,14700,Шкаф лабораторный 800х450х1850 для посуды стек створк,Тип товара: Шкаф лабораторный; Габариты: 800х450х1850; Особенности: для посуды стек створк
1413,1413,s2_426,,Мебель,6800,Витрина торгов 500х500х500 стекло наст куб,Тип товара: Витрина торгов; Габариты: 500х500х500; Материал: стекло; Особенности: наст куб
1414,1414,s2_427,,Мебель,8400,Шкаф для документов 800х400х1950 серый высокий открыт,Тип товара: Шкаф для документов; Габариты: 800х400х1950; Цвет: серый; Особенности: высокий открыт
1415,1415,s2_428,,Мебель,1380,Рулонная 1000х1600 серый штора блэкаут,Тип товара: Рулонная; Габариты: 1000х1600; Цвет: серый; Особенности: штора блэкаут
1416,1416,s2_429,,Мебель,31400,Барн.стойка 2400х800х1100 серый ЛДСП модул островн сер,Тип товара: Барн.стойка; Габариты: 2400х800х1100; Цвет: серый; Материал: ЛДСП; Особенности: модул островн сер
1417,1417,s2_430,,Мебель,13700,Стеллаж 1200х400х2500 металл для архива 6 пол А4,Тип товара: Стеллаж; Габариты: 1200х400х2500; Материал: металл; Особенности: для архива 6 пол А4
1418,1418,s2_431,,Мебель,38400,Стойка 1200х1200х2100 сталь приседан силовая рама 4мм,Тип товара: Стойка; Габариты: 1200х1200х2100; Материал: сталь; Особенности: приседан силовая рама 4мм
1419,1419,s2_432,,Мебель,17400,Стол лабораторный 800х600х900 серый весовой антивибр,Тип товара: Стол лабораторный; Габариты: 800х600х900; Цвет: серый; Особенности: весовой антивибр
1420,1420,s2_433,,Мебель,2200,Стул банкетный бежевый; золото штабел чехол карк,Тип товара: Стул банкетный; Цвет: бежевый; золото; Особенности: штабел чехол карк
1421,1421,s2_434,,Мебель,14700,Кресло руководителя белый экокожа деров накладки метал крест,Тип товара: Кресло руководителя; Цвет: белый; Материал: экокожа; Особенности: деров накладки метал крест
1422,1422,s2_435,,Мебель,3450,Флипчарт 700х1000 магн на колёсах,Тип товара: Флипчарт; Габариты: 700х1000; Особенности: магн на колёсах
1423,1423,s2_436,,Мебель,6100,Шкаф для документов 800х400х750 серый низкий со створк,Тип товара: Шкаф для документов; Габариты: 800х400х750; Цвет: серый; Особенности: низкий со створк
1424,1424,s2_437,,Мебель,24700,Стеллаж нержав 800х500х1800 SS201 4 пол пищ,Тип товара: Стеллаж нержав; Габариты: 800х500х1800; Особенности: SS201 4 пол пищ
1425,1425,s2_438,,Мебель,6400,Стол операторск 1200х600х750 белый ЛДСП на бенч-карк,Тип товара: Стол операторск; Габариты: 1200х600х750; Цвет: белый; Материал: ЛДСП; Особенности: на бенч-карк
1426,1426,s2_439,,Мебель,14400,Кассов 1000х600х1100 серый ЛДСП бокс ниш под терминал,Тип товара: Кассов; Габариты: 1000х600х1100; Цвет: серый; Материал: ЛДСП; Особенности: бокс ниш под терминал
1427,1427,s2_440,,Мебель,19400,Витрина торгов 600х400х1800 стекло высокий 5 пол подсв,Тип товара: Витрина торгов; Габариты: 600х400х1800; Материал: стекло; Особенности: высокий 5 пол подсв
1428,1428,s2_441,,Мебель,4600,Тумба под 600х500х500 металл сейф нагр 300кг,Тип товара: Тумба под; Габариты: 600х500х500; Материал: металл; Особенности: сейф нагр 300кг
1429,1429,s2_442,,Мебель,17400,Кушетка процедур 2000х650х750 бежевый винил регулируемый,Тип товара: Кушетка процедур; Габариты: 2000х650х750; Цвет: бежевый; Материал: винил; Особенности: регулируемый
1430,1430,s2_443,,Мебель,19800,Ковёр 2000х2900 бежевый шерсть классик,Тип товара: Ковёр; Габариты: 2000х2900; Цвет: бежевый; Особенности: шерсть классик
1431,1431,s2_444,,Мебель,4700,Перегор 450х40х1000 чёрный HPL писсуарн компакт,Тип товара: Перегор; Габариты: 450х40х1000; Цвет: чёрный; Материал: HPL; Особенности: писсуарн компакт
1432,1432,s2_445,,Мебель,4100,Столик барный 600х1100 белый; хром ЛДСП; хром круглый,Тип товара: Столик барный; Габариты: 600х1100; Цвет: белый; хром; Материал: ЛДСП; хром; Особенности: круглый
1433,1433,s2_446,,Мебель,7200,Ковёр 2000х3000 бежевый; коричневый синтет геом,Тип товара: Ковёр; Габариты: 2000х3000; Цвет: бежевый; коричневый; Особенности: синтет геом
1434,1434,s2_447,,Мебель,1480,Стул банкетный чёрный; хром хром; ткань штабел карк,Тип товара: Стул банкетный; Цвет: чёрный; хром; Материал: хром; ткань; Особенности: штабел карк
1435,1435,s2_448,,Мебель,78400,Стол-бенч 4800х1600х750 серый ЛДСП 8-местный,Тип товара: Стол-бенч; Габариты: 4800х1600х750; Цвет: серый; Материал: ЛДСП; Особенности: 8-местный
1436,1436,s2_449,,Мебель,38400,Бенч-система 2400х1400х750 серый ЛДСП 4-местный,Тип товара: Бенч-система; Габариты: 2400х1400х750; Цвет: серый; Материал: ЛДСП; Особенности: 4-местный
1437,1437,s2_450,,Мебель,8700,Шкаф-стеллаж 800х400х1850 дуб сонома ЛДСП; дуб комби,Тип товара: Шкаф-стеллаж; Габариты: 800х400х1850; Цвет: дуб сонома; Материал: ЛДСП; дуб; Особенности: комби
1438,1438,s2_451,,Мебель,9700,Перегородка офисный 1500х40х1800 матовый стекло стационарный,Тип товара: Перегородка офисный; Габариты: 1500х40х1800; Цвет: матовый; Материал: стекло; Особенности: стационарный
1439,1439,s2_452,,Мебель,9800,Шкаф для документов 800х400х1950 серый ЛДСП высокий,Тип товара: Шкаф для документов; Габариты: 800х400х1950; Цвет: серый; Материал: ЛДСП; Особенности: высокий
1440,1440,s2_453,,Мебель,13800,Зона чёрный экокожа ожидан диван-секция прям,Тип товара: Зона; Цвет: чёрный; Материал: экокожа; Особенности: ожидан диван-секция прям
1441,1441,s2_454,,Мебель,1850,Доска информ 1500х1000 пробков в алюм рамке,Тип товара: Доска информ; Габариты: 1500х1000; Особенности: пробков в алюм рамке
1442,1442,s2_455,,Мебель,17800,Шкаф документальный 600х600х1950 венге ЛДСП вращающ,Тип товара: Шкаф документальный; Габариты: 600х600х1950; Цвет: венге; Материал: ЛДСП; Особенности: вращающ
1443,1443,s2_456,,Мебель,13400,Раздевалка 600х500х1850 шкаф ЛОК с гигрост вент,Тип товара: Раздевалка; Габариты: 600х500х1850; Особенности: шкаф ЛОК с гигрост вент
1444,1444,s2_457,,Мебель,13800,Раздевалка 600х500х2200 шкаф ЛОК с антресол ключ,Тип товара: Раздевалка; Габариты: 600х500х2200; Особенности: шкаф ЛОК с антресол ключ
1445,1445,s2_458,,Мебель,9700,Кухонный модуль 900х900х820 серый ЛДСП офисный угловой ниж,Тип товара: Кухонный модуль; Габариты: 900х900х820; Цвет: серый; Материал: ЛДСП; Особенности: офисный угловой ниж
1446,1446,s2_459,,Мебель,11400,Стол лабораторный 1200х600х900 белый ЛДСП химостойк,Тип товара: Стол лабораторный; Габариты: 1200х600х900; Цвет: белый; Материал: ЛДСП; Особенности: химостойк
1447,1447,s2_460,,Мебель,10400,Стеллаж 1200х500х2000 металл оцинк 5 пол 250кг/п,Тип товара: Стеллаж; Габариты: 1200х500х2000; Материал: металл; Особенности: оцинк 5 пол 250кг/п
1448,1448,s2_461,,Мебель,5700,Стол перегов 1000х750 серый ЛДСП круглый,Тип товара: Стол перегов; Габариты: 1000х750; Цвет: серый; Материал: ЛДСП; Особенности: круглый
1449,1449,s2_462,,Мебель,18400,Стол антиванд 1800х1500х750 металл; дерево пикн со скам металлический+деревянный,Тип товара: Стол антиванд; Габариты: 1800х1500х750; Материал: металл; дерево; Особенности: пикн со скам металлический+деревянный
1450,1450,s2_463,,Мебель,34800,Шкаф для инструмента 1500х600х2000 металл с верст ящики,Тип товара: Шкаф для инструмента; Габариты: 1500х600х2000; Материал: металл; Особенности: с верст ящики
1451,1451,s2_464,,Мебель,24700,Стенд выставочный модул поп-ап 3х3 ткан с печатью,Тип товара: Стенд выставочный; Особенности: модул поп-ап 3х3 ткан с печатью
1452,1452,s2_465,,Мебель,21400,Шкаф медицинский 1200х500х1950 серый металл 2-секционный ключ,Тип товара: Шкаф медицинский; Габариты: 1200х500х1950; Цвет: серый; Материал: металл; Особенности: 2-секционный ключ
1453,1453,s2_466,,Мебель,35700,Кровать дверный 1600х2000 тёмно-серый экокожа подъём мех + ламель,Тип товара: Кровать дверный; Габариты: 1600х2000; Цвет: тёмно-серый; Материал: экокожа; Особенности: подъём мех + ламель
1454,1454,s2_467,,Мебель,4100,Стол ресторан 700х700х750 дуб ЛДСП; металл; дуб опора,Тип товара: Стол ресторан; Габариты: 700х700х750; Цвет: дуб; Материал: ЛДСП; металл; дуб; Особенности: опора
1455,1455,s2_468,,Мебель,6700,Стеллаж гараж 2000х500 навесн под потолок,Тип товара: Стеллаж гараж; Габариты: 2000х500; Особенности: навесн под потолок
1456,1456,s2_469,,Мебель,3950,Кресло офисный чёрный ткань; пластик оператора крест,Тип товара: Кресло офисный; Цвет: чёрный; Материал: ткань; пластик; Особенности: оператора крест
1457,1457,s2_470,,Мебель,980,Светильник накладки 600х600 растр 28Вт,Тип товара: Светильник накладки; Габариты: 600х600; Особенности: растр 28Вт
1458,1458,s2_471,,Мебель,13400,Картотека серый металл 4 ящика А3 ключ,Тип товара: Картотека; Цвет: серый; Материал: металл; Особенности: 4 ящика А3 ключ
1459,1459,s2_472,,Мебель,21400,Зона чёрный; хром хром; экокожа ожидан диван 4-местный,Тип товара: Зона; Цвет: чёрный; хром; Материал: хром; экокожа; Особенности: ожидан диван 4-местный
1460,1460,s2_473,,Мебель,1450,Светильник потолочный 1200х300 офисный 40Вт армстронг,Тип товара: Светильник потолочный; Габариты: 1200х300; Особенности: офисный 40Вт армстронг
1461,1461,s2_474,,Мебель,9700,Стол комп 1100х1100х750 венге ЛДСП дет угловой,Тип товара: Стол комп; Габариты: 1100х1100х750; Цвет: венге; Материал: ЛДСП; Особенности: дет угловой
1462,1462,s2_475,,Мебель,13700,Стол лабораторный 1500х750х900 серый ЛДСП химостойк,Тип товара: Стол лабораторный; Габариты: 1500х750х900; Цвет: серый; Материал: ЛДСП; Особенности: химостойк
1463,1463,s2_476,,Мебель,9700,Стеллаж для гантелей 600х600х1800 сталь вертикальный 3мм,Тип товара: Стеллаж для гантелей; Габариты: 600х600х1800; Материал: сталь; Особенности: вертикальный 3мм
1464,1464,s2_477,,Мебель,1980,Стул обеденный чёрный металл каркас сид фанера,Тип товара: Стул обеденный; Цвет: чёрный; Материал: металл; Особенности: каркас сид фанера
1465,1465,s2_478,,Мебель,7200,Шкаф для одежды 400х500х1850 серый ЛДСП офисный,Тип товара: Шкаф для одежды; Габариты: 400х500х1850; Цвет: серый; Материал: ЛДСП; Особенности: офисный
1466,1466,s2_479,,Мебель,7600,Стеллаж 1000х400х2000 металл 5 пол 150кг/п оцинк,Тип товара: Стеллаж; Габариты: 1000х400х2000; Материал: металл; Особенности: 5 пол 150кг/п оцинк
1467,1467,s2_480,,Мебель,24700,Диван-уголок 1600х600х900 коричневый экокожа кафе модул,Тип товара: Диван-уголок; Габариты: 1600х600х900; Цвет: коричневый; Материал: экокожа; Особенности: кафе модул
1468,1468,s2_481,,Мебель,2100,Стул банкетный бежевый; золото экокожа карк штабел,Тип товара: Стул банкетный; Цвет: бежевый; золото; Материал: экокожа; Особенности: карк штабел
1469,1469,s2_482,,Мебель,11700,Скамья 1800х600х850 дерево парков со спинкой чугун дерев планк,Тип товара: Скамья; Габариты: 1800х600х850; Материал: дерево; Особенности: парков со спинкой чугун дерев планк
1470,1470,s2_483,,Мебель,2400,Стол-приставка 600х350х750 белый ЛДСП узк,Тип товара: Стол-приставка; Габариты: 600х350х750; Цвет: белый; Материал: ЛДСП; Особенности: узк
1471,1471,s2_484,,Мебель,46300,Диван угловой коричневый тик-так велюр,Тип товара: Диван угловой; Цвет: коричневый; Особенности: тик-так велюр
1472,1472,s2_485,,Мебель,17800,Шкаф медицинский 800х450х2000 белый перевязоч 4 пол,Тип товара: Шкаф медицинский; Габариты: 800х450х2000; Цвет: белый; Особенности: перевязоч 4 пол
1473,1473,s2_486,,Мебель,3700,Стеллаж гараж 800х400х1800 лёгк 4 пол сборн,Тип товара: Стеллаж гараж; Габариты: 800х400х1800; Особенности: лёгк 4 пол сборн
1474,1474,s2_487,,Мебель,680,Светильник аварийный наст встр 2Вт автон,Тип товара: Светильник аварийный; Особенности: наст встр 2Вт автон
1475,1475,s2_488,,Мебель,28900,Кресло руководителя чёрный кожа; дерево бизнес-класс накладки,Тип товара: Кресло руководителя; Цвет: чёрный; Материал: кожа; дерево; Особенности: бизнес-класс накладки
1476,1476,s2_489,,Мебель,6400,Стол письменный 1100х600х750 бук ЛДСП; бук дет,Тип товара: Стол письменный; Габариты: 1100х600х750; Цвет: бук; Материал: ЛДСП; бук; Особенности: дет
1477,1477,s2_490,,Мебель,21400,Шкаф химикат 600х450х1850 лаб компактный вытяж,Тип товара: Шкаф химикат; Габариты: 600х450х1850; Особенности: лаб компактный вытяж
1478,1478,s2_491,,Мебель,5400,Тумба под 800х450х650 серый ЛДСП МФУ,Тип товара: Тумба под; Габариты: 800х450х650; Цвет: серый; Материал: ЛДСП; Особенности: МФУ
1479,1479,s2_492,,Мебель,41400,Сейф взломостойк 500х400х400 кл I ключ+код 75,Тип товара: Сейф взломостойк; Габариты: 500х400х400; Особенности: кл I ключ+код 75
1480,1480,s2_493,,Мебель,8900,Стеллаж 1000х500х2000 серый металл полузакрытый 5 пол,Тип товара: Стеллаж; Габариты: 1000х500х2000; Цвет: серый; Материал: металл; Особенности: полузакрытый 5 пол
1481,1481,s2_494,,Мебель,980,Стул-табурет офисный чёрный ткань эконом крестовина,Тип товара: Стул-табурет офисный; Цвет: чёрный; Материал: ткань; Особенности: эконом крестовина
1482,1482,s2_495,,Мебель,3800,Стол кафе 700х750 венге ЛДСП круглый чугун опор,Тип товара: Стол кафе; Габариты: 700х750; Цвет: венге; Материал: ЛДСП; Особенности: круглый чугун опор
1483,1483,s2_496,,Мебель,7400,Картотека металл 2 ящика А3 ключ,Тип товара: Картотека; Материал: металл; Особенности: 2 ящика А3 ключ
1484,1484,s2_497,,Мебель,14700,Шкаф для одежды 800х500х2000 ЛДСП офисный с пеналом,Тип товара: Шкаф для одежды; Габариты: 800х500х2000; Материал: ЛДСП; Особенности: офисный с пеналом
1485,1485,s2_498,,Мебель,680,Стул-табурет чёрный металл складн 450мм,Тип товара: Стул-табурет; Цвет: чёрный; Материал: металл; Особенности: складн 450мм
1486,1486,s2_499,,Мебель,2100,Кронштейн ноутб наст с площадкой регулируемый,Тип товара: Кронштейн; Особенности: ноутб наст с площадкой регулируемый
1487,1487,s2_500,,Мебель,3400,Стул обеденный серый дерево велюр дерев ножк,Тип товара: Стул обеденный; Цвет: серый; Материал: дерево; Особенности: велюр дерев ножк
1488,1488,s2_501,,Мебель,4100,Стол ресторан 700х700х750 серый ЛДСП; металл опора,Тип товара: Стол ресторан; Габариты: 700х700х750; Цвет: серый; Материал: ЛДСП; металл; Особенности: опора
1489,1489,s2_502,,Мебель,13400,Стол перевязочн 600х400х800 SS колес 2 полки,Тип товара: Стол перевязочн; Габариты: 600х400х800; Особенности: SS колес 2 полки
1490,1490,s2_503,,Мебель,10800,Картотека чёрный металл 4 ящика А5 кодовая,Тип товара: Картотека; Цвет: чёрный; Материал: металл; Особенности: 4 ящика А5 кодовая
1491,1491,s2_504,,Мебель,6400,Тумба прикроватная 450х400х800 белый металл больничный,Тип товара: Тумба прикроватная; Габариты: 450х400х800; Цвет: белый; Материал: металл; Особенности: больничный
1492,1492,s2_505,,Мебель,31400,Верстак 2000х2000х900 сталь слесарн угловой 3мм 6 ящики,Тип товара: Верстак; Габариты: 2000х2000х900; Материал: сталь; Особенности: слесарн угловой 3мм 6 ящики
1493,1493,s2_506,,Мебель,5290,Стол письменный 1200х600х750 орех ЛДСП т,Тип товара: Стол письменный; Габариты: 1200х600х750; Цвет: орех; Материал: ЛДСП; Особенности: т
1494,1494,s2_507,,Мебель,34700,Стеллаж паллетн 2500х1100х4500 угловой нагр 600кг/п,Тип товара: Стеллаж паллетн; Габариты: 2500х1100х4500; Особенности: угловой нагр 600кг/п
1495,1495,s2_508,,Мебель,19400,Верстак 1800х750х900 металл слесарн усиленный 2 ящики+полки,Тип товара: Верстак; Габариты: 1800х750х900; Материал: металл; Особенности: слесарн усиленный 2 ящики+полки
1496,1496,s2_509,,Мебель,9800,Перегородка офисный 1800х1200 серый ткань мобильный колес,Тип товара: Перегородка офисный; Габариты: 1800х1200; Цвет: серый; Материал: ткань; Особенности: мобильный колес
1497,1497,s2_510,,Мебель,38900,Шкаф-купе 2100х600х2200 белый 3-дверный зерк,Тип товара: Шкаф-купе; Габариты: 2100х600х2200; Цвет: белый; Особенности: 3-дверный зерк
1498,1498,s2_511,,Мебель,19800,Двуспальный 1800х500х450 дерево скамья парков антиванд бетон+деревянный,Тип товара: Двуспальный; Габариты: 1800х500х450; Материал: дерево; Особенности: скамья парков антиванд бетон+деревянный
1499,1499,s2_512,,Мебель,6900,Стеллаж 1000х400х1800 металл 5 пол 150кг/п оцинк,Тип товара: Стеллаж; Габариты: 1000х400х1800; Материал: металл; Особенности: 5 пол 150кг/п оцинк
1500,1500,s2_513,,Мебель,6400,Стол кухонный 1200х600х750 белый ЛДСП раскладн 800/,Тип товара: Стол кухонный; Габариты: 1200х600х750; Цвет: белый; Материал: ЛДСП; Особенности: раскладн 800/
1501,1501,s2_514,,Мебель,780,Стул-табурет серый ткань фикс высота 450 4 ножк,Тип товара: Стул-табурет; Цвет: серый; Материал: ткань; Особенности: фикс высота 450 4 ножк
1502,1502,s2_515,,Мебель,2100,Лампа чёрный наст USB сенсорн диммер,Тип товара: Лампа; Цвет: чёрный; Особенности: наст USB сенсорн диммер
1503,1503,s2_516,,Мебель,24700,Стол перегов 2400х1200х750 дуб сонома ЛДСП; дуб овальн,Тип товара: Стол перегов; Габариты: 2400х1200х750; Цвет: дуб сонома; Материал: ЛДСП; дуб; Особенности: овальн
1504,1504,s2_517,,Мебель,64800,Шкаф огнестойкий 800х500х1850 документальный 60мин ключ,Тип товара: Шкаф огнестойкий; Габариты: 800х500х1850; Особенности: документальный 60мин ключ
1505,1505,s2_518,,Мебель,3800,Кресло-мешок 1200х900 чёрный экокожа,Тип товара: Кресло-мешок; Габариты: 1200х900; Цвет: чёрный; Материал: экокожа
1506,1506,s2_519,,Мебель,3400,Стеллаж-кронштейн 1000х400 металл настенный 4 кронш,Тип товара: Стеллаж-кронштейн; Габариты: 1000х400; Материал: металл; Особенности: настенный 4 кронш
1507,1507,s2_520,,Мебель,2380,Кресло посетит коричневый металл; ткань на полозьях каркас,Тип товара: Кресло посетит; Цвет: коричневый; Материал: металл; ткань; Особенности: на полозьях каркас
1508,1508,s2_521,,Мебель,84700,Ресепшен гостевой 3000х700х1200 венге ЛДСП с подсвет,Тип товара: Ресепшен гостевой; Габариты: 3000х700х1200; Цвет: венге; Материал: ЛДСП; Особенности: с подсвет
1509,1509,s2_522,,Мебель,1700,Стул банкетный чёрный; золото экокожа штабел карк,Тип товара: Стул банкетный; Цвет: чёрный; золото; Материал: экокожа; Особенности: штабел карк
1510,1510,s2_523,,Мебель,10800,Зона серый рогожка ожидан кресло переговор,Тип товара: Зона; Цвет: серый; Материал: рогожка; Особенности: ожидан кресло переговор
1511,1511,s2_524,,Мебель,28700,Ресепшен-стойка 1800х700х1200 серый ЛДСП с надстр,Тип товара: Ресепшен-стойка; Габариты: 1800х700х1200; Цвет: серый; Материал: ЛДСП; Особенности: с надстр
1512,1512,s2_525,,Мебель,9700,Кресло руководителя бежевый экокожа; пластик крест с подлок,Тип товара: Кресло руководителя; Цвет: бежевый; Материал: экокожа; пластик; Особенности: крест с подлок
1513,1513,s2_526,,Мебель,24700,Шкаф медицинский 600х450х1850 стерильн кварц лампа,Тип товара: Шкаф медицинский; Габариты: 600х450х1850; Особенности: стерильн кварц лампа
1514,1514,s2_527,,Мебель,22800,Шкаф инструмент 1000х500х1950 металл перфор крюч,Тип товара: Шкаф инструмент; Габариты: 1000х500х1950; Материал: металл; Особенности: перфор крюч
1515,1515,s2_528,,Мебель,2950,Кресло посетит серый; хром хром; ткань на полозьях,Тип товара: Кресло посетит; Цвет: серый; хром; Материал: хром; ткань; Особенности: на полозьях
1516,1516,s2_529,,Мебель,21400,Стеллаж для гантелей 2400х600х1200 сталь 3-ярус 3мм,Тип товара: Стеллаж для гантелей; Габариты: 2400х600х1200; Материал: сталь; Особенности: 3-ярус 3мм
1517,1517,s2_530,,Мебель,2400,Панель 600х600 ткань акуст потолочный подвес,Тип товара: Панель; Габариты: 600х600; Материал: ткань; Особенности: акуст потолочный подвес
1518,1518,s2_531,,Мебель,7100,Тумба прикроватная 500х450х800 белый металл больничный,Тип товара: Тумба прикроватная; Габариты: 500х450х800; Цвет: белый; Материал: металл; Особенности: больничный
1519,1519,s2_532,,Мебель,78400,Ресепшен гостевой 3600х800х1150 дуб ЛДСП; дуб больш модул,Тип товара: Ресепшен гостевой; Габариты: 3600х800х1150; Цвет: дуб; Материал: ЛДСП; дуб; Особенности: больш модул
1520,1520,s2_533,,Мебель,7800,Картотека чёрный металл 3 ящика А4 ключ,Тип товара: Картотека; Цвет: чёрный; Материал: металл; Особенности: 3 ящика А4 ключ
1521,1521,s2_534,,Мебель,2400,Стул-табурет бук дерево; бук масс лак фикс,Тип товара: Стул-табурет; Цвет: бук; Материал: дерево; бук; Особенности: масс лак фикс
1522,1522,s2_535,,Мебель,11800,Шкаф для одежды 900х500х1850 металл офисный 3-секционный,Тип товара: Шкаф для одежды; Габариты: 900х500х1850; Материал: металл; Особенности: офисный 3-секционный
1523,1523,s2_536,,Мебель,420,Панель 250х2700 коричневый ПВХ декор кирпич,Тип товара: Панель; Габариты: 250х2700; Цвет: коричневый; Материал: ПВХ; Особенности: декор кирпич
1524,1524,s2_537,,Мебель,64700,Сейф взломостойк 600х500х500 кл II эл замок 110,Тип товара: Сейф взломостойк; Габариты: 600х500х500; Особенности: кл II эл замок 110
1525,1525,s2_538,,Мебель,9700,Стол манипуляц 600х450х800 компактный SS 2 полки,Тип товара: Стол манипуляц; Габариты: 600х450х800; Особенности: компактный SS 2 полки
1526,1526,s2_539,,Мебель,13800,Барн.стойка 1200х600х1100 белый ЛДСП модул прям,Тип товара: Барн.стойка; Габариты: 1200х600х1100; Цвет: белый; Материал: ЛДСП; Особенности: модул прям
1527,1527,s2_540,,Мебель,7100,Стол операторск 1200х600х750 серый компактный с экраном,Тип товара: Стол операторск; Габариты: 1200х600х750; Цвет: серый; Особенности: компактный с экраном
1528,1528,s2_541,,Мебель,5400,Тумба ТВ 1000х400х450 венге ЛДСП,Тип товара: Тумба ТВ; Габариты: 1000х400х450; Цвет: венге; Материал: ЛДСП
1529,1529,s2_542,,Мебель,9700,Стеллаж 700х700х2000 металл угловой 5 пол нагр 150кг/п,Тип товара: Стеллаж; Габариты: 700х700х2000; Материал: металл; Особенности: угловой 5 пол нагр 150кг/п
1530,1530,s2_543,,Мебель,8900,Стол комп 1200х900х750 белый ЛДСП; стекло угловой,Тип товара: Стол комп; Габариты: 1200х900х750; Цвет: белый; Материал: ЛДСП; стекло; Особенности: угловой
1531,1531,s2_544,,Мебель,6400,Шкаф для одежды 400х500х1850 металл офисный 1-секционный,Тип товара: Шкаф для одежды; Габариты: 400х500х1850; Материал: металл; Особенности: офисный 1-секционный
1532,1532,s2_545,,Мебель,6700,Кухонный модуль 800х500х820 белый ЛДСП офисный под мойку,Тип товара: Кухонный модуль; Габариты: 800х500х820; Цвет: белый; Материал: ЛДСП; Особенности: офисный под мойку
1533,1533,s2_546,,Мебель,8700,Тумба прикроватная 500х400х800 больн откидн стол,Тип товара: Тумба прикроватная; Габариты: 500х400х800; Особенности: больн откидн стол
1534,1534,s2_547,,Мебель,1450,Жалюзи 1000х1600 белый алюминий горизонтальный белые,Тип товара: Жалюзи; Габариты: 1000х1600; Цвет: белый; Материал: алюминий; Особенности: горизонтальный белые
1535,1535,s2_548,,Мебель,14700,Перегор матовый стекло душевая 800х8х2000 алюм карк,Тип товара: Перегор; Цвет: матовый; Материал: стекло; Особенности: душевая 800х8х2000 алюм карк
1536,1536,s2_549,,Мебель,1380,Тумба прикр 400х350х500 белый ЛДСП 1 ящика,Тип товара: Тумба прикр; Габариты: 400х350х500; Цвет: белый; Материал: ЛДСП; Особенности: 1 ящика
1537,1537,s2_550,,Мебель,11400,Скамья 1500х600х500 тренировочн абдомин регулируемый,Тип товара: Скамья; Габариты: 1500х600х500; Особенности: тренировочн абдомин регулируемый
1538,1538,s2_551,,Мебель,1700,Стеновая 600х600 бежевый панель акуст войлок 25мм,Тип товара: Стеновая; Габариты: 600х600; Цвет: бежевый; Особенности: панель акуст войлок 25мм
1539,1539,s2_552,,Мебель,6400,Стеллаж 800х400х2000 металл 5 пол 150кг/п оцинк,Тип товара: Стеллаж; Габариты: 800х400х2000; Материал: металл; Особенности: 5 пол 150кг/п оцинк
1540,1540,s2_553,,Мебель,4900,Тумба операторск 400х500х600 мобильный с замком 3 ящика,Тип товара: Тумба операторск; Габариты: 400х500х600; Особенности: мобильный с замком 3 ящика
1541,1541,s2_554,,Мебель,8700,Тумба гостевой 600х500х650 венге ЛДСП под минибар,Тип товара: Тумба гостевой; Габариты: 600х500х650; Цвет: венге; Материал: ЛДСП; Особенности: под минибар
1542,1542,s2_555,,Мебель,14400,Шкаф медицинский 800х400х1850 серый металл 2-секционный ключ,Тип товара: Шкаф медицинский; Габариты: 800х400х1850; Цвет: серый; Материал: металл; Особенности: 2-секционный ключ
1543,1543,s2_556,,Мебель,16200,Кровать дверный 1400х2000 венге ЛДСП ортопед осн,Тип товара: Кровать дверный; Габариты: 1400х2000; Цвет: венге; Материал: ЛДСП; Особенности: ортопед осн
1544,1544,s2_557,,Мебель,3280,Кресло посетит бежевый; хром хром; экокожа на полозьях карк,Тип товара: Кресло посетит; Цвет: бежевый; хром; Материал: хром; экокожа; Особенности: на полозьях карк
1545,1545,s2_558,,Мебель,1480,Шкафчик для столовой 400х300х450 дуб сонома дуб настенн,Тип товара: Шкафчик для столовой; Габариты: 400х300х450; Цвет: дуб сонома; Материал: дуб; Особенности: настенн
1546,1546,s2_559,,Мебель,19400,Шкаф 500х400х1850 металл бухгалт трейзор ключ,Тип товара: Шкаф; Габариты: 500х400х1850; Материал: металл; Особенности: бухгалт трейзор ключ
1547,1547,s2_560,,Мебель,5400,Тумба под 500х450х650 чёрный металл принтер мобильный,Тип товара: Тумба под; Габариты: 500х450х650; Цвет: чёрный; Материал: металл; Особенности: принтер мобильный
1548,1548,s2_561,,Мебель,1850,Тумба прикр 450х400х500 венге ЛДСП 2 ящика,Тип товара: Тумба прикр; Габариты: 450х400х500; Цвет: венге; Материал: ЛДСП; Особенности: 2 ящика
1549,1549,s2_562,,Мебель,7800,Стол комп 1200х600х750 белый ЛДСП дет ящики,Тип товара: Стол комп; Габариты: 1200х600х750; Цвет: белый; Материал: ЛДСП; Особенности: дет ящики
1550,1550,s2_563,,Мебель,28700,Шкаф ЛОК 1200х500х1850 пластик для душев влагостойк 4-секционный,Тип товара: Шкаф ЛОК; Габариты: 1200х500х1850; Материал: пластик; Особенности: для душев влагостойк 4-секционный
1551,1551,s2_564,,Мебель,24800,Стойка для штанг 2400х500х1800 сталь 3мм 8 мест,Тип товара: Стойка для штанг; Габариты: 2400х500х1800; Материал: сталь; Особенности: 3мм 8 мест
1552,1552,s2_565,,Мебель,6900,Стеллаж 1000х400х1800 металл сварн 4 пол нагр 200кг/п,Тип товара: Стеллаж; Габариты: 1000х400х1800; Материал: металл; Особенности: сварн 4 пол нагр 200кг/п
1553,1553,s2_566,,Мебель,15800,Кровать дверный 160х200 венге ЛДСП,Тип товара: Кровать дверный; Габариты: 160х200; Цвет: венге; Материал: ЛДСП
1554,1554,s2_567,,Мебель,3700,Стойка для одежды хром металл; хром медицинский колес,Тип товара: Стойка для одежды; Цвет: хром; Материал: металл; хром; Особенности: медицинский колес
1555,1555,s2_568,,Мебель,11700,Матрас 1400х2000 пружин независ блок,Тип товара: Матрас; Габариты: 1400х2000; Особенности: пружин независ блок
1556,1556,s2_569,,Мебель,11400,Шкаф школьн 800х400х1850 бук ЛДСП; бук для тетрад 4 пол,Тип товара: Шкаф школьн; Габариты: 800х400х1850; Цвет: бук; Материал: ЛДСП; бук; Особенности: для тетрад 4 пол
1557,1557,s2_570,,Мебель,1450,Подставка под серый ЛДСП клавиат подвесн,Тип товара: Подставка под; Цвет: серый; Материал: ЛДСП; Особенности: клавиат подвесн
1558,1558,s2_571,,Мебель,26700,Верстак 1500х700х1850 двухуровн с надстр 5 ящики,Тип товара: Верстак; Габариты: 1500х700х1850; Особенности: двухуровн с надстр 5 ящики
1559,1559,s2_572,,Мебель,4400,Шкафчик 600х600х720 белый ЛДСП столовой угловой 2-дверный,Тип товара: Шкафчик; Габариты: 600х600х720; Цвет: белый; Материал: ЛДСП; Особенности: столовой угловой 2-дверный
1560,1560,s2_573,,Мебель,1480,Вешалка гостевой хром металл; хром наст 4 крюч,Тип товара: Вешалка гостевой; Цвет: хром; Материал: металл; хром; Особенности: наст 4 крюч
1561,1561,s2_574,,Мебель,5800,Стеллаж гараж 700х700х1800 металл угловой 4 пол,Тип товара: Стеллаж гараж; Габариты: 700х700х1800; Материал: металл; Особенности: угловой 4 пол
1562,1562,s2_575,,Мебель,950,Бра чёрный металл наст E27 с выкл,Тип товара: Бра; Цвет: чёрный; Материал: металл; Особенности: наст E27 с выкл
1563,1563,s2_576,,Мебель,12400,Зона коричневый экокожа ожидан кресло переговор,Тип товара: Зона; Цвет: коричневый; Материал: экокожа; Особенности: ожидан кресло переговор
1564,1564,s2_577,,Мебель,26400,Шкаф химический 800х500х1850 серый металл лаб с поддон,Тип товара: Шкаф химический; Габариты: 800х500х1850; Цвет: серый; Материал: металл; Особенности: лаб с поддон
1565,1565,s2_578,,Мебель,4800,Кухонный модуль 600х500х820 офисный ниж под микровол,Тип товара: Кухонный модуль; Габариты: 600х500х820; Особенности: офисный ниж под микровол
1566,1566,s2_579,,Мебель,19400,Шкаф ЛОК 1200х500х2000 с наклон крышей 4-секционный ключ,Тип товара: Шкаф ЛОК; Габариты: 1200х500х2000; Особенности: с наклон крышей 4-секционный ключ
1567,1567,s2_580,,Мебель,6800,Картотека чёрный металл А5 4 ящика ключ,Тип товара: Картотека; Цвет: чёрный; Материал: металл; Особенности: А5 4 ящика ключ
1568,1568,s2_581,,Мебель,7900,Перегородка офисный 1500х1200 мобильный пробков колес,Тип товара: Перегородка офисный; Габариты: 1500х1200; Особенности: мобильный пробков колес
1569,1569,s2_582,,Мебель,20400,Диван офисный бежевый экокожа 3-местный,Тип товара: Диван офисный; Цвет: бежевый; Материал: экокожа; Особенности: 3-местный
1570,1570,s2_583,,Мебель,19400,Стол лабораторный 2100х750х900 белый ЛДСП химостойк,Тип товара: Стол лабораторный; Габариты: 2100х750х900; Цвет: белый; Материал: ЛДСП; Особенности: химостойк
1571,1571,s2_584,,Мебель,17400,Верстак 1500х700х850 сталь слесарн с тиск 2мм 2 ящики,Тип товара: Верстак; Габариты: 1500х700х850; Материал: сталь; Особенности: слесарн с тиск 2мм 2 ящики
1572,1572,s2_585,,Мебель,1480,Стул банкетный тёмно-синий; хром хром; ткань штабел карк,Тип товара: Стул банкетный; Цвет: тёмно-синий; хром; Материал: хром; ткань; Особенности: штабел карк
1573,1573,s2_586,,Мебель,1700,Светильник наружн чёрный фасадн 15Вт IP65,Тип товара: Светильник наружн; Цвет: чёрный; Особенности: фасадн 15Вт IP65
1574,1574,s2_587,,Мебель,3400,Полка 1000х250х200 лаб наст SS нагр 40кг,Тип товара: Полка; Габариты: 1000х250х200; Особенности: лаб наст SS нагр 40кг
1575,1575,s2_588,,Мебель,21400,Тележка 700х450х1100 инструмент 5 ящики перфор экран,Тип товара: Тележка; Габариты: 700х450х1100; Особенности: инструмент 5 ящики перфор экран
1576,1576,s2_589,,Мебель,19400,Кресло руководителя коричневый; хром хром; экокожа бизнес крестовина,Тип товара: Кресло руководителя; Цвет: коричневый; хром; Материал: хром; экокожа; Особенности: бизнес крестовина
1577,1577,s2_590,,Мебель,17800,Кресло руководителя белый; серый сетка эрг каркас подголовник,Тип товара: Кресло руководителя; Цвет: белый; серый; Материал: сетка; Особенности: эрг каркас подголовник
1578,1578,s2_591,,Мебель,5400,Стеллаж-кронштейн 800х300х1800 гараж 5 пол оцинк,Тип товара: Стеллаж-кронштейн; Габариты: 800х300х1800; Особенности: гараж 5 пол оцинк
1579,1579,s2_592,,Мебель,5700,Подиум выставочный 800х800х800 белый ЛДСП квадратный,Тип товара: Подиум выставочный; Габариты: 800х800х800; Цвет: белый; Материал: ЛДСП; Особенности: квадратный
1580,1580,s2_593,,Мебель,2900,Стул-табурет чёрный сетка высокий кассирск подножк,Тип товара: Стул-табурет; Цвет: чёрный; Материал: сетка; Особенности: высокий кассирск подножк
1581,1581,s2_594,,Мебель,26800,Шкаф 4-дверный 1600х500х2100 венге ЛДСП распашной,Тип товара: Шкаф 4-дверный; Габариты: 1600х500х2100; Цвет: венге; Материал: ЛДСП; Особенности: распашной
1582,1582,s2_595,,Мебель,2400,Доска флипчарт 700х1000 магн трипод,Тип товара: Доска флипчарт; Габариты: 700х1000; Особенности: магн трипод
1583,1583,s2_596,,Мебель,42800,Стол перегов 3600х1400х750 белый ЛДСП модул,Тип товара: Стол перегов; Габариты: 3600х1400х750; Цвет: белый; Материал: ЛДСП; Особенности: модул
1584,1584,s2_597,,Мебель,3400,Кронштейн ноутб наст газ лифт регулируемый,Тип товара: Кронштейн; Особенности: ноутб наст газ лифт регулируемый
1585,1585,s2_598,,Мебель,980,Светильник наст белый зажим винт 6Вт,Тип товара: Светильник наст; Цвет: белый; Особенности: зажим винт 6Вт
1586,1586,s2_599,,Мебель,3400,Тумба под 500х450х650 серый ЛДСП принтер моб колес,Тип товара: Тумба под; Габариты: 500х450х650; Цвет: серый; Материал: ЛДСП; Особенности: принтер моб колес
1587,1587,s2_600,,Мебель,15400,Раздевалка 300х400х1850 шкафч ячейк 12 ячеек ключ,Тип товара: Раздевалка; Габариты: 300х400х1850; Особенности: шкафч ячейк 12 ячеек ключ
1588,1588,s2_601,,Мебель,34800,Стеллаж паллетн 2700х1100х5500 нагр 800кг/п 4 ур,Тип товара: Стеллаж паллетн; Габариты: 2700х1100х5500; Особенности: нагр 800кг/п 4 ур
1589,1589,s2_602,,Мебель,28700,Шкаф архивный 1600х450х2200 серый со створк 4-секционный,Тип товара: Шкаф архивный; Габариты: 1600х450х2200; Цвет: серый; Особенности: со створк 4-секционный
1590,1590,s2_603,,Мебель,11400,Стол лабораторный 1200х750х900 серый химостойк двуспальный,Тип товара: Стол лабораторный; Габариты: 1200х750х900; Цвет: серый; Особенности: химостойк двуспальный
1591,1591,s2_604,,Мебель,1180,Подставка для ног дерево массажн ролик,Тип товара: Подставка для ног; Материал: дерево; Особенности: массажн ролик
1592,1592,s2_605,,Мебель,2400,Стул банкетный тёмно-синий; серый серебро карк велюр,Тип товара: Стул банкетный; Цвет: тёмно-синий; серый; Особенности: серебро карк велюр
1593,1593,s2_606,,Мебель,13200,Шкаф для одежды 1200х500х1850 металл офисный 4-секционный,Тип товара: Шкаф для одежды; Габариты: 1200х500х1850; Материал: металл; Особенности: офисный 4-секционный
1594,1594,s2_607,,Мебель,18400,Стеллаж антистат 1200х600х2000 ESD 5 пол ESD-покр,Тип товара: Стеллаж антистат; Габариты: 1200х600х2000; Особенности: ESD 5 пол ESD-покр
1595,1595,s2_608,,Мебель,18400,Стол лаб 1500х750х900 титровальн ламель тумба,Тип товара: Стол лаб; Габариты: 1500х750х900; Особенности: титровальн ламель тумба
1596,1596,s2_609,,Мебель,2200,Жалюзи 1500х2000 венге алюминий горизонтальный,Тип товара: Жалюзи; Габариты: 1500х2000; Цвет: венге; Материал: алюминий; Особенности: горизонтальный
1597,1597,s2_610,,Мебель,9700,Прилавок-стойка 1000х500х900 венге ЛДСП торгов демонстр,Тип товара: Прилавок-стойка; Габариты: 1000х500х900; Цвет: венге; Материал: ЛДСП; Особенности: торгов демонстр
1598,1598,s2_611,,Мебель,11400,Стеллаж для шин 1500х500х2000 4-ур оцинк,Тип товара: Стеллаж для шин; Габариты: 1500х500х2000; Особенности: 4-ур оцинк
1599,1599,s2_612,,Мебель,16400,Стол лабораторный 1800х750х900 серый ЛДСП химостойк,Тип товара: Стол лабораторный; Габариты: 1800х750х900; Цвет: серый; Материал: ЛДСП; Особенности: химостойк
1600,1600,s2_613,,Мебель,1850,Стул банкетный тёмно-синий; чёрный штабел велюр карк,Тип товара: Стул банкетный; Цвет: тёмно-синий; чёрный; Особенности: штабел велюр карк
1601,1601,s2_614,,Мебель,11900,Кресло руководителя чёрный экокожа; дерево накладки подлокотники,Тип товара: Кресло руководителя; Цвет: чёрный; Материал: экокожа; дерево; Особенности: накладки подлокотники
1602,1602,s2_615,,Мебель,11400,Раздевалка 600х500х1850 металл шкаф ЛОК 2-секционный ключ,Тип товара: Раздевалка; Габариты: 600х500х1850; Материал: металл; Особенности: шкаф ЛОК 2-секционный ключ
1603,1603,s2_616,,Мебель,2800,Лампа металл наст бронза винтаж E27,Тип товара: Лампа; Материал: металл; Особенности: наст бронза винтаж E27
1604,1604,s2_617,,Мебель,26400,Ресепшен-стойка 1800х600х1100 белый ЛДСП прям,Тип товара: Ресепшен-стойка; Габариты: 1800х600х1100; Цвет: белый; Материал: ЛДСП; Особенности: прям
1605,1605,s2_618,,Мебель,11200,Стеллаж 1200х400х2200 серый металл для архива 5 пол А4,Тип товара: Стеллаж; Габариты: 1200х400х2200; Цвет: серый; Материал: металл; Особенности: для архива 5 пол А4
1606,1606,s2_619,,Мебель,24700,Матрас 2000х2000 пружин независ блок 7-зон,Тип товара: Матрас; Габариты: 2000х2000; Особенности: пружин независ блок 7-зон
1607,1607,s2_620,,Мебель,3800,Стеллаж-кронштейн 1200х400 склад навесн нагр 150кг,Тип товара: Стеллаж-кронштейн; Габариты: 1200х400; Особенности: склад навесн нагр 150кг
1608,1608,s2_621,,Мебель,34800,Шкаф антиванд 1000х500х1950 4мм кодов замок,Тип товара: Шкаф антиванд; Габариты: 1000х500х1950; Особенности: 4мм кодов замок
1609,1609,s2_622,,Мебель,5400,"Кронштейн монит наст 2-х монит ""","Тип товара: Кронштейн; Особенности: монит наст 2-х монит """
1610,1610,s2_623,,Мебель,24800,Рабоч.станция 2800х1400х750 серый ЛДСП бенч 2-местный,Тип товара: Рабоч.станция; Габариты: 2800х1400х750; Цвет: серый; Материал: ЛДСП; Особенности: бенч 2-местный
1611,1611,s2_624,,Мебель,7400,Урна чёрный сталь; металл антиванд 40л 3мм замок,Тип товара: Урна; Цвет: чёрный; Материал: сталь; металл; Особенности: антиванд 40л 3мм замок
1612,1612,s2_625,,Мебель,4500,Тумба выкатн 400х500х600 дуб сонома ЛДСП; дуб 3 ящика замок,Тип товара: Тумба выкатн; Габариты: 400х500х600; Цвет: дуб сонома; Материал: ЛДСП; дуб; Особенности: 3 ящика замок
1613,1613,s2_626,,Мебель,5800,Тумба под 600х450х650 венге ЛДСП МФУ мобильный колес,Тип товара: Тумба под; Габариты: 600х450х650; Цвет: венге; Материал: ЛДСП; Особенности: МФУ мобильный колес
1614,1614,s2_627,,Мебель,15400,Раздевалка 900х500х1850 шкаф ЛОК со скамьёй ниш,Тип товара: Раздевалка; Габариты: 900х500х1850; Особенности: шкаф ЛОК со скамьёй ниш
1615,1615,s2_628,,Мебель,17900,Барная 2000х500х1100 белый ЛДСП стойка-перегор,Тип товара: Барная; Габариты: 2000х500х1100; Цвет: белый; Материал: ЛДСП; Особенности: стойка-перегор
1616,1616,s2_629,,Мебель,8900,Шкаф докум 800х400х1450 серый средн с антресол,Тип товара: Шкаф докум; Габариты: 800х400х1450; Цвет: серый; Особенности: средн с антресол
1617,1617,s2_630,,Мебель,2700,Стол-приставка 600х450х750 венге ЛДСП приставн,Тип товара: Стол-приставка; Габариты: 600х450х750; Цвет: венге; Материал: ЛДСП; Особенности: приставн
1618,1618,s2_631,,Мебель,4900,Тумба под 600х500х650 дуб сонома ЛДСП; дуб МФУ 2-дверный,Тип товара: Тумба под; Габариты: 600х500х650; Цвет: дуб сонома; Материал: ЛДСП; дуб; Особенности: МФУ 2-дверный
1619,1619,s2_632,,Мебель,11400,Шкаф документальный 800х450х1850 серый со стек створк,Тип товара: Шкаф документальный; Габариты: 800х450х1850; Цвет: серый; Особенности: со стек створк
1620,1620,s2_633,,Мебель,16400,Шкаф документальный 1000х500х1950 металл 4-полки усиленный,Тип товара: Шкаф документальный; Габариты: 1000х500х1950; Материал: металл; Особенности: 4-полки усиленный
1621,1621,s2_634,,Мебель,2200,Лампа чёрный металл наст рабоч на струбц шарнир,Тип товара: Лампа; Цвет: чёрный; Материал: металл; Особенности: наст рабоч на струбц шарнир
1622,1622,s2_635,,Мебель,13400,Кухонный модуль 600х500х1950 серый офисный высокий колонна,Тип товара: Кухонный модуль; Габариты: 600х500х1950; Цвет: серый; Особенности: офисный высокий колонна
1623,1623,s2_636,,Мебель,3400,Стол кафе 600х750 белый ЛДСП круглый чугун опор,Тип товара: Стол кафе; Габариты: 600х750; Цвет: белый; Материал: ЛДСП; Особенности: круглый чугун опор
1624,1624,s2_637,,Мебель,9700,Картотека серый металл 6 ящика А5 ключ,Тип товара: Картотека; Цвет: серый; Материал: металл; Особенности: 6 ящика А5 ключ
1625,1625,s2_638,,Мебель,18900,Шкаф лабораторный 600х450х1850 серый для реактив ключ,Тип товара: Шкаф лабораторный; Габариты: 600х450х1850; Цвет: серый; Особенности: для реактив ключ
1626,1626,s2_639,,Мебель,11400,Подиум выставочный 1500х600х900 ступенч МДФ 3 ярус,Тип товара: Подиум выставочный; Габариты: 1500х600х900; Особенности: ступенч МДФ 3 ярус
1627,1627,s2_640,,Мебель,4700,Банкетка 1500х350х450 металл; дерево раздевалк дерев планк каркас,Тип товара: Банкетка; Габариты: 1500х350х450; Материал: металл; дерево; Особенности: раздевалк дерев планк каркас
1628,1628,s2_641,,Мебель,21800,Бенч-система 2400х1200х750 серый компактный 2-местный,Тип товара: Бенч-система; Габариты: 2400х1200х750; Цвет: серый; Особенности: компактный 2-местный
1629,1629,s2_642,,Мебель,17800,Стеллаж торгов 1000х800х1800 серый ЛДСП островн двустор,Тип товара: Стеллаж торгов; Габариты: 1000х800х1800; Цвет: серый; Материал: ЛДСП; Особенности: островн двустор
1630,1630,s2_643,,Мебель,4700,Стеллаж 800х400х1800 венге ЛДСП 5 полки,Тип товара: Стеллаж; Габариты: 800х400х1800; Цвет: венге; Материал: ЛДСП; Особенности: 5 полки
1631,1631,s2_644,,Мебель,1480,Велопарковка 600х80х800 чёрный U-образн 1 место анкер,Тип товара: Велопарковка; Габариты: 600х80х800; Цвет: чёрный; Особенности: U-образн 1 место анкер
1632,1632,s2_645,,Мебель,3400,Шкафчик 600х400х720 дуб сонома ЛДСП; дуб столовой 2-дверный,Тип товара: Шкафчик; Габариты: 600х400х720; Цвет: дуб сонома; Материал: ЛДСП; дуб; Особенности: столовой 2-дверный
1633,1633,s2_646,,Мебель,48700,Диван угловой еврокн велюр т синий с подлок,Тип товара: Диван угловой; Особенности: еврокн велюр т синий с подлок
1634,1634,s2_647,,Мебель,420,Вешалка чёрный металл наст 6 крюч,Тип товара: Вешалка; Цвет: чёрный; Материал: металл; Особенности: наст 6 крюч
1635,1635,s2_648,,Мебель,980,Светильник потолочный 300х300 накладки квадрат 24Вт,Тип товара: Светильник потолочный; Габариты: 300х300; Особенности: накладки квадрат 24Вт
1636,1636,s2_649,,Мебель,4900,Шкаф для документов 800х400х750 белый ЛДСП низкий,Тип товара: Шкаф для документов; Габариты: 800х400х750; Цвет: белый; Материал: ЛДСП; Особенности: низкий
1637,1637,s2_650,,Мебель,19400,Шкаф медицинский 800х500х1850 с сейфом 2-секционный ключ,Тип товара: Шкаф медицинский; Габариты: 800х500х1850; Особенности: с сейфом 2-секционный ключ
1638,1638,s2_651,,Мебель,38400,Стеллаж консольный 3000х1500х3000 2-сторонний усиленный 500кг/п,Тип товара: Стеллаж консольный; Габариты: 3000х1500х3000; Особенности: 2-сторонний усиленный 500кг/п
1639,1639,s2_652,,Мебель,48700,Стеллаж мезонинн 2000х1000х4000 2-уровн нагр 250кг/п,Тип товара: Стеллаж мезонинн; Габариты: 2000х1000х4000; Особенности: 2-уровн нагр 250кг/п
1640,1640,s2_653,,Мебель,3700,Тумба гостевой 500х400х500 венге ЛДСП прикроватная 1 ящика,Тип товара: Тумба гостевой; Габариты: 500х400х500; Цвет: венге; Материал: ЛДСП; Особенности: прикроватная 1 ящика
1641,1641,s2_654,,Мебель,13700,Стол офисный 1600х800х750 венге ЛДСП руководителя,Тип товара: Стол офисный; Габариты: 1600х800х750; Цвет: венге; Материал: ЛДСП; Особенности: руководителя
1642,1642,s2_655,,Мебель,2400,Подставка под серый металл ноутб регулируемый охлажд,Тип товара: Подставка под; Цвет: серый; Материал: металл; Особенности: ноутб регулируемый охлажд
1643,1643,s2_656,,Мебель,8400,Кушетка медицинский 1800х600х600 бежевый винил смотровой карк,Тип товара: Кушетка медицинский; Габариты: 1800х600х600; Цвет: бежевый; Материал: винил; Особенности: смотровой карк
1644,1644,s2_657,,Мебель,28900,Диван прям бежевый рогожка еврокн 3-местный,Тип товара: Диван прям; Цвет: бежевый; Материал: рогожка; Особенности: еврокн 3-местный
1645,1645,s2_658,,Мебель,39800,Вытяжной 1200х750х2200 шкаф лаб компактный фильтр,Тип товара: Вытяжной; Габариты: 1200х750х2200; Особенности: шкаф лаб компактный фильтр
1646,1646,s2_659,,Мебель,4700,Кухонный модуль 800х300х720 серый офисный верхний со створк,Тип товара: Кухонный модуль; Габариты: 800х300х720; Цвет: серый; Особенности: офисный верхний со створк
1647,1647,s2_660,,Мебель,14700,Сейф огнестойкий 400х450х450 30мин ключ,Тип товара: Сейф огнестойкий; Габариты: 400х450х450; Особенности: 30мин ключ
1648,1648,s2_661,,Мебель,42400,Зона чёрный экокожа ожидан модул диван 3-секционный,Тип товара: Зона; Цвет: чёрный; Материал: экокожа; Особенности: ожидан модул диван 3-секционный
1649,1649,s2_662,,Мебель,3400,Тумба под 500х450х450 серый ЛДСП сейф усиленный,Тип товара: Тумба под; Габариты: 500х450х450; Цвет: серый; Материал: ЛДСП; Особенности: сейф усиленный
1650,1650,s2_663,,Мебель,3800,Столик барный 800х1100 чёрный пластик коктейл складн карк,Тип товара: Столик барный; Габариты: 800х1100; Цвет: чёрный; Материал: пластик; Особенности: коктейл складн карк
1651,1651,s2_664,,Мебель,31800,Ресепшен-стойка 2400х600х1100 венге ЛДСП прям,Тип товара: Ресепшен-стойка; Габариты: 2400х600х1100; Цвет: венге; Материал: ЛДСП; Особенности: прям
1652,1652,s2_665,,Мебель,9800,Кресло руководителя чёрный кожа эконом метал крест,Тип товара: Кресло руководителя; Цвет: чёрный; Материал: кожа; Особенности: эконом метал крест
1653,1653,s2_666,,Мебель,2400,Кресло конферен серый ткань на полозьях штабел,Тип товара: Кресло конферен; Цвет: серый; Материал: ткань; Особенности: на полозьях штабел
1654,1654,s2_667,,Мебель,13400,Стол письменный 1800х700х750 серый ЛДСП с тумбой 3 ящика,Тип товара: Стол письменный; Габариты: 1800х700х750; Цвет: серый; Материал: ЛДСП; Особенности: с тумбой 3 ящика
1655,1655,s2_668,,Мебель,2400,Светильник линейн подвес 1500 48Вт 4000K,Тип товара: Светильник линейн; Особенности: подвес 1500 48Вт 4000K
1656,1656,s2_669,,Мебель,1700,Светильник потолочный 600х600 накладки квадрат 36Вт,Тип товара: Светильник потолочный; Габариты: 600х600; Особенности: накладки квадрат 36Вт
1657,1657,s2_670,,Мебель,11200,Кушетка медицинский 2000х700х650 бежевый винил смотровой карк,Тип товара: Кушетка медицинский; Габариты: 2000х700х650; Цвет: бежевый; Материал: винил; Особенности: смотровой карк
1658,1658,s2_671,,Мебель,2400,Светильник трек.LED чёрный 30Вт направл 4000K,Тип товара: Светильник трек.LED; Цвет: чёрный; Особенности: 30Вт направл 4000K
1659,1659,s2_672,,Мебель,14800,Стол операторск 1600х1200х750 серый угловой с экраном,Тип товара: Стол операторск; Габариты: 1600х1200х750; Цвет: серый; Особенности: угловой с экраном
1660,1660,s2_673,,Мебель,5100,Тумба операторск 400х500х650 белый мобильный 4 ящика белая,Тип товара: Тумба операторск; Габариты: 400х500х650; Цвет: белый; Особенности: мобильный 4 ящика белая
1661,1661,s2_674,,Мебель,9100,Комод 6 1200х450х900 дуб сонома ЛДСП; дуб ящика,Тип товара: Комод 6; Габариты: 1200х450х900; Цвет: дуб сонома; Материал: ЛДСП; дуб; Особенности: ящика
1662,1662,s2_675,,Мебель,14800,Стеллаж 1500х500х2500 металл 6 пол нагр 300кг/п оцинк,Тип товара: Стеллаж; Габариты: 1500х500х2500; Материал: металл; Особенности: 6 пол нагр 300кг/п оцинк
1663,1663,s2_676,,Мебель,10400,Стеллаж 1400х500х2000 металл 5 пол 150кг/п оцинк,Тип товара: Стеллаж; Габариты: 1400х500х2000; Материал: металл; Особенности: 5 пол 150кг/п оцинк
1664,1664,s2_677,,Мебель,11400,Перегор 1200х40х2000 чёрный HPL санитарн компакт,Тип товара: Перегор; Габариты: 1200х40х2000; Цвет: чёрный; Материал: HPL; Особенности: санитарн компакт
1665,1665,s2_678,,Мебель,26800,Верстак 200х800х900 бук дерево; бук столярн массив,Тип товара: Верстак; Габариты: 200х800х900; Цвет: бук; Материал: дерево; бук; Особенности: столярн массив
1666,1666,s2_679,,Мебель,26400,Шкаф для инструмента 1200х500х2000 металл 2-дверный 4 пол ключ,Тип товара: Шкаф для инструмента; Габариты: 1200х500х2000; Материал: металл; Особенности: 2-дверный 4 пол ключ
1667,1667,s2_680,,Мебель,14700,Шкаф школьн 1200х400х1850 учен для рюкзак 12 ячеек,Тип товара: Шкаф школьн; Габариты: 1200х400х1850; Особенности: учен для рюкзак 12 ячеек
1668,1668,s2_681,,Мебель,1450,Лампа чёрный пластик наст диммер USB,Тип товара: Лампа; Цвет: чёрный; Материал: пластик; Особенности: наст диммер USB
1669,1669,s2_682,,Мебель,4900,Тумба под 600х450х650 оргтехнику мобильный колес,Тип товара: Тумба под; Габариты: 600х450х650; Особенности: оргтехнику мобильный колес
1670,1670,s2_683,,Мебель,10400,Стол банкетный 2200х1000х750 пластик складн овальн HDPE,Тип товара: Стол банкетный; Габариты: 2200х1000х750; Материал: пластик; Особенности: складн овальн HDPE
1671,1671,s2_684,,Мебель,28900,Шкаф инструмент 1000х500х2000 металл с верстаком,Тип товара: Шкаф инструмент; Габариты: 1000х500х2000; Материал: металл; Особенности: с верстаком
1672,1672,s2_685,,Мебель,5100,Стол письменный 1200х600х750 серый ЛДСП,Тип товара: Стол письменный; Габариты: 1200х600х750; Цвет: серый; Материал: ЛДСП
1673,1673,s2_686,,Мебель,5700,Тумба прикроватная 400х400х750 белый металл больничный,Тип товара: Тумба прикроватная; Габариты: 400х400х750; Цвет: белый; Материал: металл; Особенности: больничный
1674,1674,s2_687,,Мебель,7200,Тумба под 600х450х750 серый металл МФУ ключ,Тип товара: Тумба под; Габариты: 600х450х750; Цвет: серый; Материал: металл; Особенности: МФУ ключ
1675,1675,s2_688,,Мебель,1450,"Кронштейн монит наст "" нагр до 8кг","Тип товара: Кронштейн; Особенности: монит наст "" нагр до 8кг"
1676,1676,s2_689,,Мебель,11400,Стол операторск 1400х700х750 серый ЛДСП с тумбой 3 ящика,Тип товара: Стол операторск; Габариты: 1400х700х750; Цвет: серый; Материал: ЛДСП; Особенности: с тумбой 3 ящика
1677,1677,s2_690,,Мебель,9700,Стол перегов 1600х1000х750 белый ЛДСП бумеранг,Тип товара: Стол перегов; Габариты: 1600х1000х750; Цвет: белый; Материал: ЛДСП; Особенности: бумеранг
1678,1678,s2_691,,Мебель,1480,Стул венге дерево кафе деревян лак со спинкой,Тип товара: Стул; Цвет: венге; Материал: дерево; Особенности: кафе деревян лак со спинкой
1679,1679,s2_692,,Мебель,14900,Кровать дверный 1600х2000 белый ЛДСП б/п,Тип товара: Кровать дверный; Габариты: 1600х2000; Цвет: белый; Материал: ЛДСП; Особенности: б/п
1680,1680,s2_693,,Мебель,2900,Стеллаж 600х300х1400 дуб сонома ЛДСП; дуб открыт 4 полки,Тип товара: Стеллаж; Габариты: 600х300х1400; Цвет: дуб сонома; Материал: ЛДСП; дуб; Особенности: открыт 4 полки
1681,1681,s2_694,,Мебель,15400,Кресло акцент металл велюр изумруд металлические ножки,Тип товара: Кресло акцент; Материал: металл; Особенности: велюр изумруд металлические ножки
1682,1682,s2_695,,Мебель,2900,Стол кухонный 600х600х750 белый ЛДСП,Тип товара: Стол кухонный; Габариты: 600х600х750; Цвет: белый; Материал: ЛДСП
1683,1683,s2_696,,Мебель,31400,Зона бежевый рогожка ожидан диван-модуль угловой,Тип товара: Зона; Цвет: бежевый; Материал: рогожка; Особенности: ожидан диван-модуль угловой
1684,1684,s2_697,,Мебель,13800,Шкаф школьн 900х400х1850 ячейк под портфели 12 ячеек,Тип товара: Шкаф школьн; Габариты: 900х400х1850; Особенности: ячейк под портфели 12 ячеек
1685,1685,s2_698,,Мебель,3700,Раздевалка 1200х350х400 дерево скамья гардероб дерев планк,Тип товара: Раздевалка; Габариты: 1200х350х400; Материал: дерево; Особенности: скамья гардероб дерев планк
1686,1686,s2_699,,Мебель,7800,Стол банкетный 1500х750 пластик складн круглый HDPE,Тип товара: Стол банкетный; Габариты: 1500х750; Материал: пластик; Особенности: складн круглый HDPE
1687,1687,s2_700,,Мебель,3400,Лампа бежевый ткань; дерево торш напольн дерев ножк,Тип товара: Лампа; Цвет: бежевый; Материал: ткань; дерево; Особенности: торш напольн дерев ножк
1688,1688,s2_701,,Мебель,12400,Лавка 1500х500х450 чёрный силовая накл регулируемый кожзам,Тип товара: Лавка; Габариты: 1500х500х450; Цвет: чёрный; Особенности: силовая накл регулируемый кожзам
1689,1689,s2_702,,Мебель,11700,Доска аудитор 2400х1000 комби маркер мел 2 створк,Тип товара: Доска аудитор; Габариты: 2400х1000; Особенности: комби маркер мел 2 створк
1690,1690,s2_703,,Мебель,31400,Шкаф антиванд 1200х500х1950 усиленный 3мм 2 замка,Тип товара: Шкаф антиванд; Габариты: 1200х500х1950; Особенности: усиленный 3мм 2 замка
1691,1691,s2_704,,Мебель,1450,Тумба прикр 400х350х500 дуб сонома ЛДСП; дуб 1 ящика,Тип товара: Тумба прикр; Габариты: 400х350х500; Цвет: дуб сонома; Материал: ЛДСП; дуб; Особенности: 1 ящика
1692,1692,s2_705,,Мебель,11400,Зона чёрный экокожа ожидан секция-кресло угловой,Тип товара: Зона; Цвет: чёрный; Материал: экокожа; Особенности: ожидан секция-кресло угловой
1693,1693,s2_706,,Мебель,3700,Стеновая 1200х2700 венге ЛДСП панель декор,Тип товара: Стеновая; Габариты: 1200х2700; Цвет: венге; Материал: ЛДСП; Особенности: панель декор
1694,1694,s2_707,,Мебель,14700,Скамья 1200х600х750 сталь тренир Скотта 3мм,Тип товара: Скамья; Габариты: 1200х600х750; Материал: сталь; Особенности: тренир Скотта 3мм
1695,1695,s2_708,,Мебель,8400,Перегородка офисный 1800х40х1500 ткань подвижн ширма,Тип товара: Перегородка офисный; Габариты: 1800х40х1500; Материал: ткань; Особенности: подвижн ширма
1696,1696,s2_709,,Мебель,18900,Стол офисный 1800х900х750 венге ЛДСП руководителя с тумбой,Тип товара: Стол офисный; Габариты: 1800х900х750; Цвет: венге; Материал: ЛДСП; Особенности: руководителя с тумбой
1697,1697,s2_710,,Мебель,24700,Шкаф-купе 1200х600х2200 венге 2-дверный,Тип товара: Шкаф-купе; Габариты: 1200х600х2200; Цвет: венге; Особенности: 2-дверный
1698,1698,s2_711,,Мебель,27800,Стол перегов 2800х1200х750 венге ЛДСП боулинг,Тип товара: Стол перегов; Габариты: 2800х1200х750; Цвет: венге; Материал: ЛДСП; Особенности: боулинг
1699,1699,s2_712,,Мебель,4700,Тумба обувн 800х300х900 дуб сонома ЛДСП; дуб откидн,Тип товара: Тумба обувн; Габариты: 800х300х900; Цвет: дуб сонома; Материал: ЛДСП; дуб; Особенности: откидн
1700,1700,s2_713,,Мебель,24700,Стол антиванд бетон парк 1500х7х750 шлифов,Тип товара: Стол антиванд; Особенности: бетон парк 1500х7х750 шлифов
1701,1701,s2_714,,Мебель,3900,Кронштейн настенный для проектор потолочный регул длин,Тип товара: Кронштейн; Особенности: настенный для проектор потолочный регул длин
1702,1702,s2_715,,Мебель,3700,Столик 700х700х750 венге ЛДСП ресторан складн,Тип товара: Столик; Габариты: 700х700х750; Цвет: венге; Материал: ЛДСП; Особенности: ресторан складн
1703,1703,s2_716,,Мебель,13700,Прилавок 1200х600х900 белый ЛДСП торгов с витрин,Тип товара: Прилавок; Габариты: 1200х600х900; Цвет: белый; Материал: ЛДСП; Особенности: торгов с витрин
1704,1704,s2_717,,Мебель,5400,Шкафчик 400х400х1850 белый ЛДСП столовой высокий,Тип товара: Шкафчик; Габариты: 400х400х1850; Цвет: белый; Материал: ЛДСП; Особенности: столовой высокий
1705,1705,s2_718,,Мебель,7400,Перегор 1500х40х1800 бежевый ЛДСП санитарн влагостойк,Тип товара: Перегор; Габариты: 1500х40х1800; Цвет: бежевый; Материал: ЛДСП; Особенности: санитарн влагостойк
1706,1706,s2_719,,Мебель,21400,Сейф огнестойкий 500х450х450 30мин эл замок,Тип товара: Сейф огнестойкий; Габариты: 500х450х450; Особенности: 30мин эл замок
1707,1707,s2_720,,Мебель,9800,Скамья 1400х500х450 сталь тренир горизонтальный 3мм,Тип товара: Скамья; Габариты: 1400х500х450; Материал: сталь; Особенности: тренир горизонтальный 3мм
1708,1708,s2_721,,Мебель,64800,Витрина музейн 1000х1000х1900 островн 4-сторонний,Тип товара: Витрина музейн; Габариты: 1000х1000х1900; Особенности: островн 4-сторонний
1709,1709,s2_722,,Мебель,9200,Шкаф-стеллаж 800х400х1850 венге ЛДСП со створк,Тип товара: Шкаф-стеллаж; Габариты: 800х400х1850; Цвет: венге; Материал: ЛДСП; Особенности: со створк
1710,1710,s2_723,,Мебель,7400,Сушилка для одежды с подогр электр 60Вт настенный,Тип товара: Сушилка для одежды; Особенности: с подогр электр 60Вт настенный
1711,1711,s2_724,,Мебель,9800,Стол письменный 1400х700х750 дуб сонома ЛДСП; дуб с тумбой 3 ящика,Тип товара: Стол письменный; Габариты: 1400х700х750; Цвет: дуб сонома; Материал: ЛДСП; дуб; Особенности: с тумбой 3 ящика
1712,1712,s2_725,,Мебель,28400,Витрина торгов 1000х1000х1500 стекло центральн островн,Тип товара: Витрина торгов; Габариты: 1000х1000х1500; Материал: стекло; Особенности: центральн островн
1713,1713,s2_726,,Мебель,7800,Велопарковка 2000х500х800 металл на 6 мест оцинк напольн,Тип товара: Велопарковка; Габариты: 2000х500х800; Материал: металл; Особенности: на 6 мест оцинк напольн
1714,1714,s2_727,,Мебель,6400,Тумба прикроватная 450х400х800 серый металл больничный,Тип товара: Тумба прикроватная; Габариты: 450х400х800; Цвет: серый; Материал: металл; Особенности: больничный
1715,1715,s2_728,,Мебель,8200,Тумба ТВ 1400х400х500 венге ЛДСП; металл каркас,Тип товара: Тумба ТВ; Габариты: 1400х400х500; Цвет: венге; Материал: ЛДСП; металл; Особенности: каркас
1716,1716,s2_729,,Мебель,22400,Верстак 1500х750х900 сборочн с подсвет полка,Тип товара: Верстак; Габариты: 1500х750х900; Особенности: сборочн с подсвет полка
1717,1717,s2_730,,Мебель,19800,Шкаф архивный 800х450х1950 металл с сейфом трейзор,Тип товара: Шкаф архивный; Габариты: 800х450х1950; Материал: металл; Особенности: с сейфом трейзор
1718,1718,s2_731,,Мебель,1980,Кронштейн монит наст наклон-поворот,Тип товара: Кронштейн; Особенности: монит наст наклон-поворот
1719,1719,s2_732,,Мебель,1700,Стул банкетный чёрный; коричневый экокожа штабел карк,Тип товара: Стул банкетный; Цвет: чёрный; коричневый; Материал: экокожа; Особенности: штабел карк
1720,1720,s2_733,,Мебель,13400,Скамья 2000х600х850 металл; дерево парков усиленный карк дерев сид,Тип товара: Скамья; Габариты: 2000х600х850; Материал: металл; дерево; Особенности: парков усиленный карк дерев сид
1721,1721,s2_734,,Мебель,9400,Кухонный модуль 1200х500х820 серый ЛДСП офисный ниж ящики,Тип товара: Кухонный модуль; Габариты: 1200х500х820; Цвет: серый; Материал: ЛДСП; Особенности: офисный ниж ящики
1722,1722,s2_735,,Мебель,18900,Тележка 700х450х950 металл инструмент 7 ящики колес,Тип товара: Тележка; Габариты: 700х450х950; Материал: металл; Особенности: инструмент 7 ящики колес
1723,1723,s2_736,,Мебель,17400,Раздевалка 1200х500х1850 металл шкаф ЛОК 4-секционный,Тип товара: Раздевалка; Габариты: 1200х500х1850; Материал: металл; Особенности: шкаф ЛОК 4-секционный
1724,1724,s2_737,,Мебель,9100,Стеллаж 1200х500х2000 металл 5 пол 150кг/п оцинк,Тип товара: Стеллаж; Габариты: 1200х500х2000; Материал: металл; Особенности: 5 пол 150кг/п оцинк
1725,1725,s2_738,,Мебель,4800,Столик 900х600х750 дуб ЛДСП; дуб ресторан складн,Тип товара: Столик; Габариты: 900х600х750; Цвет: дуб; Материал: ЛДСП; дуб; Особенности: ресторан складн
1726,1726,s2_739,,Мебель,8900,Кресло операторск чёрный; серый сетка спорт регулируемый,Тип товара: Кресло операторск; Цвет: чёрный; серый; Материал: сетка; Особенности: спорт регулируемый
1727,1727,s2_740,,Мебель,28400,Кровать дверный 1800х2000 белый ЛДСП ортопед осн,Тип товара: Кровать дверный; Габариты: 1800х2000; Цвет: белый; Материал: ЛДСП; Особенности: ортопед осн
1728,1728,s2_741,,Мебель,6800,Шкаф 300х250х1400 металл оружейн 2 замка,Тип товара: Шкаф; Габариты: 300х250х1400; Материал: металл; Особенности: оружейн 2 замка
1729,1729,s2_742,,Мебель,14700,Стеллаж антистат 1000х500х1800 ESD 4 пол ESD-покр,Тип товара: Стеллаж антистат; Габариты: 1000х500х1800; Особенности: ESD 4 пол ESD-покр
1730,1730,s2_743,,Мебель,780,Подставка под чёрный металл планшет регулируемый,Тип товара: Подставка под; Цвет: чёрный; Материал: металл; Особенности: планшет регулируемый
1731,1731,s2_744,,Мебель,34800,Кухонный модуль белый ЛДСП офисный компл 2400,Тип товара: Кухонный модуль; Цвет: белый; Материал: ЛДСП; Особенности: офисный компл 2400
1732,1732,s2_745,,Мебель,18900,Прихожая 1600х400х2100 дуб сонома ЛДСП; дуб компл зерк,Тип товара: Прихожая; Габариты: 1600х400х2100; Цвет: дуб сонома; Материал: ЛДСП; дуб; Особенности: компл зерк
1733,1733,s2_746,,Мебель,14800,Кресло руководителя серый ткань; дерево; рогожка дерев основ,Тип товара: Кресло руководителя; Цвет: серый; Материал: ткань; дерево; рогожка; Особенности: дерев основ
1734,1734,s2_747,,Мебель,5290,Стол письменный 1200х600х750 ольха ЛДСП,Тип товара: Стол письменный; Габариты: 1200х600х750; Цвет: ольха; Материал: ЛДСП
1735,1735,s2_748,,Мебель,3400,"Кронштейн монит наст 2-х монит "" газ лифт","Тип товара: Кронштейн; Особенности: монит наст 2-х монит "" газ лифт"
1736,1736,s2_749,,Мебель,17400,Верстак 1200х600х850 ремонтн электрон ESD-покрыт,Тип товара: Верстак; Габариты: 1200х600х850; Особенности: ремонтн электрон ESD-покрыт
1737,1737,s2_750,,Мебель,5400,Кресло операторск чёрный ткань; пластик подголовник крест,Тип товара: Кресло операторск; Цвет: чёрный; Материал: ткань; пластик; Особенности: подголовник крест
1738,1738,s2_751,,Мебель,3400,Огражд выставочный 1500х50х1100 чёрный Огражд выставочный барьерн,Тип товара: Огражд выставочный; Габариты: 1500х50х1100; Цвет: чёрный; Особенности: Огражд выставочный барьерн
1739,1739,s2_752,,Мебель,10900,Шкаф для одежды венге ЛДСП офисный со штангой+полк,Тип товара: Шкаф для одежды; Цвет: венге; Материал: ЛДСП; Особенности: офисный со штангой+полк
1740,1740,s2_753,,Мебель,5200,Картотека серый металл 2 ящика А4 ключ,Тип товара: Картотека; Цвет: серый; Материал: металл; Особенности: 2 ящика А4 ключ
1741,1741,s2_754,,Мебель,19800,Верстак 1500х1500х850 сталь слесарн угловой 2мм 3 ящики,Тип товара: Верстак; Габариты: 1500х1500х850; Материал: сталь; Особенности: слесарн угловой 2мм 3 ящики
1742,1742,s2_755,,Мебель,4100,Стул барный чёрный металл; экокожа со спинкой,Тип товара: Стул барный; Цвет: чёрный; Материал: металл; экокожа; Особенности: со спинкой
1743,1743,s2_756,,Мебель,3200,Доска маркерн 1500х1000 алюминий эмалев алюминиевая рамка лоток,Тип товара: Доска маркерн; Габариты: 1500х1000; Материал: алюминий; Особенности: эмалев алюминиевая рамка лоток
1744,1744,s2_757,,Мебель,6450,Стол письменный 1600х600х750 венге ЛДСП,Тип товара: Стол письменный; Габариты: 1600х600х750; Цвет: венге; Материал: ЛДСП
1745,1745,s2_758,,Мебель,2380,Кресло посетит коричневый; хром хром; ткань на полозьях крест,Тип товара: Кресло посетит; Цвет: коричневый; хром; Материал: хром; ткань; Особенности: на полозьях крест
1746,1746,s2_759,,Мебель,48400,Бенч-система 2800х1600х1200 серый 4-местный с перегор,Тип товара: Бенч-система; Габариты: 2800х1600х1200; Цвет: серый; Особенности: 4-местный с перегор
1747,1747,s2_760,,Мебель,16400,Шкаф гостевой 900х600х2100 венге ЛДСП распашной 1-дверный,Тип товара: Шкаф гостевой; Габариты: 900х600х2100; Цвет: венге; Материал: ЛДСП; Особенности: распашной 1-дверный
1748,1748,s2_761,,Мебель,24800,Скамья 2000х1200х1300 тренировочн жим лёжа со стойк,Тип товара: Скамья; Габариты: 2000х1200х1300; Особенности: тренировочн жим лёжа со стойк
1749,1749,s2_762,,Мебель,4400,Тумба гостевой 450х400х500 дуб ЛДСП; дуб прикроватная 2 ящика,Тип товара: Тумба гостевой; Габариты: 450х400х500; Цвет: дуб; Материал: ЛДСП; дуб; Особенности: прикроватная 2 ящика
1750,1750,s2_763,,Мебель,980,Карниз белый алюминий потолочный 3-рядный 3000,Тип товара: Карниз; Цвет: белый; Материал: алюминий; Особенности: потолочный 3-рядный 3000
1751,1751,s2_764,,Мебель,7800,Сейф оружейн 350х250х1400 ключ+трейзор,Тип товара: Сейф оружейн; Габариты: 350х250х1400; Особенности: ключ+трейзор
1752,1752,s2_765,,Мебель,4100,Подиум выставочный 600х600х600 чёрный ЛДСП квадратный,Тип товара: Подиум выставочный; Габариты: 600х600х600; Цвет: чёрный; Материал: ЛДСП; Особенности: квадратный
1753,1753,s2_766,,Мебель,5100,Раздевалка 1500х400х450 металл; дерево скамья с дерев сид,Тип товара: Раздевалка; Габариты: 1500х400х450; Материал: металл; дерево; Особенности: скамья с дерев сид
1754,1754,s2_767,,Мебель,1980,Доска информ 900х1200 пробков маркерн комби,Тип товара: Доска информ; Габариты: 900х1200; Особенности: пробков маркерн комби
1755,1755,s2_768,,Мебель,16400,Кровать дверный 1800х200 венге ЛДСП ортопед,Тип товара: Кровать дверный; Габариты: 1800х200; Цвет: венге; Материал: ЛДСП; Особенности: ортопед
1756,1756,s2_769,,Мебель,1850,Вешалка хром металл; хром напольн с подставк под зонт,Тип товара: Вешалка; Цвет: хром; Материал: металл; хром; Особенности: напольн с подставк под зонт
1757,1757,s2_770,,Мебель,7400,Стол операторск 1400х600х750 белый ЛДСП прям кабель,Тип товара: Стол операторск; Габариты: 1400х600х750; Цвет: белый; Материал: ЛДСП; Особенности: прям кабель
1758,1758,s2_771,,Мебель,1450,Пуф 400х400х400 чёрный экокожа квадрат,Тип товара: Пуф; Габариты: 400х400х400; Цвет: чёрный; Материал: экокожа; Особенности: квадрат
1759,1759,s2_772,,Мебель,1950,Полка 600х300х450 белый ЛДСП обувн 4 ярус,Тип товара: Полка; Габариты: 600х300х450; Цвет: белый; Материал: ЛДСП; Особенности: обувн 4 ярус
1760,1760,s2_773,,Мебель,9800,Перегородка банкетный 1800х50х2000 бежевый ткань мобильный колес,Тип товара: Перегородка банкетный; Габариты: 1800х50х2000; Цвет: бежевый; Материал: ткань; Особенности: мобильный колес
1761,1761,s2_774,,Мебель,2900,Урна металл парк 25л окраш порош зелён напольн,Тип товара: Урна; Материал: металл; Особенности: парк 25л окраш порош зелён напольн
1762,1762,s2_775,,Мебель,9400,Шкаф инструмент 600х400х1500 компактный 3 пол ключ,Тип товара: Шкаф инструмент; Габариты: 600х400х1500; Особенности: компактный 3 пол ключ
1763,1763,s2_776,,Мебель,3200,Столик 900х600х450 венге ЛДСП журн,Тип товара: Столик; Габариты: 900х600х450; Цвет: венге; Материал: ЛДСП; Особенности: журн
1764,1764,s2_777,,Мебель,19800,Стол лабораторный 1800х750х900 ЛДСП пристен с тумбой,Тип товара: Стол лабораторный; Габариты: 1800х750х900; Материал: ЛДСП; Особенности: пристен с тумбой
1765,1765,s2_778,,Мебель,3700,Доска флипчарт 700х1000 магн с регулируемый высотой,Тип товара: Доска флипчарт; Габариты: 700х1000; Особенности: магн с регулируемый высотой
1766,1766,s2_779,,Мебель,3200,Тумба под 500х400х600 белый ЛДСП принтер мобильный,Тип товара: Тумба под; Габариты: 500х400х600; Цвет: белый; Материал: ЛДСП; Особенности: принтер мобильный
1767,1767,s2_780,,Мебель,11800,Шкаф 2-дверный 800х500х2000 белый ЛДСП распашной,Тип товара: Шкаф 2-дверный; Габариты: 800х500х2000; Цвет: белый; Материал: ЛДСП; Особенности: распашной
1768,1768,s2_781,,Мебель,14800,Стол перегов 2000х1000х750 дуб сонома ЛДСП; дуб,Тип товара: Стол перегов; Габариты: 2000х1000х750; Цвет: дуб сонома; Материал: ЛДСП; дуб
1769,1769,s2_782,,Мебель,1380,Светильник подвес 1200х300 36Вт армстронг,Тип товара: Светильник подвес; Габариты: 1200х300; Особенности: 36Вт армстронг
1770,1770,s2_783,,Мебель,12300,Тумба ТВ 1800х450х500 тёмно-серый ЛДСП ящики+полки,Тип товара: Тумба ТВ; Габариты: 1800х450х500; Цвет: тёмно-серый; Материал: ЛДСП; Особенности: ящики+полки
1771,1771,s2_784,,Мебель,3450,Сейф огнестойкий 800х500х1500 1-час 145кг,Тип товара: Сейф огнестойкий; Габариты: 800х500х1500; Особенности: 1-час 145кг
1772,1772,s2_785,,Мебель,34500,Шкаф химический 1200х500х1950 металл лаб 2-дверный вытяж,Тип товара: Шкаф химический; Габариты: 1200х500х1950; Материал: металл; Особенности: лаб 2-дверный вытяж
1773,1773,s2_786,,Мебель,19400,Шкаф документальный 800х800х1950 белый ЛДСП угловой зерк,Тип товара: Шкаф документальный; Габариты: 800х800х1950; Цвет: белый; Материал: ЛДСП; Особенности: угловой зерк
1774,1774,s2_787,,Мебель,32700,Стеллаж консольный 2500х1500х3000 2-сторонний нагр 400кг/п,Тип товара: Стеллаж консольный; Габариты: 2500х1500х3000; Особенности: 2-сторонний нагр 400кг/п
1775,1775,s2_788,,Мебель,19800,Картотека серый металл 12 ящика А5 ключ,Тип товара: Картотека; Цвет: серый; Материал: металл; Особенности: 12 ящика А5 ключ
1776,1776,s2_789,,Мебель,19400,Шкаф документальный 800х450х1850 серый жалюзи рольставн,Тип товара: Шкаф документальный; Габариты: 800х450х1850; Цвет: серый; Особенности: жалюзи рольставн
1777,1777,s2_790,,Мебель,7350,Кресло офисный чёрный сетка эрг крестовина,Тип товара: Кресло офисный; Цвет: чёрный; Материал: сетка; Особенности: эрг крестовина
1778,1778,s2_791,,Мебель,26400,Кухонный модуль дуб сонома ЛДСП; дуб офисный компл 1800,Тип товара: Кухонный модуль; Цвет: дуб сонома; Материал: ЛДСП; дуб; Особенности: офисный компл 1800
1779,1779,s2_792,,Мебель,24700,Стеллаж паллетн 1800х1100х4500 нагр 700кг/п 3 ур,Тип товара: Стеллаж паллетн; Габариты: 1800х1100х4500; Особенности: нагр 700кг/п 3 ур
1780,1780,s2_793,,Мебель,1485,Стул банкетный бежевый; хром хром; ткань штабел карк,Тип товара: Стул банкетный; Цвет: бежевый; хром; Материал: хром; ткань; Особенности: штабел карк
1781,1781,s2_794,,Мебель,1850,Светильник трек чёрный 20Вт направл,Тип товара: Светильник трек; Цвет: чёрный; Особенности: 20Вт направл
1782,1782,s2_795,,Мебель,5400,Стол комп 900х500х750 дуб сонома ЛДСП; дуб дет,Тип товара: Стол комп; Габариты: 900х500х750; Цвет: дуб сонома; Материал: ЛДСП; дуб; Особенности: дет
1783,1783,s2_796,,Мебель,19700,Шкаф для инструмента 700х400х1200 картотечн 27 ящики,Тип товара: Шкаф для инструмента; Габариты: 700х400х1200; Особенности: картотечн 27 ящики
1784,1784,s2_797,,Мебель,1850,Подставка под дерево ноутб бамбук регулируемый,Тип товара: Подставка под; Материал: дерево; Особенности: ноутб бамбук регулируемый
1785,1785,s2_798,,Мебель,84700,Стеллаж архивный 4500х500х2200 передвижн 5 секц,Тип товара: Стеллаж архивный; Габариты: 4500х500х2200; Особенности: передвижн 5 секц
1786,1786,s2_799,,Мебель,1700,Подставка под клавиат с подставк под мышь,Тип товара: Подставка под; Особенности: клавиат с подставк под мышь
1787,1787,s2_800,,Мебель,19400,Стол лабораторный 2100х750х900 серый ЛДСП химостойк,Тип товара: Стол лабораторный; Габариты: 2100х750х900; Цвет: серый; Материал: ЛДСП; Особенности: химостойк
1788,1788,s2_801,,Мебель,2380,Кресло посетит бежевый металл; ткань на полозьях каркас,Тип товара: Кресло посетит; Цвет: бежевый; Материал: металл; ткань; Особенности: на полозьях каркас
1789,1789,s2_802,,Мебель,2100,Стул чёрный; хром хром; экокожа конферен,Тип товара: Стул; Цвет: чёрный; хром; Материал: хром; экокожа; Особенности: конферен
1790,1790,s2_803,,Мебель,12400,Шкаф докум 800х400х1950 серый высокий со створк,Тип товара: Шкаф докум; Габариты: 800х400х1950; Цвет: серый; Особенности: высокий со створк
1791,1791,s2_804,,Мебель,6400,Тумба офисный 800х450х750 белый ЛДСП 2-дверный,Тип товара: Тумба офисный; Габариты: 800х450х750; Цвет: белый; Материал: ЛДСП; Особенности: 2-дверный
1792,1792,s2_805,,Мебель,6800,Банкетка 1800х350х450 ЛДСП раздевалк с ящики под обувь,Тип товара: Банкетка; Габариты: 1800х350х450; Материал: ЛДСП; Особенности: раздевалк с ящики под обувь
1793,1793,s2_806,,Мебель,5800,Стол ресторан 800х800х750 чёрный; дуб металл; дуб шпон каркас,Тип товара: Стол ресторан; Габариты: 800х800х750; Цвет: чёрный; дуб; Материал: металл; дуб; Особенности: шпон каркас
1794,1794,s2_807,,Мебель,1380,Тумба под серый ЛДСП систем блок выкатн,Тип товара: Тумба под; Цвет: серый; Материал: ЛДСП; Особенности: систем блок выкатн
1795,1795,s2_808,,Мебель,8400,Кровать односпальный 900х1900 белый ЛДСП,Тип товара: Кровать односпальный; Габариты: 900х1900; Цвет: белый; Материал: ЛДСП
1796,1796,s2_809,,Мебель,780,Светильник аварийный 3Вт автон 2ч,Тип товара: Светильник аварийный; Особенности: 3Вт автон 2ч
1797,1797,s2_810,,Мебель,11800,Кресло операторск чёрный сетка синхромех,Тип товара: Кресло операторск; Цвет: чёрный; Материал: сетка; Особенности: синхромех
1798,1798,s2_811,,Мебель,14500,Кресло акцент велюр горчичн,Тип товара: Кресло акцент; Особенности: велюр горчичн
1799,1799,s2_812,,Мебель,4100,Столик 1100х600х450 белый ЛДСП журн бел глян,Тип товара: Столик; Габариты: 1100х600х450; Цвет: белый; Материал: ЛДСП; Особенности: журн бел глян
1800,1800,s2_813,,Мебель,8400,Перегородка офисный 1200х40х1500 матовый стекло со,Тип товара: Перегородка офисный; Габариты: 1200х40х1500; Цвет: матовый; Материал: стекло; Особенности: со
1801,1801,s2_814,,Мебель,5300,Шкаф офисный 800х450х750 серый ЛДСП со створками,Тип товара: Шкаф офисный; Габариты: 800х450х750; Цвет: серый; Материал: ЛДСП; Особенности: со створками
1802,1802,s2_815,,Мебель,9800,Зона чёрный экокожа ожидан модул секция-кресло,Тип товара: Зона; Цвет: чёрный; Материал: экокожа; Особенности: ожидан модул секция-кресло
1803,1803,s2_816,,Мебель,3400,Багажн.подставка гостевой 600х400х500 металл металлический+кожзам,Тип товара: Багажн.подставка гостевой; Габариты: 600х400х500; Материал: металл; Особенности: металлический+кожзам
1804,1804,s2_817,,Мебель,3200,Парта школьн 600х500х760 бук ЛДСП; металл; бук 1-местный каркас,Тип товара: Парта школьн; Габариты: 600х500х760; Цвет: бук; Материал: ЛДСП; металл; бук; Особенности: 1-местный каркас
1805,1805,s2_818,,Мебель,380,Покрытие ковролин напольн рулон 1500мм/п,Тип товара: Покрытие; Материал: ковролин; Особенности: напольн рулон 1500мм/п
1806,1806,s2_819,,Мебель,2350,Стол приставн 600х400х750 дуб сонома ЛДСП; дуб,Тип товара: Стол приставн; Габариты: 600х400х750; Цвет: дуб сонома; Материал: ЛДСП; дуб
1807,1807,s2_820,,Мебель,13700,Тележка 600х400х850 металл инструмент 5 ящики с замком,Тип товара: Тележка; Габариты: 600х400х850; Материал: металл; Особенности: инструмент 5 ящики с замком
1808,1808,s2_821,,Мебель,14800,Стол комп 1100х600х920 венге ЛДСП дет растущ,Тип товара: Стол комп; Габариты: 1100х600х920; Цвет: венге; Материал: ЛДСП; Особенности: дет растущ
1809,1809,s2_822,,Мебель,19800,Верстак 1200х600х850 металл с ящиками 5-секционный ключ,Тип товара: Верстак; Габариты: 1200х600х850; Материал: металл; Особенности: с ящиками 5-секционный ключ
1810,1810,s2_823,,Мебель,2200,Стеновая 600х2700 белый ЛДСП панель белая паз-гребень,Тип товара: Стеновая; Габариты: 600х2700; Цвет: белый; Материал: ЛДСП; Особенности: панель белая паз-гребень
1811,1811,s2_824,,Мебель,8400,Стеллаж 1200х500х1800 металл 5 пол 150кг/п оцинк,Тип товара: Стеллаж; Габариты: 1200х500х1800; Материал: металл; Особенности: 5 пол 150кг/п оцинк
1812,1812,s2_825,,Мебель,2900,Перегородка офисный 1600х30х400 ткань экран наст,Тип товара: Перегородка офисный; Габариты: 1600х30х400; Материал: ткань; Особенности: экран наст
1813,1813,s2_826,,Мебель,3700,Стол брифинг 900х450х750 серый ЛДСП приставн,Тип товара: Стол брифинг; Габариты: 900х450х750; Цвет: серый; Материал: ЛДСП; Особенности: приставн
1814,1814,s2_827,,Мебель,11400,Стол учительск 1200х600х900 венге ЛДСП с кафедр,Тип товара: Стол учительск; Габариты: 1200х600х900; Цвет: венге; Материал: ЛДСП; Особенности: с кафедр
1815,1815,s2_828,,Мебель,3700,Подставка под ноутб напольн передвижн колес,Тип товара: Подставка под; Особенности: ноутб напольн передвижн колес
1816,1816,s2_829,,Мебель,19400,Ресепшен-стойка 1200х600х1100 белый ЛДСП модул,Тип товара: Ресепшен-стойка; Габариты: 1200х600х1100; Цвет: белый; Материал: ЛДСП; Особенности: модул
1817,1817,s2_830,,Мебель,6800,Матрас 900х2000 беспр кокос+пенополиур,Тип товара: Матрас; Габариты: 900х2000; Особенности: беспр кокос+пенополиур
1818,1818,s2_831,,Мебель,14400,Шкаф для одежды 600х500х1850 серый офисный с сушкой,Тип товара: Шкаф для одежды; Габариты: 600х500х1850; Цвет: серый; Особенности: офисный с сушкой
1819,1819,s2_832,,Мебель,12700,Кушетка медицинский 2000х700х650 белый экокожа смотровой карк,Тип товара: Кушетка медицинский; Габариты: 2000х700х650; Цвет: белый; Материал: экокожа; Особенности: смотровой карк
1820,1820,s2_833,,Мебель,5700,Подиум выставочный 1200х600х500 чёрный ЛДСП прямоуг,Тип товара: Подиум выставочный; Габариты: 1200х600х500; Цвет: чёрный; Материал: ЛДСП; Особенности: прямоуг
1821,1821,s2_834,,Мебель,28700,Тележка 900х500х1000 инструмент больш 9 ящики проф,Тип товара: Тележка; Габариты: 900х500х1000; Особенности: инструмент больш 9 ящики проф
1822,1822,s2_835,,Мебель,31400,Верстак 2000х2000х900 серый металл угловой 4 ящики+полки,Тип товара: Верстак; Габариты: 2000х2000х900; Цвет: серый; Материал: металл; Особенности: угловой 4 ящики+полки
1823,1823,s2_836,,Мебель,9100,Кушетка медицинский 1900х600х600 бежевый винил смотровой карк,Тип товара: Кушетка медицинский; Габариты: 1900х600х600; Цвет: бежевый; Материал: винил; Особенности: смотровой карк
1824,1824,s2_837,,Мебель,84700,"Шкаф 800х1000х2200 серый сервер напольн 19"" 47U перфор дверный","Тип товара: Шкаф; Габариты: 800х1000х2200; Цвет: серый; Особенности: сервер напольн 19"" 47U перфор дверный"
1825,1825,s2_838,,Мебель,3950,Тумба выкатн 400х500х600 белый ЛДСП 3 ящика,Тип товара: Тумба выкатн; Габариты: 400х500х600; Цвет: белый; Материал: ЛДСП; Особенности: 3 ящика
1826,1826,s2_839,,Мебель,540,Полка 600х250х100 чёрный металл; сетка наст,Тип товара: Полка; Габариты: 600х250х100; Цвет: чёрный; Материал: металл; сетка; Особенности: наст
1827,1827,s2_840,,Мебель,6700,Тумба ТВ 1200х400х450 белый ЛДСП бел глян,Тип товара: Тумба ТВ; Габариты: 1200х400х450; Цвет: белый; Материал: ЛДСП; Особенности: бел глян
1828,1828,s2_841,,Мебель,10700,Стол-бенч 1200х1200х750 серый ЛДСП приставн угловой,Тип товара: Стол-бенч; Габариты: 1200х1200х750; Цвет: серый; Материал: ЛДСП; Особенности: приставн угловой
1829,1829,s2_842,,Мебель,10800,Стол операторск 1400х1200х750 серый ЛДСП угловой,Тип товара: Стол операторск; Габариты: 1400х1200х750; Цвет: серый; Материал: ЛДСП; Особенности: угловой
1830,1830,s2_843,,Мебель,31400,Стол перегов 2800х1200х750 венге ЛДСП бочка,Тип товара: Стол перегов; Габариты: 2800х1200х750; Цвет: венге; Материал: ЛДСП; Особенности: бочка
1831,1831,s2_844,,Мебель,320,Корзина для бумаг серый металл; сетка 10л,Тип товара: Корзина для бумаг; Цвет: серый; Материал: металл; сетка; Особенности: 10л
1832,1832,s2_845,,Мебель,4900,Стол барный 700х700х1100 венге ЛДСП; металл квадратный,Тип товара: Стол барный; Габариты: 700х700х1100; Цвет: венге; Материал: ЛДСП; металл; Особенности: квадратный
1833,1833,s2_846,,Мебель,3400,Подиум выставочный 500х500х500 белый ЛДСП квадратный,Тип товара: Подиум выставочный; Габариты: 500х500х500; Цвет: белый; Материал: ЛДСП; Особенности: квадратный
1834,1834,s2_847,,Мебель,2800,Сейф 200х300х200 мебельн кодовый,Тип товара: Сейф; Габариты: 200х300х200; Особенности: мебельн кодовый
1835,1835,s2_848,,Мебель,14800,Шкаф архивный 800х450х1950 серый со створк 2-секционный,Тип товара: Шкаф архивный; Габариты: 800х450х1950; Цвет: серый; Особенности: со створк 2-секционный
1836,1836,s2_849,,Мебель,28400,Стеллаж паллетн 2700х1100х4500 нагр 800кг/п оцинк,Тип товара: Стеллаж паллетн; Габариты: 2700х1100х4500; Особенности: нагр 800кг/п оцинк
1837,1837,s2_850,,Мебель,14700,Картотека чёрный металл 5 ящика А4 кодовая,Тип товара: Картотека; Цвет: чёрный; Материал: металл; Особенности: 5 ящика А4 кодовая
1838,1838,s2_851,,Мебель,39800,Кровать дверный 1800х2000 бежевый экокожа подъём мех,Тип товара: Кровать дверный; Габариты: 1800х2000; Цвет: бежевый; Материал: экокожа; Особенности: подъём мех
1839,1839,s2_852,,Мебель,2700,Тумба под 450х400х500 серый ЛДСП принтер компактный,Тип товара: Тумба под; Габариты: 450х400х500; Цвет: серый; Материал: ЛДСП; Особенности: принтер компактный
1840,1840,s2_853,,Мебель,4700,Подиум выставочный 600х400 белый; матовый круглый МДФ,Тип товара: Подиум выставочный; Габариты: 600х400; Цвет: белый; матовый; Особенности: круглый МДФ
1841,1841,s2_854,,Мебель,14700,Диван офисный чёрный; хром хром; экокожа 2-местный ножк,Тип товара: Диван офисный; Цвет: чёрный; хром; Материал: хром; экокожа; Особенности: 2-местный ножк
1842,1842,s2_855,,Мебель,11400,Перегор 1800х40х1800 дерево ресторан ширма ажур,Тип товара: Перегор; Габариты: 1800х40х1800; Материал: дерево; Особенности: ресторан ширма ажур
1843,1843,s2_856,,Мебель,6900,Стол кухонный 1400х800х750 венге ЛДСП обед,Тип товара: Стол кухонный; Габариты: 1400х800х750; Цвет: венге; Материал: ЛДСП; Особенности: обед
1844,1844,s2_857,,Мебель,11800,Витрина музейн 400х400х400 стекло наст куб,Тип товара: Витрина музейн; Габариты: 400х400х400; Материал: стекло; Особенности: наст куб
1845,1845,s2_858,,Мебель,5400,Тумба под 700х500х650 белый ЛДСП МФУ мобильный колес,Тип товара: Тумба под; Габариты: 700х500х650; Цвет: белый; Материал: ЛДСП; Особенности: МФУ мобильный колес
1846,1846,s2_859,,Мебель,14400,Барная 1500х600х1100 белый ЛДСП стойка офисный кухня,Тип товара: Барная; Габариты: 1500х600х1100; Цвет: белый; Материал: ЛДСП; Особенности: стойка офисный кухня
1847,1847,s2_860,,Мебель,2400,Зеркало 600х1200 венге ЛДСП наст в рамке,Тип товара: Зеркало; Габариты: 600х1200; Цвет: венге; Материал: ЛДСП; Особенности: наст в рамке
1848,1848,s2_861,,Мебель,24800,Шкаф для химикат 600х500 лаб с поддон под кислоту,Тип товара: Шкаф для химикат; Габариты: 600х500; Особенности: лаб с поддон под кислоту
1849,1849,s2_862,,Мебель,2900,Стул барный бежевый; хром хром; экокожа без спинки,Тип товара: Стул барный; Цвет: бежевый; хром; Материал: хром; экокожа; Особенности: без спинки
1850,1850,s2_863,,Мебель,78900,Витрина холодильный 600х650х2000 стекло вертикальный,Тип товара: Витрина холодильный; Габариты: 600х650х2000; Материал: стекло; Особенности: вертикальный
1851,1851,s2_864,,Мебель,28400,Стол регул.высоты 1400х700 белый ЛДСП электр,Тип товара: Стол регул.высоты; Габариты: 1400х700; Цвет: белый; Материал: ЛДСП; Особенности: электр
1852,1852,s2_865,,Мебель,28400,Витрина музейн 600х400х1800 стекло вертикальный замок,Тип товара: Витрина музейн; Габариты: 600х400х1800; Материал: стекло; Особенности: вертикальный замок
1853,1853,s2_866,,Мебель,6700,Стол операторск 900х750 серый ЛДСП круглый перегов,Тип товара: Стол операторск; Габариты: 900х750; Цвет: серый; Материал: ЛДСП; Особенности: круглый перегов
1854,1854,s2_867,,Мебель,12800,Шкаф для одежды 600х500х1850 офисный с замком кодов,Тип товара: Шкаф для одежды; Габариты: 600х500х1850; Особенности: офисный с замком кодов
1855,1855,s2_868,,Мебель,8400,Стеллаж 1000х500х2200 металл 5 пол нагр 250кг/п,Тип товара: Стеллаж; Габариты: 1000х500х2200; Материал: металл; Особенности: 5 пол нагр 250кг/п
1856,1856,s2_869,,Мебель,19800,Стол перегов 2400х1000х750 серый ЛДСП на бенч-карк,Тип товара: Стол перегов; Габариты: 2400х1000х750; Цвет: серый; Материал: ЛДСП; Особенности: на бенч-карк
1857,1857,s2_870,,Мебель,680,Полка 800х200х200 дуб сонома ЛДСП; дуб наст,Тип товара: Полка; Габариты: 800х200х200; Цвет: дуб сонома; Материал: ЛДСП; дуб; Особенности: наст
1858,1858,s2_871,,Мебель,6400,Перегор 1200х40х1800 серый ЛДСП санитарн влагостойк,Тип товара: Перегор; Габариты: 1200х40х1800; Цвет: серый; Материал: ЛДСП; Особенности: санитарн влагостойк
1859,1859,s2_872,,Мебель,11400,Шкаф 500х400х1850 серый металл бухгалт 1-дверный ключ,Тип товара: Шкаф; Габариты: 500х400х1850; Цвет: серый; Материал: металл; Особенности: бухгалт 1-дверный ключ
1860,1860,s2_873,,Мебель,7900,Стол офисный 1400х700х750 белый ЛДСП; металл оператора опора,Тип товара: Стол офисный; Габариты: 1400х700х750; Цвет: белый; Материал: ЛДСП; металл; Особенности: оператора опора
1861,1861,s2_874,,Мебель,1480,Светильник потолочный 600х600 подвес панель 36Вт,Тип товара: Светильник потолочный; Габариты: 600х600; Особенности: подвес панель 36Вт
1862,1862,s2_875,,Мебель,28400,Шкаф антиванд 800х500х1950 3мм трейзор,Тип товара: Шкаф антиванд; Габариты: 800х500х1950; Особенности: 3мм трейзор
1863,1863,s2_876,,Мебель,4900,Столик 400х400х900 хром хром инструмент передв,Тип товара: Столик; Габариты: 400х400х900; Цвет: хром; Материал: хром; Особенности: инструмент передв
1864,1864,s2_877,,Мебель,1850,Перегородка офисный 800х30х400 бежевый ткань экран наст,Тип товара: Перегородка офисный; Габариты: 800х30х400; Цвет: бежевый; Материал: ткань; Особенности: экран наст
1865,1865,s2_878,,Мебель,1100,Светильник аварийный настенный указ выхода,Тип товара: Светильник аварийный; Особенности: настенный указ выхода
1866,1866,s2_879,,Мебель,1700,Жалюзи 1200х1800 серый алюминий горизонтальный серые,Тип товара: Жалюзи; Габариты: 1200х1800; Цвет: серый; Материал: алюминий; Особенности: горизонтальный серые
1867,1867,s2_880,,Мебель,14200,Шкаф для одежды 1200х500х1850 дуб сонома ЛДСП; дуб офисный,Тип товара: Шкаф для одежды; Габариты: 1200х500х1850; Цвет: дуб сонома; Материал: ЛДСП; дуб; Особенности: офисный
1868,1868,s2_881,,Мебель,10700,Стол операторск 1600х700х750 серый с экраном фронт,Тип товара: Стол операторск; Габариты: 1600х700х750; Цвет: серый; Особенности: с экраном фронт
1869,1869,s2_882,,Мебель,2400,Перегородка офисный 1200х30х400 серый ткань экран,Тип товара: Перегородка офисный; Габариты: 1200х30х400; Цвет: серый; Материал: ткань; Особенности: экран
1870,1870,s2_883,,Мебель,16700,Стеллаж лаб 800х400х1850 для реактив 4 пол SS,Тип товара: Стеллаж лаб; Габариты: 800х400х1850; Особенности: для реактив 4 пол SS
1871,1871,s2_884,,Мебель,780,Панель 500х500 декор 3D гипс под покраску,Тип товара: Панель; Габариты: 500х500; Особенности: декор 3D гипс под покраску
1872,1872,s2_885,,Мебель,4400,Стол ученический 600х500 ЛДСП регулируемый 1-местный регулируемый,Тип товара: Стол ученический; Габариты: 600х500; Материал: ЛДСП; Особенности: регулируемый 1-местный регулируемый
1873,1873,s2_886,,Мебель,12400,Стол перегов 1800х900х750 белый ЛДСП овальн,Тип товара: Стол перегов; Габариты: 1800х900х750; Цвет: белый; Материал: ЛДСП; Особенности: овальн
1874,1874,s2_887,,Мебель,4100,Стол ресторан 700х700х750 белый ЛДСП; металл опора,Тип товара: Стол ресторан; Габариты: 700х700х750; Цвет: белый; Материал: ЛДСП; металл; Особенности: опора
1875,1875,s2_888,,Мебель,5200,Шкаф для одежды 300х500х1850 металл офисный 1-секционный,Тип товара: Шкаф для одежды; Габариты: 300х500х1850; Материал: металл; Особенности: офисный 1-секционный
1876,1876,s2_889,,Мебель,2200,Кресло посетит серый металл; сетка штабел каркас,Тип товара: Кресло посетит; Цвет: серый; Материал: металл; сетка; Особенности: штабел каркас
1877,1877,s2_890,,Мебель,6400,Раздевалка 300х500х1850 шкаф ЛОК 1-секционный ключ,Тип товара: Раздевалка; Габариты: 300х500х1850; Особенности: шкаф ЛОК 1-секционный ключ
1878,1878,s2_891,,Мебель,22400,Шкаф угловой 800х800х2200 венге ЛДСП зерк,Тип товара: Шкаф угловой; Габариты: 800х800х2200; Цвет: венге; Материал: ЛДСП; Особенности: зерк
1879,1879,s2_892,,Мебель,8400,Стеллаж 1500х500х2200 металл сборн 5 пол 200кг/п,Тип товара: Стеллаж; Габариты: 1500х500х2200; Материал: металл; Особенности: сборн 5 пол 200кг/п
1880,1880,s2_893,,Мебель,7200,Кухонный модуль 800х500х820 белый ЛДСП офисный ниж,Тип товара: Кухонный модуль; Габариты: 800х500х820; Цвет: белый; Материал: ЛДСП; Особенности: офисный ниж
1881,1881,s2_894,,Мебель,9400,Перегородка офисный 1200х40х1800 прозрачный алюминий; стекло со,Тип товара: Перегородка офисный; Габариты: 1200х40х1800; Цвет: прозрачный; Материал: алюминий; стекло; Особенности: со
1882,1882,s2_895,,Мебель,14700,Витрина торгов 1000х500х1100 венге ЛДСП; стекло со,Тип товара: Витрина торгов; Габариты: 1000х500х1100; Цвет: венге; Материал: ЛДСП; стекло; Особенности: со
1883,1883,s2_896,,Мебель,16400,Зона чёрный; хром хром; экокожа ожидан диван 2-местный,Тип товара: Зона; Цвет: чёрный; хром; Материал: хром; экокожа; Особенности: ожидан диван 2-местный
1884,1884,s2_897,,Мебель,112400,Витрина холодильный 1200х700х1350 стекло кондитерский изогнутое,Тип товара: Витрина холодильный; Габариты: 1200х700х1350; Материал: стекло; Особенности: кондитерский изогнутое
1885,1885,s2_898,,Мебель,14500,Матрас 1600х2000 ортопед беспр 5-зон пенополиур,Тип товара: Матрас; Габариты: 1600х2000; Особенности: ортопед беспр 5-зон пенополиур
1886,1886,s2_899,,Мебель,28400,Кушетка гинекол 1900х650х900 белый экокожа регулируемый,Тип товара: Кушетка гинекол; Габариты: 1900х650х900; Цвет: белый; Материал: экокожа; Особенности: регулируемый
1887,1887,s2_900,,Мебель,1980,Дорожка 800х2000 серый ковр синтет,Тип товара: Дорожка; Габариты: 800х2000; Цвет: серый; Особенности: ковр синтет
1888,1888,s2_901,,Мебель,13700,Шкаф инструмент 800х400х1850 с полки 4 пол ключ,Тип товара: Шкаф инструмент; Габариты: 800х400х1850; Особенности: с полки 4 пол ключ
1889,1889,s2_902,,Мебель,480,Сетевой чёрный фильтр 5 розет 3м,Тип товара: Сетевой; Цвет: чёрный; Особенности: фильтр 5 розет 3м
1890,1890,s2_903,,Мебель,18400,Прилавок-стойка 1500х800х900 серый ЛДСП кассов угловой,Тип товара: Прилавок-стойка; Габариты: 1500х800х900; Цвет: серый; Материал: ЛДСП; Особенности: кассов угловой
1891,1891,s2_904,,Мебель,62400,Бенч-система 3600х1400х750 белый ЛДСП 6-местный,Тип товара: Бенч-система; Габариты: 3600х1400х750; Цвет: белый; Материал: ЛДСП; Особенности: 6-местный
1892,1892,s2_905,,Мебель,5100,Кухонный модуль 1000х300х720 офисный верхний со створк,Тип товара: Кухонный модуль; Габариты: 1000х300х720; Особенности: офисный верхний со створк
1893,1893,s2_906,,Мебель,7100,Тумба 600х450х750 серый; дуб сонома ЛДСП; дуб сервисн 4 ящика замок А4,Тип товара: Тумба; Габариты: 600х450х750; Цвет: серый; дуб сонома; Материал: ЛДСП; дуб; Особенности: сервисн 4 ящика замок А4
1894,1894,s2_907,,Мебель,2100,Стул-табурет офисный серый сетка газ лифт регулируемый,Тип товара: Стул-табурет офисный; Цвет: серый; Материал: сетка; Особенности: газ лифт регулируемый
1895,1895,s2_908,,Мебель,2100,Перегородка офисный 1000х30х400 серый ткань экран наст,Тип товара: Перегородка офисный; Габариты: 1000х30х400; Цвет: серый; Материал: ткань; Особенности: экран наст
1896,1896,s2_909,,Мебель,38700,Верстак 2000х750х950 сталь автосервис усиленный 3мм 6 ящики,Тип товара: Верстак; Габариты: 2000х750х950; Материал: сталь; Особенности: автосервис усиленный 3мм 6 ящики
1897,1897,s2_910,,Мебель,1480,Стул банкетный чёрный; хром хром; ткань штабел крест,Тип товара: Стул банкетный; Цвет: чёрный; хром; Материал: хром; ткань; Особенности: штабел крест
1898,1898,s2_911,,Мебель,38400,Шкаф архивный 1200х650х2200 металл перекатн,Тип товара: Шкаф архивный; Габариты: 1200х650х2200; Материал: металл; Особенности: перекатн
1899,1899,s2_912,,Мебель,6800,"Кронштейн монит наст 4-х монит ""","Тип товара: Кронштейн; Особенности: монит наст 4-х монит """
1900,1900,s2_913,,Мебель,9700,Шкаф лабораторный 800х400х1850 белый ЛДСП для документов,Тип товара: Шкаф лабораторный; Габариты: 800х400х1850; Цвет: белый; Материал: ЛДСП; Особенности: для документов
1901,1901,s2_914,,Мебель,3800,Доска маркерн 1800х1200 алюминий магн алюминиевая рамка,Тип товара: Доска маркерн; Габариты: 1800х1200; Материал: алюминий; Особенности: магн алюминиевая рамка
1902,1902,s2_915,,Мебель,5290,Стол письменный 1200х600х750 дуб ЛДСП; дуб молоч,Тип товара: Стол письменный; Габариты: 1200х600х750; Цвет: дуб; Материал: ЛДСП; дуб; Особенности: молоч
1903,1903,s2_916,,Мебель,1850,Стеновая 500х500 чёрный ткань панель акуст геом,Тип товара: Стеновая; Габариты: 500х500; Цвет: чёрный; Материал: ткань; Особенности: панель акуст геом
1904,1904,s2_917,,Мебель,1680,Стойка-указатель выставочный чёрный с табл А4,Тип товара: Стойка-указатель выставочный; Цвет: чёрный; Особенности: с табл А4
1905,1905,s2_918,,Мебель,13700,Стол лабораторный серый ЛДСП химостойк 1500х7х900,Тип товара: Стол лабораторный; Цвет: серый; Материал: ЛДСП; Особенности: химостойк 1500х7х900
1906,1906,s2_919,,Мебель,19400,Картотека серый металл 8 ящика А4 ключ,Тип товара: Картотека; Цвет: серый; Материал: металл; Особенности: 8 ящика А4 ключ
1907,1907,s2_920,,Мебель,14800,Стол регул.высоты 1200х700 серый ЛДСП механ,Тип товара: Стол регул.высоты; Габариты: 1200х700; Цвет: серый; Материал: ЛДСП; Особенности: механ
1908,1908,s2_921,,Мебель,17400,Зона бежевый экокожа ожидан диван-секция угловой,Тип товара: Зона; Цвет: бежевый; Материал: экокожа; Особенности: ожидан диван-секция угловой
1909,1909,s2_922,,Мебель,19800,Стеллаж паллетн 2700х1100х4500 дополн нагр 700кг,Тип товара: Стеллаж паллетн; Габариты: 2700х1100х4500; Особенности: дополн нагр 700кг
1910,1910,s2_923,,Мебель,12700,Шкаф медицинский 600х400х1850 серый металл 2-секционный ключ,Тип товара: Шкаф медицинский; Габариты: 600х400х1850; Цвет: серый; Материал: металл; Особенности: 2-секционный ключ
1911,1911,s2_924,,Мебель,2900,Стол-приставка 800х450х750 серый ЛДСП прям,Тип товара: Стол-приставка; Габариты: 800х450х750; Цвет: серый; Материал: ЛДСП; Особенности: прям
1912,1912,s2_925,,Мебель,38400,Стеллаж паллетн 3300х1200х5000 нагр 1200кг/п 4 ур,Тип товара: Стеллаж паллетн; Габариты: 3300х1200х5000; Особенности: нагр 1200кг/п 4 ур
1913,1913,s2_926,,Мебель,19800,Стеллаж химостойк 1000х500х1800 полипроп 4 пол,Тип товара: Стеллаж химостойк; Габариты: 1000х500х1800; Особенности: полипроп 4 пол
1914,1914,s2_927,,Мебель,4100,Стол ресторан 700х700х750 орех ЛДСП; металл опора,Тип товара: Стол ресторан; Габариты: 700х700х750; Цвет: орех; Материал: ЛДСП; металл; Особенности: опора
1915,1915,s2_928,,Мебель,9100,Стеллаж 1200х500х2000 металл 5 пол нагр 200кг/п,Тип товара: Стеллаж; Габариты: 1200х500х2000; Материал: металл; Особенности: 5 пол нагр 200кг/п
1916,1916,s2_929,,Мебель,8400,Стол комп 1100х600х750 серый ЛДСП дет с тумбой,Тип товара: Стол комп; Габариты: 1100х600х750; Цвет: серый; Материал: ЛДСП; Особенности: дет с тумбой
1917,1917,s2_930,,Мебель,11400,Стеллаж торгов 1000х400х2200 чёрный сетка перфор крюч,Тип товара: Стеллаж торгов; Габариты: 1000х400х2200; Цвет: чёрный; Материал: сетка; Особенности: перфор крюч
1918,1918,s2_931,,Мебель,4100,Подиум выставочный 600х600х600 белый ЛДСП квадратный,Тип товара: Подиум выставочный; Габариты: 600х600х600; Цвет: белый; Материал: ЛДСП; Особенности: квадратный
1919,1919,s2_932,,Мебель,1380,Стул офисный чёрный; хром хром; ткань посетит штабел,Тип товара: Стул офисный; Цвет: чёрный; хром; Материал: хром; ткань; Особенности: посетит штабел
1920,1920,s2_933,,Мебель,24700,Верстак 1800х1800х900 сталь слесарн угловой 2мм 4 ящики,Тип товара: Верстак; Габариты: 1800х1800х900; Материал: сталь; Особенности: слесарн угловой 2мм 4 ящики
1921,1921,s2_934,,Мебель,7900,Шкаф офисный 800х450х1200 белый ЛДСП со створками,Тип товара: Шкаф офисный; Габариты: 800х450х1200; Цвет: белый; Материал: ЛДСП; Особенности: со створками
1922,1922,s2_935,,Мебель,5750,Стол письменный 1400х600х750 дуб сонома ЛДСП; дуб,Тип товара: Стол письменный; Габариты: 1400х600х750; Цвет: дуб сонома; Материал: ЛДСП; дуб
1923,1923,s2_936,,Мебель,3700,Кресло посетит бежевый; хром хром; экокожа на полозьях штабел,Тип товара: Кресло посетит; Цвет: бежевый; хром; Материал: хром; экокожа; Особенности: на полозьях штабел
1924,1924,s2_937,,Мебель,38400,Шкаф огнестойкий 600х450х1850 документальный 30мин ключ,Тип товара: Шкаф огнестойкий; Габариты: 600х450х1850; Особенности: документальный 30мин ключ
1925,1925,s2_938,,Мебель,14800,Двуспальный 1600х2000 венге ЛДСП кровать ламель,Тип товара: Двуспальный; Габариты: 1600х2000; Цвет: венге; Материал: ЛДСП; Особенности: кровать ламель
1926,1926,s2_939,,Мебель,480,Урна офисный чёрный металл 15л,Тип товара: Урна офисный; Цвет: чёрный; Материал: металл; Особенности: 15л
1927,1927,s2_940,,Мебель,5400,Комод 4 800х400х900 белый ЛДСП ящика,Тип товара: Комод 4; Габариты: 800х400х900; Цвет: белый; Материал: ЛДСП; Особенности: ящика
1928,1928,s2_941,,Мебель,21700,Шкаф химический 600х500х1850 белый лаб 1-дверный вытяж,Тип товара: Шкаф химический; Габариты: 600х500х1850; Цвет: белый; Особенности: лаб 1-дверный вытяж
1929,1929,s2_942,,Мебель,19800,Диван офисный чёрный экокожа 3-местный,Тип товара: Диван офисный; Цвет: чёрный; Материал: экокожа; Особенности: 3-местный
1930,1930,s2_943,,Мебель,8650,Стол офисный 1600х700х750 белый ЛДСП оператора,Тип товара: Стол офисный; Габариты: 1600х700х750; Цвет: белый; Материал: ЛДСП; Особенности: оператора
1931,1931,s2_944,,Мебель,7900,Сейф офисный 350х450х400 электрон замок 18,Тип товара: Сейф офисный; Габариты: 350х450х400; Особенности: электрон замок 18
1932,1932,s2_945,,Мебель,8900,Шкаф одежный 600х500х1850 белый металл офисный 2-секционный,Тип товара: Шкаф одежный; Габариты: 600х500х1850; Цвет: белый; Материал: металл; Особенности: офисный 2-секционный
1933,1933,s2_946,,Мебель,6700,Тумбочка 1200х400х450 дуб ЛДСП; дуб под ТВ гостевой,Тип товара: Тумбочка; Габариты: 1200х400х450; Цвет: дуб; Материал: ЛДСП; дуб; Особенности: под ТВ гостевой
1934,1934,s2_947,,Мебель,1380,Лампа чёрный металл наст офисный основание регулируемый,Тип товара: Лампа; Цвет: чёрный; Материал: металл; Особенности: наст офисный основание регулируемый
1935,1935,s2_948,,Мебель,11400,Стол письменный 1600х700х750 белый ЛДСП с надстр,Тип товара: Стол письменный; Габариты: 1600х700х750; Цвет: белый; Материал: ЛДСП; Особенности: с надстр
1936,1936,s2_949,,Мебель,13700,Шкаф документальный 800х400х2200 с антресол высокий,Тип товара: Шкаф документальный; Габариты: 800х400х2200; Особенности: с антресол высокий
1937,1937,s2_950,,Мебель,6400,Зона 800х500х450 хром хром; стекло ожидан журн стол,Тип товара: Зона; Габариты: 800х500х450; Цвет: хром; Материал: хром; стекло; Особенности: ожидан журн стол
1938,1938,s2_951,,Мебель,1680,Стул чёрный металл; пластик кафе металлические ножки интерьер лофт,Тип товара: Стул; Цвет: чёрный; Материал: металл; пластик; Особенности: кафе металлические ножки интерьер лофт
1939,2930,s4_1,ЯР-PL-B16,Мебель,1400,Ящик 60х40х35 синий пластик с колёсами 45л; ТМ: Алтек,Тип товара: Ящик; Габариты: 60х40х35; Цвет: синий; Материал: пластик; Особенности: с колёсами 45л; ТМ: Алтек
1940,2931,s4_2,СТЖ-906-C58,Мебель,6200,Столик журнальный Аделина 90х50х45 МДФ глянец; ТМ: Lazurit,Тип товара: Столик журнальный; Наименование: Аделина; Габариты: 90х50х45; Материал: МДФ; Особенности: глянец; ТМ: Lazurit
1941,2932,s4_3,БАН-1004-C80,Мебель,5400,Банкетка Брест 100х35х45 бежевый микровельвет; ткань ТМ: Anrex,Тип товара: Банкетка; Наименование: Брест; Габариты: 100х35х45; Цвет: бежевый; Материал: микровельвет; ткань; Особенности: ТМ: Anrex
1942,2933,s4_4,ЗЕР-6080-C56,Мебель,4400,Зеркало Стокгольм 60х80 дуб сонома настенный рама; ТМ: Anrex,Тип товара: Зеркало; Наименование: Стокгольм; Габариты: 60х80; Цвет: дуб сонома; Особенности: настенный рама; ТМ: Anrex
1943,2934,s4_5,ПР-1206-781,Мебель,19800,Прихожая Аркада 120х30х205 дуб ЛДСП модульный; ТМ: Сокол,Тип товара: Прихожая; Наименование: Аркада; Габариты: 120х30х205; Цвет: дуб; Материал: ЛДСП; Особенности: модульный; ТМ: Сокол
1944,2935,s4_6,КОМ-705-943,Мебель,8700,Комод Капитошка 70х40х80 белый/розовый детский 4-ящик; ТМ: Mr. Doors,Тип товара: Комод; Наименование: Капитошка; Габариты: 70х40х80; Цвет: белый/розовый; Особенности: детский 4-ящик; ТМ: Mr. Doors
1945,2936,s4_7,ОБВ-1004-B32,Мебель,7200,Обувница 100х25х100 венге ЛДСП 5-секц; ТМ: Икар,Тип товара: Обувница; Габариты: 100х25х100; Цвет: венге; Материал: ЛДСП; Особенности: 5-секц; ТМ: Икар
1946,2937,s4_8,МТР-1620-F21,Мебель,31800,Матрас Promtex Silver 160х200 пружинный 5 зон; ТМ: Promtex,Тип товара: Матрас; Наименование: Promtex Silver; Габариты: 160х200; Особенности: пружинный 5 зон; ТМ: Promtex
1947,2938,s4_9,БАН-1004-C34,Мебель,7600,Банкетка Прованс 100х40х48 бежевый ткань; льняная ТМ: Лером,Тип товара: Банкетка; Наименование: Прованс; Габариты: 100х40х48; Цвет: бежевый; Материал: ткань; льняная; Особенности: ТМ: Лером
1948,2939,s4_10,ТУС-1004-B67,Мебель,12800,Туалетный столик Стокгольм 100х45х80 дуб сонома ЛДСП туал столик; ТМ: Anrex,Тип товара: Туалетный столик; Наименование: Стокгольм; Габариты: 100х45х80; Цвет: дуб сонома; Материал: ЛДСП; Особенности: туал столик; ТМ: Anrex
1949,2940,s4_11,ДЕТ-ЮН-016,Мебель,3200,Пуф Юниор 40х40х42 ткань детский с ящик бирюз; ТМ: Любимый дом,Тип товара: Пуф; Наименование: Юниор; Габариты: 40х40х42; Материал: ткань; Особенности: детский с ящик бирюз; ТМ: Любимый дом
1950,2941,s4_12,ДУ-2602-807,Мебель,58400,Диван Каир рогожка дельфин тёмн серая; ТМ: Pushe,Тип товара: Диван; Наименование: Каир; Материал: рогожка; Особенности: дельфин тёмн серая; ТМ: Pushe
1951,2942,s4_13,ШК-2106-185,Мебель,42800,Шкаф-купе 210х60х220 венге 4-дверный зерк; ТМ: Hoff,Тип товара: Шкаф-купе; Габариты: 210х60х220; Цвет: венге; Особенности: 4-дверный зерк; ТМ: Hoff
1952,2943,s4_14,КО-TC-D96,Мебель,19800,Кресло Tetchair Pilot чёрный экокожа; кожа геймер RGB; ТМ: Tetchair,Тип товара: Кресло; Наименование: Tetchair Pilot; Цвет: чёрный; Материал: экокожа; кожа; Особенности: геймер RGB; ТМ: Tetchair
1953,2944,s4_15,ДУ-3001-C23,Мебель,87800,Диван Манхэттен коричневый кожа модульный; ТМ: Сонум,Тип товара: Диван; Наименование: Манхэттен; Цвет: коричневый; Материал: кожа; Особенности: модульный; ТМ: Сонум
1954,2945,s4_16,КОМ-1305-B65,Мебель,17800,Комод Орхидея 130х45х100 дуб ЛДСП XL мол; ТМ: Лером,Тип товара: Комод; Наименование: Орхидея; Габариты: 130х45х100; Цвет: дуб; Материал: ЛДСП; Особенности: XL мол; ТМ: Лером
1955,2946,s4_17,ОБ-1808-E37,Мебель,38400,Стол обеденный 220х90 дуб массив дуб раздв 180; ТМ: Mebelain,Тип товара: Стол обеденный; Габариты: 220х90; Цвет: дуб; Материал: массив дуб; Особенности: раздв 180; ТМ: Mebelain
1956,2947,s4_18,ШП-2206-563,Мебель,87400,Шкаф платяной Премиум 220х65х225 шпон 4-дверный; ТМ: Лером,Тип товара: Шкаф платяной; Наименование: Премиум; Габариты: 220х65х225; Материал: шпон; Особенности: 4-дверный; ТМ: Лером
1957,2948,s4_19,МТР-1820-A73,Мебель,33400,Матрас Vegas Soft 180х200 пена мемори беспружинный; ТМ: Vegas,Тип товара: Матрас; Наименование: Vegas Soft; Габариты: 180х200; Материал: пена мемори; Особенности: беспружинный; ТМ: Vegas
1958,2949,s4_20,КВ-09015,Мебель,4200,Ковёр 90х150 бежевый шерсть прикроватный классик; ТМ: Витебск,Тип товара: Ковёр; Габариты: 90х150; Цвет: бежевый; Материал: шерсть; Особенности: прикроватный классик; ТМ: Витебск
1959,2950,s4_21,ТВ-1204-555,Мебель,6900,Тумба ТВ белый ЛДСП 120 глян; ТМ: Eltap,Тип товара: Тумба ТВ; Цвет: белый; Материал: ЛДСП; Особенности: 120 глян; ТМ: Eltap
1960,2951,s4_22,ТВ-1804-011,Мебель,9100,Тумба ТВ 180х50х50 венге ЛДСП угловой; ТМ: Сокол,Тип товара: Тумба ТВ; Габариты: 180х50х50; Цвет: венге; Материал: ЛДСП; Особенности: угловой; ТМ: Сокол
1961,2952,s4_23,ПЛ-ВЛ-932,Мебель,2400,Плед 150х200 графит велюр однотонный; ТМ: Этель,Тип товара: Плед; Габариты: 150х200; Цвет: графит; Материал: велюр; Особенности: однотонный; ТМ: Этель
1962,2953,s4_24,КАК-7575-D42,Мебель,19800,Кресло Аскона Меган графит велюр вращ; ТМ: Аскона,Тип товара: Кресло; Наименование: Аскона Меган; Цвет: графит; Материал: велюр; Особенности: вращ; ТМ: Аскона
1963,2954,s4_25,ЗЕР-5070-C79,Мебель,4200,Зеркало Брест 50х30х110 белый ЛДСП с полкой; ТМ: Anrex,Тип товара: Зеркало; Наименование: Брест; Габариты: 50х30х110; Цвет: белый; Материал: ЛДСП; Особенности: с полкой; ТМ: Anrex
1964,2955,s4_26,КГ-OS-B55,Мебель,32400,Кухонн. Кантри 100х80х90 бежевый МДФ остров; ТМ: Stolline,Тип товара: Кухонн.; Наименование: Кантри; Габариты: 100х80х90; Цвет: бежевый; Материал: МДФ; Особенности: остров; ТМ: Stolline
1965,2956,s4_27,КО-BR-A91,Мебель,24800,Кресло руководителя Бюрократ T-995 коричневый кожа хром; ТМ: Бюрократ,Тип товара: Кресло руководителя; Наименование: Бюрократ T-995; Цвет: коричневый; Материал: кожа; Особенности: хром; ТМ: Бюрократ
1966,2957,s4_28,ШП-1506-660,Мебель,31200,Шкаф платяной Норд 150х60х220 3-дверный артизан; ТМ: Anrex,Тип товара: Шкаф платяной; Наименование: Норд; Габариты: 150х60х220; Особенности: 3-дверный артизан; ТМ: Anrex
1967,2958,s4_29,КВ-16023,Мебель,9200,Ковёр 160х230 серый вискоза модерн; ТМ: Меринос,Тип товара: Ковёр; Габариты: 160х230; Цвет: серый; Материал: вискоза; Особенности: модерн; ТМ: Меринос
1968,2959,s4_30,МТР-1820-F19,Мебель,25800,Матрас Optima Plus 180х200 пружинный независимый зональный; ТМ: Аскона,Тип товара: Матрас; Наименование: Optima Plus; Габариты: 180х200; Особенности: пружинный независимый зональный; ТМ: Аскона
1969,2960,s4_31,КШ-1006-764,Мебель,18400,Шкаф Атриум 100х35х210 венге книжн модульный; ТМ: Mebelain,Тип товара: Шкаф; Наименование: Атриум; Габариты: 100х35х210; Цвет: венге; Особенности: книжн модульный; ТМ: Mebelain
1970,2961,s4_32,ШП-1606-B66,Мебель,48700,Шкаф платяной Карина 160х60х225 графит МДФ 3-дверный; ТМ: Lazurit,Тип товара: Шкаф платяной; Наименование: Карина; Габариты: 160х60х225; Цвет: графит; Материал: МДФ; Особенности: 3-дверный; ТМ: Lazurit
1971,2962,s4_33,СТ-1206-C93,Мебель,5100,Стол письменный 120х60 венге ЛДСП ТМ: Anrex,Тип товара: Стол письменный; Габариты: 120х60; Цвет: венге; Материал: ЛДСП; Особенности: ТМ: Anrex
1972,2963,s4_34,КОМ-1205-252,Мебель,11800,Комод 120х40х95 венге ЛДСП 6-ящик; ТМ: Anrex,Тип товара: Комод; Габариты: 120х40х95; Цвет: венге; Материал: ЛДСП; Особенности: 6-ящик; ТМ: Anrex
1973,2964,s4_35,МДУЛ-806-A40,Мебель,14400,Шкаф Гранд 80х40х210 белый МДФ модуль узк глянец; ТМ: Hoff,Тип товара: Шкаф; Наименование: Гранд; Габариты: 80х40х210; Цвет: белый; Материал: МДФ; Особенности: модуль узк глянец; ТМ: Hoff
1974,2965,s4_36,БАН-1004-966,Мебель,7400,Банкетка Лагуна 100х40х48 экокожа; кожа белая; ТМ: Anrex,Тип товара: Банкетка; Наименование: Лагуна; Габариты: 100х40х48; Материал: экокожа; кожа; Особенности: белая; ТМ: Anrex
1975,2966,s4_37,ДУ-2801-606,Мебель,52400,Диван Малибу серый рогожка еврокнижка,Тип товара: Диван; Наименование: Малибу; Цвет: серый; Материал: рогожка; Особенности: еврокнижка
1976,2967,s4_38,ВТ-606-218,Мебель,2400,Вешалка 60х170 чёрный металл напольный; ТМ: Икар,Тип товара: Вешалка; Габариты: 60х170; Цвет: чёрный; Материал: металл; Особенности: напольный; ТМ: Икар
1977,2968,s4_39,КОМ-805-F08,Мебель,14800,Комод Версаль 80х45х80 слоновая кость МДФ 3-ящик глянец; ТМ: Lazurit,Тип товара: Комод; Наименование: Версаль; Габариты: 80х45х80; Цвет: слоновая кость; Материал: МДФ; Особенности: 3-ящик глянец; ТМ: Lazurit
1978,2969,s4_40,ДЕТ-TET-013,Мебель,12400,Комод Tetris 100х40х95 дуб ЛДСП 5-ящик артизан; ТМ: Mr Doors,Тип товара: Комод; Наименование: Tetris; Габариты: 100х40х95; Цвет: дуб; Материал: ЛДСП; Особенности: 5-ящик артизан; ТМ: Mr Doors
1979,2970,s4_41,КО-868-007,Мебель,7600,Кресло офисное Бюрократ CH-868 сетка кресло офисный синяя,Тип товара: Кресло офисное; Наименование: Бюрократ CH-868; Материал: сетка; Особенности: кресло офисный синяя
1980,2971,s4_42,КО-CHR-D93,Мебель,5800,Кресло Chairman 736 ткань посет серая (2 шт); ТМ: Chairman,Тип товара: Кресло; Наименование: Chairman 736; Материал: ткань; Особенности: посет серая (2 шт); ТМ: Chairman
1981,2972,s4_43,СТ-1306-711,Мебель,6800,Стол письменный Стокгольм 130х60 дуб сонома ЛДСП ТМ: Anrex,Тип товара: Стол письменный; Наименование: Стокгольм; Габариты: 130х60; Цвет: дуб сонома; Материал: ЛДСП; Особенности: ТМ: Anrex
1982,2973,s4_44,ШП-1806-F26,Мебель,48700,Шкаф платяной 180х60х230 белый ЛДСП 4-дверный; ТМ: Лазурит,Тип товара: Шкаф платяной; Габариты: 180х60х230; Цвет: белый; Материал: ЛДСП; Особенности: 4-дверный; ТМ: Лазурит
1983,2974,s4_45,КШ-8060-D70,Мебель,3700,Шкаф кухонный 80х30х72 дуб сонома ЛДСП навесной; ТМ: Сокол,Тип товара: Шкаф кухонный; Габариты: 80х30х72; Цвет: дуб сонома; Материал: ЛДСП; Особенности: навесной; ТМ: Сокол
1984,2975,s4_46,ДН-2400-D24,Мебель,62400,Диван Аскона Лагуна капучино шенилл еврокнижка; ТМ: Аскона,Тип товара: Диван; Наименование: Аскона Лагуна; Цвет: капучино; Материал: шенилл; Особенности: еврокнижка; ТМ: Аскона
1985,2976,s4_47,ВТ-806-B30,Мебель,3800,Вешалка 80х175 дуб стойка деревянный с крючк; ТМ: Икар,Тип товара: Вешалка; Габариты: 80х175; Цвет: дуб; Особенности: стойка деревянный с крючк; ТМ: Икар
1986,2977,s4_48,МТР-0920-D10,Мебель,16800,Матрас Vegas Soft 90х200 пена мемори беспружинный; ТМ: Vegas,Тип товара: Матрас; Наименование: Vegas Soft; Габариты: 90х200; Материал: пена мемори; Особенности: беспружинный; ТМ: Vegas
1987,2978,s4_49,БАН-1104-C73,Мебель,5800,Банкетка Гомель 110х35х48 ткань обувница серая; ТМ: Anrex,Тип товара: Банкетка; Наименование: Гомель; Габариты: 110х35х48; Материал: ткань; Особенности: обувница серая; ТМ: Anrex
1988,2979,s4_50,ДЕТ-ШК-020,Мебель,13800,«школьник» Школьник 120х60 бежевый уголок школьн с полкой; ТМ: Любимый дом,Тип товара: «школьник»; Наименование: Школьник; Габариты: 120х60; Цвет: бежевый; Особенности: уголок школьн с полкой; ТМ: Любимый дом
1989,2980,s4_51,ЛНП-200-E13,Мебель,8400,Торшер LED 200 см smart RGB управл с тлф; ТМ: Navigator,Тип товара: Торшер; Особенности: LED 200 см smart RGB управл с тлф; ТМ: Navigator
1990,2981,s4_52,КП-2006-785,Мебель,31700,Прихожая Скандик 200х35х215 белый ЛДСП компл; ТМ: Икар,Тип товара: Прихожая; Наименование: Скандик; Габариты: 200х35х215; Цвет: белый; Материал: ЛДСП; Особенности: компл; ТМ: Икар
1991,2982,s4_53,МТР-1620-A66,Мебель,19800,Матрас Optima 160х200 пружинный независимый эконом; ТМ: Аскона,Тип товара: Матрас; Наименование: Optima; Габариты: 160х200; Особенности: пружинный независимый эконом; ТМ: Аскона
1992,2983,s4_54,ШО-1806-385,Мебель,14700,Шкаф офисный 180х40х200 дуб ЛДСП ТМ: Бюрократ,Тип товара: Шкаф офисный; Габариты: 180х40х200; Цвет: дуб; Материал: ЛДСП; Особенности: ТМ: Бюрократ
1993,2984,s4_55,ТУС-1104-705,Мебель,17400,Туалетный столик Орхидея 110х45х80 дуб МДФ туал столик мол; ТМ: Лером,Тип товара: Туалетный столик; Наименование: Орхидея; Габариты: 110х45х80; Цвет: дуб; Материал: МДФ; Особенности: туал столик мол; ТМ: Лером
1994,2985,s4_56,БАН-1004-707,Мебель,7800,Банкетка Орхидея 100х40х48 ткань пыльн роза; ТМ: Лером,Тип товара: Банкетка; Наименование: Орхидея; Габариты: 100х40х48; Материал: ткань; Особенности: пыльн роза; ТМ: Лером
1995,2986,s4_57,КР-1820-117,Мебель,28400,Кровать 180х200 белый ЛДСП дв ортопед осн; ТМ: Mr. Doors,Тип товара: Кровать; Габариты: 180х200; Цвет: белый; Материал: ЛДСП; Особенности: дв ортопед осн; ТМ: Mr. Doors
1996,2987,s4_58,ШК-1806-174,Мебель,33700,Шкаф-купе 180х60х220 белый ЛДСП 3-дверный; ТМ: Hoff,Тип товара: Шкаф-купе; Габариты: 180х60х220; Цвет: белый; Материал: ЛДСП; Особенности: 3-дверный; ТМ: Hoff
1997,2988,s4_59,ШО-1206-B45,Мебель,15800,Шкаф 120х40х200 венге ЛДСП архивн; ТМ: Бюрократ,Тип товара: Шкаф; Габариты: 120х40х200; Цвет: венге; Материал: ЛДСП; Особенности: архивн; ТМ: Бюрократ
1998,2989,s4_60,КР-0820-951,Мебель,19800,Кровать Школьник 80х190 ЛДСП чердак бук/зелён; ТМ: Любимый дом,Тип товара: Кровать; Наименование: Школьник; Габариты: 80х190; Материал: ЛДСП; Особенности: чердак бук/зелён; ТМ: Любимый дом
1999,2990,s4_61,ЛН-USB-911,Мебель,1100,Лампа пластик дет ночник звёзды LED USB; ТМ: Camelion,Тип товара: Лампа; Материал: пластик; Особенности: дет ночник звёзды LED USB; ТМ: Camelion
2000,2991,s4_62,КШ-9080-A13,Мебель,8900,Шкаф кухонный 90х60х85 бежевый МДФ напольный сушка; ТМ: Stolline,Тип товара: Шкаф кухонный; Габариты: 90х60х85; Цвет: бежевый; Материал: МДФ; Особенности: напольный сушка; ТМ: Stolline
2001,2992,s4_63,ШП-2006-724,Мебель,67800,Шкаф платяной Карина 200х60х230 графит МДФ 5-дверный; ТМ: Lazurit,Тип товара: Шкаф платяной; Наименование: Карина; Габариты: 200х60х230; Цвет: графит; Материал: МДФ; Особенности: 5-дверный; ТМ: Lazurit
2002,2993,s4_64,КО-815-099,Мебель,13700,Кресло руководителя чёрный экокожа; кожа хром; ТМ: Бюрократ,Тип товара: Кресло руководителя; Цвет: чёрный; Материал: экокожа; кожа; Особенности: хром; ТМ: Бюрократ
2003,2994,s4_65,БС-4080-871,Мебель,4400,Стул 40х40х80 чёрный; ясень металл барн вращ сидение; ТМ: Tetchair,Тип товара: Стул; Габариты: 40х40х80; Цвет: чёрный; ясень; Материал: металл; Особенности: барн вращ сидение; ТМ: Tetchair
2004,2995,s4_66,ШК-2406-022,Мебель,45900,Шкаф-купе Берлин 240х60х220 дуб сонома 3-дверный зерк; ТМ: Hoff,Тип товара: Шкаф-купе; Наименование: Берлин; Габариты: 240х60х220; Цвет: дуб сонома; Особенности: 3-дверный зерк; ТМ: Hoff
2005,2996,s4_67,МТР-0820-D05,Мебель,22400,Матрас Vita Plus 80х200 латекс пружинный независимый; ТМ: Орматек,Тип товара: Матрас; Наименование: Vita Plus; Габариты: 80х200; Материал: латекс; Особенности: пружинный независимый; ТМ: Орматек
2006,2997,s4_68,ПР-ИКР-015,Мебель,5200,Банкетка Норд 80х35х48 ткань обувница серая; ТМ: Икар,Тип товара: Банкетка; Наименование: Норд; Габариты: 80х35х48; Материал: ткань; Особенности: обувница серая; ТМ: Икар
2007,2998,s4_69,ТУС-1104-C16,Мебель,13800,Туалетный столик Лион 110х45х80 ЛДСП туал столик артизан; ТМ: Mr. Doors,Тип товара: Туалетный столик; Наименование: Лион; Габариты: 110х45х80; Материал: ЛДСП; Особенности: туал столик артизан; ТМ: Mr. Doors
2008,2999,s4_70,ССТ-805-505,Мебель,9700,Стеллаж Лофт 80х30х180 металлический каркас; металл 5 полок; ТМ: Eltap,Тип товара: Стеллаж; Наименование: Лофт; Габариты: 80х30х180; Материал: металлический каркас; металл; Особенности: 5 полок; ТМ: Eltap
2009,3000,s4_71,ДН-2200-801,Мебель,42800,Диван Норд рогожка еврокнижка серая; ТМ: Hoff,Тип товара: Диван; Наименование: Норд; Материал: рогожка; Особенности: еврокнижка серая; ТМ: Hoff
2010,3001,s4_72,ОБ-1408-070,Мебель,14800,Стол обеденный 140х80 белый МДФ глянец; ТМ: Stolline,Тип товара: Стол обеденный; Габариты: 140х80; Цвет: белый; Материал: МДФ; Особенности: глянец; ТМ: Stolline
2011,3002,s4_73,ПР-ANR-D77,Мебель,5800,Зеркало Гомель 60х30х110 дуб ЛДСП с полкой; ТМ: Anrex,Тип товара: Зеркало; Наименование: Гомель; Габариты: 60х30х110; Цвет: дуб; Материал: ЛДСП; Особенности: с полкой; ТМ: Anrex
2012,3003,s4_74,КОМ-1304-723,Мебель,21400,Комод Карина 130х45х95 графит МДФ 5-ящик; ТМ: Lazurit,Тип товара: Комод; Наименование: Карина; Габариты: 130х45х95; Цвет: графит; Материал: МДФ; Особенности: 5-ящик; ТМ: Lazurit
2013,3004,s4_75,МТР-1520-D19,Мебель,28400,Матрас Promtex Silver 150х200 пружинный 5 зон; ТМ: Promtex,Тип товара: Матрас; Наименование: Promtex Silver; Габариты: 150х200; Особенности: пружинный 5 зон; ТМ: Promtex
2014,3005,s4_76,ДЕТ-,Мебель,14200,Стол письменный Tetris 120х65 дуб ЛДСП трансформ артизан; ТМ: Mr. Doors,Тип товара: Стол письменный; Наименование: Tetris; Габариты: 120х65; Цвет: дуб; Материал: ЛДСП; Особенности: трансформ артизан; ТМ: Mr. Doors
2015,3006,s4_77,ШК-2406-747,Мебель,78400,Шкаф-купе Флоренция 240х65х230 ясень шпон 3-дверный; ТМ: Mebelain,Тип товара: Шкаф-купе; Наименование: Флоренция; Габариты: 240х65х230; Цвет: ясень; Материал: шпон; Особенности: 3-дверный; ТМ: Mebelain
2016,3007,s4_78,БАН-1204-174,Мебель,6900,Банкетка 120х35х50 венге ЛДСП с обувница; ТМ: СБК,Тип товара: Банкетка; Габариты: 120х35х50; Цвет: венге; Материал: ЛДСП; Особенности: с обувница; ТМ: СБК
2017,3008,s4_79,ДН-2200-D37,Мебель,42700,Диван Eltap Орегон рогожка еврокнижка терракот; ТМ: Eltap,Тип товара: Диван; Наименование: Eltap Орегон; Материал: рогожка; Особенности: еврокнижка терракот; ТМ: Eltap
2018,3009,s4_80,стол,Мебель,5200,Письменный 120х60 белый ЛДСП ТМ: Anrex,Тип товара: Письменный; Габариты: 120х60; Цвет: белый; Материал: ЛДСП; Особенности: ТМ: Anrex
2019,3010,s4_81,ПР-ИКР-D80,Мебель,32400,Прихожая Норд XL 200х30х215 белый ЛДСП модульный; ТМ: Икар,Тип товара: Прихожая; Наименование: Норд XL; Габариты: 200х30х215; Цвет: белый; Материал: ЛДСП; Особенности: модульный; ТМ: Икар
2020,3011,s4_82,ВН-АКТ-E51,Мебель,28400,Тумба Лондон комплект ванный +зеркало; ТМ: Mebelain.,Тип товара: Тумба; Наименование: Лондон; Особенности: комплект ванный +зеркало; ТМ: Mebelain.
2021,3012,s4_83,ВН-ГРЦ-017,Мебель,15800,Тумба под раковину Прованс 70х45х85 бежевый МДФ тумба под раковина; ТМ: Грация,Тип товара: Тумба под раковину; Наименование: Прованс; Габариты: 70х45х85; Цвет: бежевый; Материал: МДФ; Особенности: тумба под раковина; ТМ: Грация
2022,3013,s4_84,СТО-1407-429,Мебель,11700,Стол офисный 140х70 белый ЛДСП с тумб; ТМ: Бюрократ,Тип товара: Стол офисный; Габариты: 140х70; Цвет: белый; Материал: ЛДСП; Особенности: с тумб; ТМ: Бюрократ
2023,3014,s4_85,МТР-1820-835,Мебель,52800,Матрас Премиум 180х200 натуральный латекс 7 зон; ТМ: Аскона,Тип товара: Матрас; Наименование: Премиум; Габариты: 180х200; Цвет: натуральный; Материал: латекс; Особенности: 7 зон; ТМ: Аскона
2024,3015,s4_86,БС-4585-873,Мебель,5400,Стул 45х40х85 коричневый экокожа; кожа барн со спин хром; ТМ: Tetchair,Тип товара: Стул; Габариты: 45х40х85; Цвет: коричневый; Материал: экокожа; кожа; Особенности: барн со спин хром; ТМ: Tetchair
2025,3016,s4_87,ЛТ-LED-E08,Мебель,1800,Светильник потолоч LED 36Вт круг ультратонк; ТМ: Camelion,Тип товара: Светильник; Особенности: потолоч LED 36Вт круг ультратонк; ТМ: Camelion
2026,3017,s4_88,ЗЕР-6080-993,Мебель,7800,Зеркало золото металл настенный круг d80 рама; ТМ: Икар,Тип товара: Зеркало; Цвет: золото; Материал: металл; Особенности: настенный круг d80 рама; ТМ: Икар
2027,3018,s4_89,ТП-4540-A19,Мебель,5800,Тумба прикроватная Орхидея 45х40х25 дуб тумба прикроватный подвесн мол; ТМ: Лером,Тип товара: Тумба прикроватная; Наименование: Орхидея; Габариты: 45х40х25; Цвет: дуб; Особенности: тумба прикроватный подвесн мол; ТМ: Лером
2028,3019,s4_90,ДУ-2602-303,Мебель,48700,Диван Прованс ткань дельфин голуб; ТМ: Eltap,Тип товара: Диван; Наименование: Прованс; Материал: ткань; Особенности: дельфин голуб; ТМ: Eltap
2029,3020,s4_91,МТР-1820-841,Мебель,29800,Матрас Мульти 180х200 пружинный зональный 5 зон; ТМ: Promtex,Тип товара: Матрас; Наименование: Мульти; Габариты: 180х200; Особенности: пружинный зональный 5 зон; ТМ: Promtex
2030,3021,s4_92,ЯР-А4-107,Мебель,1200,Ящик 35х25х30 архивн картон А4 (5 шт); ТМ: Практик,Тип товара: Ящик; Габариты: 35х25х30; Особенности: архивн картон А4 (5 шт); ТМ: Практик
2031,3022,s4_93,ПР-СКЛ-014,Мебель,4900,Зеркало Атриум 50х30х100 венге ЛДСП с полкой; ТМ: Сокол,Тип товара: Зеркало; Наименование: Атриум; Габариты: 50х30х100; Цвет: венге; Материал: ЛДСП; Особенности: с полкой; ТМ: Сокол
2032,3023,s4_94,ДКР-RG-014,Мебель,3800,Картина Морской пейзаж 70х50см холст 70х50 см; ТМ: Royal Garden,Тип товара: Картина; Наименование: Морской пейзаж; Габариты: 70х50см; Особенности: холст 70х50 см; ТМ: Royal Garden
2033,3024,s4_95,ПР-ИКР-008,Мебель,4400,«минимал» Минимал 60х25х95 белый ЛДСП обувница мат; ТМ: Икар,Тип товара: «минимал»; Наименование: Минимал; Габариты: 60х25х95; Цвет: белый; Материал: ЛДСП; Особенности: обувница мат; ТМ: Икар
2034,3025,s4_96,КОМ-1105-962,Мебель,17400,Комод Лагуна 110х45х95 белый МДФ 5-ящик глянец; ТМ: Anrex,Тип товара: Комод; Наименование: Лагуна; Габариты: 110х45х95; Цвет: белый; Материал: МДФ; Особенности: 5-ящик глянец; ТМ: Anrex
2035,3026,s4_97,ТРН-BS-007,Мебель,8900,«bs-2200» BS-2200 степпер с эспанд дисплей; ТМ: Body Sculpture,Тип товара: «bs-2200»; Наименование: BS-2200; Особенности: степпер с эспанд дисплей; ТМ: Body Sculpture
2036,3027,s4_98,ТРН-DFC-009,Мебель,26400,«e1000» E1000 эллипс магнитный компакт 7 програм; ТМ: DFC,Тип товара: «e1000»; Наименование: E1000; Особенности: эллипс магнитный компакт 7 програм; ТМ: DFC
2037,3028,s4_99,ЛТ-LED-E06,Мебель,2800,Светильник белый линейн LED 50Вт 150см IP65; ТМ: Navigator,Тип товара: Светильник; Цвет: белый; Особенности: линейн LED 50Вт 150см IP65; ТМ: Navigator
2038,3029,s4_100,КР-1620-721,Мебель,38400,Кровать Карина 160х200 графит экокожа; кожа дв с подъём; ТМ: Lazurit,Тип товара: Кровать; Наименование: Карина; Габариты: 160х200; Цвет: графит; Материал: экокожа; кожа; Особенности: дв с подъём; ТМ: Lazurit
2039,3030,s4_101,ДКР-ЭТЛ-001,Мебель,1400,Ваза Орхидея h25см керамика h25 см белая глянец; ТМ: Этель,Тип товара: Ваза; Наименование: Орхидея; Габариты: h25см; Материал: керамика; Особенности: h25 см белая глянец; ТМ: Этель
2040,3031,s4_102,ОБ-1608-B73,Мебель,14800,Стол обеденный 160х80 белый ЛДСП; металл овал ножки; ТМ: Stolline,Тип товара: Стол обеденный; Габариты: 160х80; Цвет: белый; Материал: ЛДСП; металл; Особенности: овал ножки; ТМ: Stolline
2041,3032,s4_103,ЛНП-170-B09,Мебель,5400,Торшер чёрный металл арматура 170 см матовый; ТМ: СветТех,Тип товара: Торшер; Цвет: чёрный; Материал: металл; Особенности: арматура 170 см матовый; ТМ: СветТех
2042,3033,s4_104,ПР-ИКР-006,Мебель,24700,Прихожая Норд 160х30х210 белый ЛДСП модульный; ТМ: Икар,Тип товара: Прихожая; Наименование: Норд; Габариты: 160х30х210; Цвет: белый; Материал: ЛДСП; Особенности: модульный; ТМ: Икар
2043,3034,s4_105,КАК-8080-227,Мебель,15400,Кресло 80х80 велюр акцент пыльн роза; ТМ: Tetchair,Тип товара: Кресло; Габариты: 80х80; Материал: велюр; Особенности: акцент пыльн роза; ТМ: Tetchair
2044,3035,s4_106,ЛТ-LED-B05,Мебель,820,Светильник белый линейн LED 20Вт 60см; ТМ: ЭкономСвет,Тип товара: Светильник; Цвет: белый; Особенности: линейн LED 20Вт 60см; ТМ: ЭкономСвет
2045,3036,s4_107,КОМ-1205-C39,Мебель,31800,Комод Афина 120х50х100 ясень массив ясень 5-ящик; ТМ: Mebelain,Тип товара: Комод; Наименование: Афина; Габариты: 120х50х100; Цвет: ясень; Материал: массив ясень; Особенности: 5-ящик; ТМ: Mebelain
2046,3037,s4_108,ПУФ-5050-141,Мебель,3700,Пуф 50х50х42 рогожка с ящик серая; ТМ: Tetchair,Тип товара: Пуф; Габариты: 50х50х42; Материал: рогожка; Особенности: с ящик серая; ТМ: Tetchair
2047,3038,s4_109,КР-1620-C37,Мебель,54200,Кровать Афина 160х200 белый; ясень массив ясень дв; ТМ: Mebelain,Тип товара: Кровать; Наименование: Афина; Габариты: 160х200; Цвет: белый; ясень; Материал: массив ясень; Особенности: дв; ТМ: Mebelain
2048,3039,s4_110,ШК-1806-385,Мебель,46900,Шкаф-купе Атлантик 180х65х230 3-дверный; ТМ: Mr. Doors,Тип товара: Шкаф-купе; Наименование: Атлантик; Габариты: 180х65х230; Особенности: 3-дверный; ТМ: Mr. Doors
2049,3040,s4_111,КОМ-1205-703,Мебель,15800,Комод Орхидея 120х45х95 дуб 5-ящик молочн; ТМ: Лером,Тип товара: Комод; Наименование: Орхидея; Габариты: 120х45х95; Цвет: дуб; Особенности: 5-ящик молочн; ТМ: Лером
2050,3041,s4_112,МДУЛ-3206-D48,Мебель,62400,Стенка Скандик 3.2м белый МДФ гостин 3 2 м матовый; ТМ: Eltap,Тип товара: Стенка; Наименование: Скандик; Габариты: 3.2м; Цвет: белый; Материал: МДФ; Особенности: гостин 3 2 м матовый; ТМ: Eltap
2051,3042,s4_113,ВН-MST-014,Мебель,11900,Зеркало-шкаф Лилия 65х78 белый МДФ LED; ТМ: Lazurit,Тип товара: Зеркало-шкаф; Наименование: Лилия; Габариты: 65х78; Цвет: белый; Материал: МДФ; Особенности: LED; ТМ: Lazurit
2052,3043,s4_114,ПЛ-ВЛ-E35,Мебель,2800,Плед 180х200 изумруд велюр однотонный; ТМ: Этель,Тип товара: Плед; Габариты: 180х200; Цвет: изумруд; Материал: велюр; Особенности: однотонный; ТМ: Этель
2053,3044,s4_115,ОБ-1208-B72,Мебель,28400,Стол обеденный дуб; натуральный массив дуб круг d120; ТМ: Mebelain,Тип товара: Стол обеденный; Цвет: дуб; натуральный; Материал: массив дуб; Особенности: круг d120; ТМ: Mebelain
2054,3045,s4_116,ДУ-2602-D35,Мебель,58400,Диван Боровичи Премьер коричневый экокожа; кожа дельфин; ТМ: Боровичи-Мебель,Тип товара: Диван; Наименование: Боровичи Премьер; Цвет: коричневый; Материал: экокожа; кожа; Особенности: дельфин; ТМ: Боровичи-Мебель
2055,3046,s4_117,МДУЛ-806-A45,Мебель,18700,Витрина Атриум 80х40х210 венге стекло модуль; ТМ: Mebelain,Тип товара: Витрина; Наименование: Атриум; Габариты: 80х40х210; Цвет: венге; Материал: стекло; Особенности: модуль; ТМ: Mebelain
2056,3047,s4_118,КР-1820-163,Мебель,42700,Кровать 180х200 коричневый экокожа; кожа дв с подъём; ТМ: Lazurit,Тип товара: Кровать; Габариты: 180х200; Цвет: коричневый; Материал: экокожа; кожа; Особенности: дв с подъём; ТМ: Lazurit
2057,3048,s4_119,ЛТ-SP-B01,Мебель,1700,Светильник спот поворотный LED 12Вт хром; ТМ: Camelion,Тип товара: Светильник; Особенности: спот поворотный LED 12Вт хром; ТМ: Camelion
2058,3049,s4_120,ИЗГ-1820-A22,Мебель,13400,Изголовье Стокгольм 180х200 бежевый рогожка; ткань ТМ: Anrex,Тип товара: Изголовье; Наименование: Стокгольм; Габариты: 180х200; Цвет: бежевый; Материал: рогожка; ткань; Особенности: ТМ: Anrex
2059,3050,s4_121,ТП-5045-745,Мебель,9200,Тумба прикроватная Флоренция 50х45х55 ясень тумба прикроватный; ТМ: Mebelain,Тип товара: Тумба прикроватная; Наименование: Флоренция; Габариты: 50х45х55; Цвет: ясень; Особенности: тумба прикроватный; ТМ: Mebelain
2060,3051,s4_122,КР-1820-A26,Мебель,29400,Кровать Стокгольм 180х200 дуб сонома ЛДСП дв; ТМ: Anrex,Тип товара: Кровать; Наименование: Стокгольм; Габариты: 180х200; Цвет: дуб сонома; Материал: ЛДСП; Особенности: дв; ТМ: Anrex
2061,3052,s4_123,КРЗ-ВЛ-926,Мебель,780,Корзина d35х30 войлок круг серая; ТМ: Этель,Тип товара: Корзина; Габариты: d35х30; Материал: войлок; Особенности: круг серая; ТМ: Этель
2062,3053,s4_124,ТП-4545-C42,Мебель,9400,Тумба прикроватная Афина 45х45х55 белый; ясень тумба прикроватный; ТМ: Mebelain,Тип товара: Тумба прикроватная; Наименование: Афина; Габариты: 45х45х55; Цвет: белый; ясень; Особенности: тумба прикроватный; ТМ: Mebelain
2063,3054,s4_125,КП-1006-786,Мебель,17400,Прихожая Минимал 100х30х200 венге ЛДСП компл; ТМ: Икар,Тип товара: Прихожая; Наименование: Минимал; Габариты: 100х30х200; Цвет: венге; Материал: ЛДСП; Особенности: компл; ТМ: Икар
2064,3055,s4_126,КО-887-E50,Мебель,7400,Кресло операторское Бюрократ CH-887 чёрный сетка кресло операторский; ТМ: Бюрократ,Тип товара: Кресло операторское; Наименование: Бюрократ CH-887; Цвет: чёрный; Материал: сетка; Особенности: кресло операторский; ТМ: Бюрократ
2065,3056,s4_127,МДУЛ-3806-A46,Мебель,67800,Стенка Скандик 3.8м дуб сонома МДФ гостин 3 8 м; ТМ: Eltap,Тип товара: Стенка; Наименование: Скандик; Габариты: 3.8м; Цвет: дуб сонома; Материал: МДФ; Особенности: гостин 3 8 м; ТМ: Eltap
2066,3057,s4_128,ДЕТ-TET-012,Мебель,28400,Шкаф платяной Tetris 160х55х210 дуб ЛДСП 4-дверный; ТМ: Mr. Doors,Тип товара: Шкаф платяной; Наименование: Tetris; Габариты: 160х55х210; Цвет: дуб; Материал: ЛДСП; Особенности: 4-дверный; ТМ: Mr. Doors
2067,3058,s4_129,ХР-АЛТ-002,Мебель,9400,Стеллаж 120х50х200 гараж усил 4 полки 300 кг; ТМ: Алтек,Тип товара: Стеллаж; Габариты: 120х50х200; Особенности: гараж усил 4 полки 300 кг; ТМ: Алтек
2068,3059,s4_130,ВН-1MK-006,Мебель,16400,Тумба под раковину Палермо 70х46х80 белый тумба под раковина глянец; ТМ: 1MarKa,Тип товара: Тумба под раковину; Наименование: Палермо; Габариты: 70х46х80; Цвет: белый; Особенности: тумба под раковина глянец; ТМ: 1MarKa
2069,3060,s4_131,СТ-1006-307,Мебель,3700,Стол письменный 100х50 белый ЛДСП компакт; ТМ: Anrex,Тип товара: Стол письменный; Габариты: 100х50; Цвет: белый; Материал: ЛДСП; Особенности: компакт; ТМ: Anrex
2070,3061,s4_132,МТР-1520-D08,Мебель,34800,Матрас Vita Plus 150х200 латекс пружинный независимый; ТМ: Орматек,Тип товара: Матрас; Наименование: Vita Plus; Габариты: 150х200; Материал: латекс; Особенности: пружинный независимый; ТМ: Орматек
2071,3062,s4_133,КВ-20030,Мебель,12400,Ковёр 200х300 графит шегги высокий ворс; ТМ: Меринос,Тип товара: Ковёр; Габариты: 200х300; Цвет: графит; Особенности: шегги высокий ворс; ТМ: Меринос
2072,3063,s4_134,ОБ-СТ-883,Мебель,8900,Стул обеденный изумруд велюр полукрес (2 шт); ТМ: Stolline,Тип товара: Стул обеденный; Цвет: изумруд; Материал: велюр; Особенности: полукрес (2 шт); ТМ: Stolline
2073,3064,s4_135,КР-1620-,Мебель,28400,Кровать белый ЛДСП дв ортопед осн; ТМ: Lazurit,Тип товара: Кровать; Цвет: белый; Материал: ЛДСП; Особенности: дв ортопед осн; ТМ: Lazurit
2074,3065,s4_136,ДКР-RG-011,Мебель,4900,Ваза Этно h60см бежевый керамика напольный h60 см; ТМ: Royal Garden,Тип товара: Ваза; Наименование: Этно; Габариты: h60см; Цвет: бежевый; Материал: керамика; Особенности: напольный h60 см; ТМ: Royal Garden
2075,3066,s4_137,БАН-906-789,Мебель,4700,Банкетка 90х35х45 ткань прихожая серая; ТМ: Икар,Тип товара: Банкетка; Габариты: 90х35х45; Материал: ткань; Особенности: прихожая серая; ТМ: Икар
2076,3067,s4_138,ПОД-6060-B43,Мебель,1400,Подушка 60х60 графит велюр декоративный; ТМ: Этель,Тип товара: Подушка; Габариты: 60х60; Цвет: графит; Материал: велюр; Особенности: декоративный; ТМ: Этель
2077,3068,s4_139,ШК-2406-C51,Мебель,47800,Шкаф-купе Орхидея 240х60х225 дуб 3-дверный молочн; ТМ: Лером,Тип товара: Шкаф-купе; Наименование: Орхидея; Габариты: 240х60х225; Цвет: дуб; Особенности: 3-дверный молочн; ТМ: Лером
2078,3069,s4_140,ТУС-1104-C32,Мебель,19800,Туалетный столик Прованс 110х45х80 бежевый МДФ туал столик матовый; ТМ: Лером,Тип товара: Туалетный столик; Наименование: Прованс; Габариты: 110х45х80; Цвет: бежевый; Материал: МДФ; Особенности: туал столик матовый; ТМ: Лером
2079,3070,s4_141,КАР-505-979,Мебель,13700,Картотека металл 5-ящик серая А4 замок; ТМ: Практик,Тип товара: Картотека; Материал: металл; Особенности: 5-ящик серая А4 замок; ТМ: Практик
2080,3071,s4_142,ИЗГ-1620-C18,Мебель,12400,Изголовье Лион 160х200 рогожка; ткань серая; ТМ: Mr. Doors,Тип товара: Изголовье; Наименование: Лион; Габариты: 160х200; Материал: рогожка; ткань; Особенности: серая; ТМ: Mr. Doors
2081,3072,s4_143,КР-08040-501,Мебель,7600,Комод 80х40х90 белый ЛДСП 4-ящик; ТМ: Anrex,Тип товара: Комод; Габариты: 80х40х90; Цвет: белый; Материал: ЛДСП; Особенности: 4-ящик; ТМ: Anrex
2082,3073,s4_144,БАН-1004-C17,Мебель,6900,Банкетка Лион 100х40х48 рогожка; ткань серая; ТМ: Mr. Doors,Тип товара: Банкетка; Наименование: Лион; Габариты: 100х40х48; Материал: рогожка; ткань; Особенности: серая; ТМ: Mr. Doors
2083,3074,s4_145,МДУЛ-906-D53,Мебель,15400,Шкаф Гранд 90х40х210 МДФ модуль узк глянец; ТМ: Hoff,Тип товара: Шкаф; Наименование: Гранд; Габариты: 90х40х210; Материал: МДФ; Особенности: модуль узк глянец; ТМ: Hoff
2084,3075,s4_146,МДУЛ-2806-752,Мебель,47800,Гостиная Гранд 2.8м дуб сонома ЛДСП модульный 2 8 м; ТМ: Hoff,Тип товара: Гостиная; Наименование: Гранд; Габариты: 2.8м; Цвет: дуб сонома; Материал: ЛДСП; Особенности: модульный 2 8 м; ТМ: Hoff
2085,3076,s4_147,ШП-1206-207,Мебель,19800,Шкаф платяной 120х55х210 дуб ЛДСП 2-дверный; ТМ: Anrex,Тип товара: Шкаф платяной; Габариты: 120х55х210; Цвет: дуб; Материал: ЛДСП; Особенности: 2-дверный; ТМ: Anrex
2086,3077,s4_148,КО-MTT-A83,Мебель,36400,Кресло руководителя Метта Trium S белый сетка эргон; ТМ: Метта,Тип товара: Кресло руководителя; Наименование: Метта Trium S; Цвет: белый; Материал: сетка; Особенности: эргон; ТМ: Метта
2087,3078,s4_149,КР-1820-552,Мебель,78900,Кровать Премиум 180х200 дуб массив дуб; шпон дв; ТМ: Лером,Тип товара: Кровать; Наименование: Премиум; Габариты: 180х200; Цвет: дуб; Материал: массив дуб; шпон; Особенности: дв; ТМ: Лером
2088,3079,s4_150,КО-MTT-D90,Мебель,28400,Кресло руководителя Метта Comfort C коричневый экокожа; кожа ТМ: Метта,Тип товара: Кресло руководителя; Наименование: Метта Comfort C; Цвет: коричневый; Материал: экокожа; кожа; Особенности: ТМ: Метта
2089,3080,s4_151,ПОД-4040-E36,Мебель,860,Подушка 40х40 графит шенилл декоративный; ТМ: Этель,Тип товара: Подушка; Габариты: 40х40; Цвет: графит; Материал: шенилл; Особенности: декоративный; ТМ: Этель
2090,3081,s4_152,ТП-4040-022,Мебель,5800,Тумба прикроватная Берлин 40х40х50 дуб сонома тумба прикроватный 2-ящик; ТМ: Hoff,Тип товара: Тумба прикроватная; Наименование: Берлин; Габариты: 40х40х50; Цвет: дуб сонома; Особенности: тумба прикроватный 2-ящик; ТМ: Hoff
2091,3082,s4_153,ПР-СКЛ-D75,Мебель,31800,Прихожая Атриум 200х35х215 венге компл с зерк; ТМ: Сокол,Тип товара: Прихожая; Наименование: Атриум; Габариты: 200х35х215; Цвет: венге; Особенности: компл с зерк; ТМ: Сокол
2092,3083,s4_154,ПЛ-ТТР-931,Мебель,3700,Плед 180х200 шерсть-акрил; шерсть; акрил тёплый клетка серая; ТМ: Этель,Тип товара: Плед; Габариты: 180х200; Материал: шерсть-акрил; шерсть; акрил; Особенности: тёплый клетка серая; ТМ: Этель
2093,3084,s4_155,ДН-1800-A56,Мебель,32400,Диван Аскона Лайт бежевый рогожка книжка; ТМ: Аскона,Тип товара: Диван; Наименование: Аскона Лайт; Цвет: бежевый; Материал: рогожка; Особенности: книжка; ТМ: Аскона
2094,3085,s4_156,ЛНП-160-904,Мебель,4200,Торшер ткань классический 160 см деревянный абажур; ТМ: СветТех,Тип товара: Торшер; Материал: ткань; Особенности: классический 160 см деревянный абажур; ТМ: СветТех
2095,3086,s4_157,ДУ-2802-803,Мебель,67800,Диван Палермо бежевый рогожка еврокнижка; ТМ: Hoff,Тип товара: Диван; Наименование: Палермо; Цвет: бежевый; Материал: рогожка; Особенности: еврокнижка; ТМ: Hoff
2096,3087,s4_158,КО-CHR-A88,Мебель,6800,Кресло Chairman 685 чёрный ткань посет (2 шт); ТМ: Chairman,Тип товара: Кресло; Наименование: Chairman 685; Цвет: чёрный; Материал: ткань; Особенности: посет (2 шт); ТМ: Chairman
2097,3088,s4_159,ВН-АКТ-021,Мебель,12700,Комод Капри 60х40х80 белый МДФ ванный 3-ящик; ТМ: Aquaton,Тип товара: Комод; Наименование: Капри; Габариты: 60х40х80; Цвет: белый; Материал: МДФ; Особенности: ванный 3-ящик; ТМ: Aquaton
2098,3089,s4_160,ЛТ-LED-E07,Мебель,1100,Светильник линейн LED 18Вт 60см с датч движ; ТМ: Эра,Тип товара: Светильник; Особенности: линейн LED 18Вт 60см с датч движ; ТМ: Эра
2099,3090,s4_161,КР-1620-701,Мебель,34800,Кровать Орхидея 160х200 дуб ЛДСП дв с ящик молочн; ТМ: Лером,Тип товара: Кровать; Наименование: Орхидея; Габариты: 160х200; Цвет: дуб; Материал: ЛДСП; Особенности: дв с ящик молочн; ТМ: Лером
2100,3091,s4_162,КР-1820-F02,Мебель,32400,Диван серый рогожка еврокнижка; ТМ: Hoff,Тип товара: Диван; Цвет: серый; Материал: рогожка; Особенности: еврокнижка; ТМ: Hoff
2101,3092,s4_163,ДКР-ЭТЛ-010,Мебель,2100,Подсвечник h25см золото металл 3-х рожков h25 см; ТМ: Этель,Тип товара: Подсвечник; Габариты: h25см; Цвет: золото; Материал: металл; Особенности: 3-х рожков h25 см; ТМ: Этель
2102,3093,s4_164,КО-696-080,Мебель,5800,Кресло операторское Бюрократ CH-696 сетка кресло операторский серая,Тип товара: Кресло операторское; Наименование: Бюрократ CH-696; Материал: сетка; Особенности: кресло операторский серая
2103,3094,s4_165,ЗЕР-7010-447,Мебель,6300,Зеркало Венеция 70х100 белый МДФ рама; ТМ: Lazurit,Тип товара: Зеркало; Наименование: Венеция; Габариты: 70х100; Цвет: белый; Материал: МДФ; Особенности: рама; ТМ: Lazurit
2104,3095,s4_166,ПР-1606-196,Мебель,22400,Прихожая Уют 160х30х210 белый ЛДСП ТМ: Сокол,Тип товара: Прихожая; Наименование: Уют; Габариты: 160х30х210; Цвет: белый; Материал: ЛДСП; Особенности: ТМ: Сокол
2105,3096,s4_167,ВН-АКТ-E34,Мебель,12400,Комод Северная Венеция 60х35х85 МДФ ванный глянец; ТМ: Aquaton,Тип товара: Комод; Наименование: Северная Венеция; Габариты: 60х35х85; Материал: МДФ; Особенности: ванный глянец; ТМ: Aquaton
2106,3097,s4_168,СТО-1607-B46,Мебель,14400,Стол офисный 160х80 белый ЛДСП эргон угловой; ТМ: Бюрократ,Тип товара: Стол офисный; Габариты: 160х80; Цвет: белый; Материал: ЛДСП; Особенности: эргон угловой; ТМ: Бюрократ
2107,3098,s4_169,КО-T9908-857,Мебель,26800,Кресло руководителя Бюрократ T-9908 коричневый кожа,Тип товара: Кресло руководителя; Наименование: Бюрократ T-9908; Цвет: коричневый; Материал: кожа
2108,3099,s4_170,БАН-1104-727,Мебель,9400,Банкетка Карина 110х40х48 графит экокожа; кожа ТМ: Lazurit,Тип товара: Банкетка; Наименование: Карина; Габариты: 110х40х48; Цвет: графит; Материал: экокожа; кожа; Особенности: ТМ: Lazurit
2109,3100,s4_171,ТВ-1404-014,Мебель,8450,Тумба ТВ Лофт венге металлический каркас; ЛДСП; металл 140; ТМ: Eltap,Тип товара: Тумба ТВ; Наименование: Лофт; Цвет: венге; Материал: металлический каркас; ЛДСП; металл; Особенности: 140; ТМ: Eltap
2110,3101,s4_172,ДУ-2802-C22,Мебель,72400,Диван Манхэттен изумруд рогожка еврокнижка; ТМ: Сонум,Тип товара: Диван; Наименование: Манхэттен; Цвет: изумруд; Материал: рогожка; Особенности: еврокнижка; ТМ: Сонум
2111,3102,s4_173,КО-808-852,Мебель,11400,Кресло руководителя Бюрократ CH-808 чёрный сетка,Тип товара: Кресло руководителя; Наименование: Бюрократ CH-808; Цвет: чёрный; Материал: сетка
2112,3103,s4_174,КАК-8080-824,Мебель,17800,Кресло Лиссабон изумруд велюр поворотный; ТМ: Hoff,Тип товара: Кресло; Наименование: Лиссабон; Цвет: изумруд; Материал: велюр; Особенности: поворотный; ТМ: Hoff
2113,3104,s4_175,КР-1620-303,Мебель,48700,Кровать Прага 160х200 массив бук дв; ТМ: Mebelain,Тип товара: Кровать; Наименование: Прага; Габариты: 160х200; Материал: массив бук; Особенности: дв; ТМ: Mebelain
2114,3105,s4_176,ИЗГ-1620-A21,Мебель,11800,Изголовье Стокгольм 160х200 бежевый рогожка; ткань ТМ: Anrex,Тип товара: Изголовье; Наименование: Стокгольм; Габариты: 160х200; Цвет: бежевый; Материал: рогожка; ткань; Особенности: ТМ: Anrex
2115,3106,s4_177,КГ-2800-D62,Мебель,62400,Кухня Манхэттен 2.8м серый МДФ модульный 2 8 м матовый; ТМ: Stolline,Тип товара: Кухня; Наименование: Манхэттен; Габариты: 2.8м; Цвет: серый; Материал: МДФ; Особенности: модульный 2 8 м матовый; ТМ: Stolline
2116,3107,s4_178,ДН-2400-802,Мебель,52400,Диван Лиссабон зелёный велюр книжка; ТМ: Hoff,Тип товара: Диван; Наименование: Лиссабон; Цвет: зелёный; Материал: велюр; Особенности: книжка; ТМ: Hoff
2117,3108,s4_179,ТП-4540-B85,Мебель,3400,Тумба прикроватная 45х40х50 белый ЛДСП тумба прикроватный 1-ящик глянец; ТМ: СБК,Тип товара: Тумба прикроватная; Габариты: 45х40х50; Цвет: белый; Материал: ЛДСП; Особенности: тумба прикроватный 1-ящик глянец; ТМ: СБК
2118,3109,s4_180,МТР-1520-D04,Мебель,18900,Матрас Optima Plus 150х200 пружинный независимый; ТМ: Аскона,Тип товара: Матрас; Наименование: Optima Plus; Габариты: 150х200; Особенности: пружинный независимый; ТМ: Аскона
2119,3110,s4_181,ДЕТ-ЮН-003,Мебель,6400,Стеллаж Юниор 80х30х175 белый ЛДСП детский /мята; ТМ: Любимый дом,Тип товара: Стеллаж; Наименование: Юниор; Габариты: 80х30х175; Цвет: белый; Материал: ЛДСП; Особенности: детский /мята; ТМ: Любимый дом
2120,3111,s4_182,КШ-6080-A15,Мебель,4400,Шкаф кухонный 60х60х85 белый ЛДСП подмойн; ТМ: Сокол,Тип товара: Шкаф кухонный; Габариты: 60х60х85; Цвет: белый; Материал: ЛДСП; Особенности: подмойн; ТМ: Сокол
2121,3112,s4_183,ТУС-1304-A20,Мебель,19800,Туалетный столик Орхидея 130х45х80 дуб МДФ туал столик XL мол; ТМ: Лером,Тип товара: Туалетный столик; Наименование: Орхидея; Габариты: 130х45х80; Цвет: дуб; Материал: МДФ; Особенности: туал столик XL мол; ТМ: Лером
2122,3113,s4_184,СТЖ-905-505,Мебель,5400,Столик журнальный Лофт 90х50х45 металлический каркас; металл ТМ: Eltap,Тип товара: Столик журнальный; Наименование: Лофт; Габариты: 90х50х45; Материал: металлический каркас; металл; Особенности: ТМ: Eltap
2123,3114,s4_185,ПР-СКЛ-003,Мебель,27800,Прихожая Кантри 180х35х210 дуб ЛДСП модульный; ТМ: Сокол,Тип товара: Прихожая; Наименование: Кантри; Габариты: 180х35х210; Цвет: дуб; Материал: ЛДСП; Особенности: модульный; ТМ: Сокол
2124,3115,s4_186,КГ-OS-A08,Мебель,38900,Кухонн. Шеф 120х90х90 венге МДФ остров; ТМ: Stolline,Тип товара: Кухонн.; Наименование: Шеф; Габариты: 120х90х90; Цвет: венге; Материал: МДФ; Особенности: остров; ТМ: Stolline
2125,3116,s4_187,ШП-1006-341,Мебель,16700,Шкаф платяной 100х55х200 дуб ЛДСП для пр; ТМ: Anrex,Тип товара: Шкаф платяной; Габариты: 100х55х200; Цвет: дуб; Материал: ЛДСП; Особенности: для пр; ТМ: Anrex
2126,3117,s4_188,ОБВ-806-997,Мебель,5800,Обувница 80х25х100 дуб ЛДСП откидн 3-секц; ТМ: Икар,Тип товара: Обувница; Габариты: 80х25х100; Цвет: дуб; Материал: ЛДСП; Особенности: откидн 3-секц; ТМ: Икар
2127,3118,s4_189,ДКР-ЭТЛ-003,Мебель,2400,Ваза Кантри h40см бежевый керамика h40 см матовая; ТМ: Этель,Тип товара: Ваза; Наименование: Кантри; Габариты: h40см; Цвет: бежевый; Материал: керамика; Особенности: h40 см матовая; ТМ: Этель
2128,3119,s4_190,БАН-1004-B33,Мебель,4800,Банкетка 100х35х48 бежевый рогожка; ткань прихожая; ТМ: Икар,Тип товара: Банкетка; Габариты: 100х35х48; Цвет: бежевый; Материал: рогожка; ткань; Особенности: прихожая; ТМ: Икар
2129,3120,s4_191,ШП-1806-F13,Мебель,47800,Шкаф платяной Манхэттен 180х60х230 графит ЛДСП 4-дверный; ТМ: Сонум,Тип товара: Шкаф платяной; Наименование: Манхэттен; Габариты: 180х60х230; Цвет: графит; Материал: ЛДСП; Особенности: 4-дверный; ТМ: Сонум
2130,3121,s4_192,КШ-1280-A14,Мебель,8200,Шкаф кухонный 120х60х85 венге ЛДСП напольный; ТМ: Сокол,Тип товара: Шкаф кухонный; Габариты: 120х60х85; Цвет: венге; Материал: ЛДСП; Особенности: напольный; ТМ: Сокол
2131,3122,s4_193,СТЖ-806-E46,Мебель,6400,Столик журнальный дуб МДФ круг d80 артизан; ТМ: Tetchair,Тип товара: Столик журнальный; Цвет: дуб; Материал: МДФ; Особенности: круг d80 артизан; ТМ: Tetchair
2132,3123,s4_194,ТП-4040-352,Мебель,3400,Тумба прикроватная Соня 40х40х45 венге тумба прикроватный; ТМ: Lazurit,Тип товара: Тумба прикроватная; Наименование: Соня; Габариты: 40х40х45; Цвет: венге; Особенности: тумба прикроватный; ТМ: Lazurit
2133,3124,s4_195,КГ-2100-772,Мебель,42400,Кухня Венеция 2.1м белый МДФ модульный 2 1 м матовый; ТМ: Stolline,Тип товара: Кухня; Наименование: Венеция; Габариты: 2.1м; Цвет: белый; Материал: МДФ; Особенности: модульный 2 1 м матовый; ТМ: Stolline
2134,3125,s4_196,КВ-12017,Мебель,4400,Ковёр 120х170 шегги высокий ворс молочн; ТМ: Меринос,Тип товара: Ковёр; Габариты: 120х170; Особенности: шегги высокий ворс молочн; ТМ: Меринос
2135,3126,s4_197,МДУЛ-806-A50,Мебель,17400,Витрина Скандик 80х40х210 дуб стекло модуль; ТМ: Eltap,Тип товара: Витрина; Наименование: Скандик; Габариты: 80х40х210; Цвет: дуб; Материал: стекло; Особенности: модуль; ТМ: Eltap
2136,3127,s4_198,ЛТ-LED-A99,Мебель,11400,Трек-система 3м чёрный магнитный LED 48В; ТМ: Navigator,Тип товара: Трек-система; Габариты: 3м; Цвет: чёрный; Особенности: магнитный LED 48В; ТМ: Navigator
2137,3128,s4_199,ШП-1806-014,Мебель,58900,Шкаф платяной Аделина 180х60х230 МДФ 4-дверный; ТМ: Lazurit,Тип товара: Шкаф платяной; Наименование: Аделина; Габариты: 180х60х230; Материал: МДФ; Особенности: 4-дверный; ТМ: Lazurit
2138,3129,s4_200,ПУФ-4040-022,Мебель,3400,Пуф Берлин 40х40х42 бежевый экокожа; кожа квадр; ТМ: Hoff,Тип товара: Пуф; Наименование: Берлин; Габариты: 40х40х42; Цвет: бежевый; Материал: экокожа; кожа; Особенности: квадр; ТМ: Hoff
2139,3130,s4_201,КВ-15022,Мебель,6800,Ковёр 150х220 бордо акрил ориент; ТМ: Витебск,Тип товара: Ковёр; Габариты: 150х220; Цвет: бордо; Материал: акрил; Особенности: ориент; ТМ: Витебск
2140,3131,s4_202,КОМ-1004-C53,Мебель,11400,Комод Стокгольм 100х45х95 дуб сонома ЛДСП XL; ТМ: Anrex,Тип товара: Комод; Наименование: Стокгольм; Габариты: 100х45х95; Цвет: дуб сонома; Материал: ЛДСП; Особенности: XL; ТМ: Anrex
2141,3132,s4_203,ШК-2406-374,Мебель,58400,Шкаф-купе Атлантик 240х65х230 4-дверный зерк; ТМ: Mr. Doors,Тип товара: Шкаф-купе; Наименование: Атлантик; Габариты: 240х65х230; Особенности: 4-дверный зерк; ТМ: Mr. Doors
2142,3133,s4_204,ВН-ГРЦ-019,Мебель,8400,«лагуна» Лагуна 30х30х175 белый МДФ пенал ванный глянец; ТМ: Грация,Тип товара: «лагуна»; Наименование: Лагуна; Габариты: 30х30х175; Цвет: белый; Материал: МДФ; Особенности: пенал ванный глянец; ТМ: Грация
2143,3134,s4_205,КОМ-1404-B84,Мебель,14700,Комод 140х45х95 дуб сонома ЛДСП XL; ТМ: Anrex,Тип товара: Комод; Габариты: 140х45х95; Цвет: дуб сонома; Материал: ЛДСП; Особенности: XL; ТМ: Anrex
2144,3135,s4_206,МТР-1220-D17,Мебель,28900,Матрас Promtex Gold 120х200 латекс гибрид мемори+; ТМ: Promtex,Тип товара: Матрас; Наименование: Promtex Gold; Габариты: 120х200; Материал: латекс; Особенности: гибрид мемори+; ТМ: Promtex
2145,3136,s4_207,ТУС-1304-C05,Мебель,27400,Туалетный столик Версаль 130х45х80 МДФ туал столик с подсв; ТМ: Lazurit,Тип товара: Туалетный столик; Наименование: Версаль; Габариты: 130х45х80; Материал: МДФ; Особенности: туал столик с подсв; ТМ: Lazurit
2146,3137,s4_208,СТ-1606-C97,Мебель,7700,Стол письменный 160х60 белый ЛДСП ТМ: Anrex,Тип товара: Стол письменный; Габариты: 160х60; Цвет: белый; Материал: ЛДСП; Особенности: ТМ: Anrex
2147,3138,s4_209,БАН-1004-A23,Мебель,6900,Банкетка Стокгольм 100х40х45 бежевый рогожка; ткань ТМ: Anrex,Тип товара: Банкетка; Наименование: Стокгольм; Габариты: 100х40х45; Цвет: бежевый; Материал: рогожка; ткань; Особенности: ТМ: Anrex
2148,3139,s4_210,КШ-6080-D69,Мебель,4400,Шкаф кухонный 60х60х85 дуб сонома ЛДСП напольный; ТМ: Сокол,Тип товара: Шкаф кухонный; Габариты: 60х60х85; Цвет: дуб сонома; Материал: ЛДСП; Особенности: напольный; ТМ: Сокол
2149,3140,s4_211,КР-1820-129,Мебель,38900,Кровать Софт 180х200 серый велюр дв; ТМ: Lazurit,Тип товара: Кровать; Наименование: Софт; Габариты: 180х200; Цвет: серый; Материал: велюр; Особенности: дв; ТМ: Lazurit
2150,3141,s4_212,ТП-4540-014,Мебель,6400,Тумба прикроватная Аделина 45х40х50 МДФ тумба прикроватный; ТМ: Lazurit,Тип товара: Тумба прикроватная; Наименование: Аделина; Габариты: 45х40х50; Материал: МДФ; Особенности: тумба прикроватный; ТМ: Lazurit
2151,3142,s4_213,МТР-1620-840,Мебель,26400,Матрас Мульти 160х200 пружинный зональный 5 зон; ТМ: Promtex,Тип товара: Матрас; Наименование: Мульти; Габариты: 160х200; Особенности: пружинный зональный 5 зон; ТМ: Promtex
2152,3143,s4_214,КВ-15021,Мебель,5800,Ковёр 150х210 серый акрил модерн; ТМ: Меринос,Тип товара: Ковёр; Габариты: 150х210; Цвет: серый; Материал: акрил; Особенности: модерн; ТМ: Меринос
2153,3144,s4_215,ВН-АКТ-E23,Мебель,11800,«сильва» Сильва 35х30х170 венге МДФ пенал 2-дверный; ТМ: Aquaton,Тип товара: «сильва»; Наименование: Сильва; Габариты: 35х30х170; Цвет: венге; Материал: МДФ; Особенности: пенал 2-дверный; ТМ: Aquaton
2154,3145,s4_216,ЗЕР-6011-C84,Мебель,8400,Зеркало Атриум 60х170 венге напольный рама; ТМ: Сокол,Тип товара: Зеркало; Наименование: Атриум; Габариты: 60х170; Цвет: венге; Особенности: напольный рама; ТМ: Сокол
2155,3146,s4_217,ДКР-RG-013,Мебель,5400,Статуэтка Лошадь 25х10х22см бронза 25х10х22 см; ТМ: Royal Garden,Тип товара: Статуэтка; Наименование: Лошадь; Габариты: 25х10х22см; Особенности: бронза 25х10х22 см; ТМ: Royal Garden
2156,3147,s4_218,ОТТ-7070-F17,Мебель,7400,Оттоманка Сонум 70х70х45 бежевый рогожка прикроватный; ТМ: Сонум,Тип товара: Оттоманка; Наименование: Сонум; Габариты: 70х70х45; Цвет: бежевый; Материал: рогожка; Особенности: прикроватный; ТМ: Сонум
2157,3148,s4_219,КГ-3300-A02,Мебель,72400,Кухня Лофт XL 3.3м венге металлический каркас; ЛДСП; металл модульный 3 3 м; ТМ: Stolline,Тип товара: Кухня; Наименование: Лофт XL; Габариты: 3.3м; Цвет: венге; Материал: металлический каркас; ЛДСП; металл; Особенности: модульный 3 3 м; ТМ: Stolline
2158,3149,s4_220,КО-FX2-859,Мебель,15800,Кресло Бюрократ FX-2 чёрный экокожа; кожа геймер /син,Тип товара: Кресло; Наименование: Бюрократ FX-2; Цвет: чёрный; Материал: экокожа; кожа; Особенности: геймер /син
2159,3150,s4_221,КР-1820-E48,Мебель,38400,Кровать Венеция 180х200 ЛДСП дв белая; ТМ: Хофф,Тип товара: Кровать; Наименование: Венеция; Габариты: 180х200; Материал: ЛДСП; Особенности: дв белая; ТМ: Хофф
2160,3151,s4_222,КАК-6565-825,Мебель,5400,Кресло Мини ткань; акрил детский рис звезды; ТМ: Этель,Тип товара: Кресло; Наименование: Мини; Материал: ткань; акрил; Особенности: детский рис звезды; ТМ: Этель
2161,3152,s4_223,ДКР-ЭТЛ-005,Мебель,1700,Статуэтка Слон 18х10х15 золото полирезин; ТМ: Этель,Тип товара: Статуэтка; Наименование: Слон; Габариты: 18х10х15; Цвет: золото; Особенности: полирезин; ТМ: Этель
2162,3153,s4_224,СТ-1806-329,Мебель,14400,Стол 180х80 чёрный ЛДСП угловой для геймера; ТМ: Anrex,Тип товара: Стол; Габариты: 180х80; Цвет: чёрный; Материал: ЛДСП; Особенности: угловой для геймера; ТМ: Anrex
2163,3154,s4_225,КО-571-D82,Мебель,6800,Кресло операторское Бюрократ CH-571 чёрный сетка кресло операторский,Тип товара: Кресло операторское; Наименование: Бюрократ CH-571; Цвет: чёрный; Материал: сетка; Особенности: кресло операторский
2164,3155,s4_226,КШ-1006-E45,Мебель,15800,Шкаф 100х35х210 дуб ЛДСП книжн 2-дверный артизан; ТМ: Сокол,Тип товара: Шкаф; Габариты: 100х35х210; Цвет: дуб; Материал: ЛДСП; Особенности: книжн 2-дверный артизан; ТМ: Сокол
2165,3156,s4_227,СТ-906-945,Мебель,5400,Стол письменный Капитошка 90х50 белый ЛДСП дет /голуб; ТМ: Mr. Doors,Тип товара: Стол письменный; Наименование: Капитошка; Габариты: 90х50; Цвет: белый; Материал: ЛДСП; Особенности: дет /голуб; ТМ: Mr. Doors
2166,3157,s4_228,ЗЕР-6090-014,Мебель,5200,Зеркало Аделина 60х90 МДФ в раме глянец; ТМ: Lazurit,Тип товара: Зеркало; Наименование: Аделина; Габариты: 60х90; Материал: МДФ; Особенности: в раме глянец; ТМ: Lazurit
2167,3158,s4_229,ЛН-AKK-529,Мебель,2400,Лампа чёрный пластик наст аккум сенсор; ТМ: Camelion,Тип товара: Лампа; Цвет: чёрный; Материал: пластик; Особенности: наст аккум сенсор; ТМ: Camelion
2168,3159,s4_230,ВИТ-906-E44,Мебель,20400,Витрина 90х40х210 дуб сонома МДФ; стекло ТМ: Сокол,Тип товара: Витрина; Габариты: 90х40х210; Цвет: дуб сонома; Материал: МДФ; стекло; Особенности: ТМ: Сокол
2169,3160,s4_231,КО-MTT-862,Мебель,38400,Кресло операторское Метта Samurai SL сетка кресло операторский эргон; ТМ: Метта,Тип товара: Кресло операторское; Наименование: Метта Samurai SL; Материал: сетка; Особенности: кресло операторский эргон; ТМ: Метта
2170,3161,s4_232,КОМ-1004-505,Мебель,14600,Комод Лофт 100х40х95 венге ЛДСП; металл 5-ящик; ТМ: Eltap,Тип товара: Комод; Наименование: Лофт; Габариты: 100х40х95; Цвет: венге; Материал: ЛДСП; металл; Особенности: 5-ящик; ТМ: Eltap
2171,3162,s4_233,ШП-1206-715,Мебель,19400,Шкаф платяной Стокгольм 120х55х210 дуб сонома 2-дверный; ТМ: Anrex,Тип товара: Шкаф платяной; Наименование: Стокгольм; Габариты: 120х55х210; Цвет: дуб сонома; Особенности: 2-дверный; ТМ: Anrex
2172,3163,s4_234,БАН-1104-C07,Мебель,9400,Банкетка Версаль 110х40х48 экокожа; кожа слон кость; ТМ: Lazurit,Тип товара: Банкетка; Наименование: Версаль; Габариты: 110х40х48; Материал: экокожа; кожа; Особенности: слон кость; ТМ: Lazurit
2173,3164,s4_235,ПОД-5050-B42,Мебель,1100,Подушка 50х50 шенилл декоративный серая; ТМ: Этель,Тип товара: Подушка; Габариты: 50х50; Материал: шенилл; Особенности: декоративный серая; ТМ: Этель
2174,3165,s4_236,КВ-08015,Мебель,3700,Ковёр 80х150 бежевый шерсть прикроватный; ТМ: Витебск,Тип товара: Ковёр; Габариты: 80х150; Цвет: бежевый; Материал: шерсть; Особенности: прикроватный; ТМ: Витебск
2175,3166,s4_237,БАН-1204-746,Мебель,17800,Банкетка Флоренция 120х45х48 кожа белая; ТМ: Mebelain,Тип товара: Банкетка; Наименование: Флоренция; Габариты: 120х45х48; Материал: кожа; Особенности: белая; ТМ: Mebelain
2176,3167,s4_238,ИЗГ-1620-A38,Мебель,13200,Изголовье Гранд 160х200 серый велюр мяг; ТМ: Hoff,Тип товара: Изголовье; Наименование: Гранд; Габариты: 160х200; Цвет: серый; Материал: велюр; Особенности: мяг; ТМ: Hoff
2177,3168,s4_239,ОБ-СТ-707,Мебель,8700,Стул обеденный экокожа; кожа белая хром (4 шт); ТМ: Stolline,Тип товара: Стул обеденный; Материал: экокожа; кожа; Особенности: белая хром (4 шт); ТМ: Stolline
2178,3169,s4_240,СТ-1106-952,Мебель,9400,Стол письменный Школьник 110х55 с надстр бук/зелён; ТМ: Любимый дом,Тип товара: Стол письменный; Наименование: Школьник; Габариты: 110х55; Особенности: с надстр бук/зелён; ТМ: Любимый дом
2179,3170,s4_241,КР-0920-088,Мебель,11700,Кровать 90х200 дуб сонома ЛДСП односп; ТМ: Mr. Doors,Тип товара: Кровать; Габариты: 90х200; Цвет: дуб сонома; Материал: ЛДСП; Особенности: односп; ТМ: Mr. Doors
2180,3171,s4_242,СТЖ-905-717,Мебель,4200,Столик журнальный Стокгольм 90х50х45 дуб сонома ЛДСП ТМ: Anrex,Тип товара: Столик журнальный; Наименование: Стокгольм; Габариты: 90х50х45; Цвет: дуб сонома; Материал: ЛДСП; Особенности: ТМ: Anrex
2181,3172,s4_243,ВН-АКТ-E33,Мебель,7800,Шкаф Северная Венеция 70х25х70 МДФ навесной ч глянец; ТМ: Aquaton,Тип товара: Шкаф; Наименование: Северная Венеция; Габариты: 70х25х70; Материал: МДФ; Особенности: навесной ч глянец; ТМ: Aquaton
2182,3173,s4_244,ПР-СКЛ-001,Мебель,32400,Прихожая Атриум 220х35х215 венге ЛДСП модульный; ТМ: Сокол,Тип товара: Прихожая; Наименование: Атриум; Габариты: 220х35х215; Цвет: венге; Материал: ЛДСП; Особенности: модульный; ТМ: Сокол
2183,3174,s4_245,КР-1620-141,Мебель,12900,Кровать 90х200 венге ЛДСП кушетка; ТМ: Mr. Doors,Тип товара: Кровать; Габариты: 90х200; Цвет: венге; Материал: ЛДСП; Особенности: кушетка; ТМ: Mr. Doors
2184,3175,s4_246,КВ-12018,Мебель,5800,Ковёр 120х180 зелёный шерсть классик; ТМ: Витебск,Тип товара: Ковёр; Габариты: 120х180; Цвет: зелёный; Материал: шерсть; Особенности: классик; ТМ: Витебск
2185,3176,s4_247,ЛНП-180-903,Мебель,6400,Торшер LED 180 см смарт RGB пульт; ТМ: СветТех,Тип товара: Торшер; Особенности: LED 180 см смарт RGB пульт; ТМ: СветТех
2186,3177,s4_248,МДУЛ-3006-D47,Мебель,58900,Стенка Скандик 3.0м дуб сонома МДФ гостин 3 0 м; ТМ: Eltap,Тип товара: Стенка; Наименование: Скандик; Габариты: 3.0м; Цвет: дуб сонома; Материал: МДФ; Особенности: гостин 3 0 м; ТМ: Eltap
2187,3178,s4_249,КР-1620-,Мебель,11400,Кровать 90х200 дуб сонома ЛДСП односп; ТМ: Mr. Doors,Тип товара: Кровать; Габариты: 90х200; Цвет: дуб сонома; Материал: ЛДСП; Особенности: односп; ТМ: Mr. Doors
2188,3179,s4_250,КР-0820-942,Мебель,14700,Кровать Капитошка 80х160 белый ЛДСП детский /голуб; ТМ: Mr. Doors,Тип товара: Кровать; Наименование: Капитошка; Габариты: 80х160; Цвет: белый; Материал: ЛДСП; Особенности: детский /голуб; ТМ: Mr. Doors
2189,3180,s4_251,ИЗГ-1620-A28,Мебель,15700,Изголовье Карина 160х200 графит экокожа; кожа ТМ: Lazurit,Тип товара: Изголовье; Наименование: Карина; Габариты: 160х200; Цвет: графит; Материал: экокожа; кожа; Особенности: ТМ: Lazurit
2190,3181,s4_252,МДУЛ-2606-762,Мебель,43800,Гостиная Атриум 2.6м белый ЛДСП модульный 2 6 м; ТМ: Mebelain,Тип товара: Гостиная; Наименование: Атриум; Габариты: 2.6м; Цвет: белый; Материал: ЛДСП; Особенности: модульный 2 6 м; ТМ: Mebelain
2191,3182,s4_253,ШП-1806-F10,Мебель,48700,Шкаф платяной Лион 180х60х225 ЛДСП 4-дверный артизан; ТМ: Mr. Doors,Тип товара: Шкаф платяной; Наименование: Лион; Габариты: 180х60х225; Материал: ЛДСП; Особенности: 4-дверный артизан; ТМ: Mr. Doors
2192,3183,s4_254,ШП-2006-C04,Мебель,68900,Шкаф платяной Версаль 200х60х230 МДФ 5-дверный глянец; ТМ: Lazurit,Тип товара: Шкаф платяной; Наименование: Версаль; Габариты: 200х60х230; Материал: МДФ; Особенности: 5-дверный глянец; ТМ: Lazurit
2193,3184,s4_255,ШП-1606-C55,Мебель,26800,Шкаф платяной Стокгольм 160х55х220 дуб сонома 3-дверный; ТМ: Anrex,Тип товара: Шкаф платяной; Наименование: Стокгольм; Габариты: 160х55х220; Цвет: дуб сонома; Особенности: 3-дверный; ТМ: Anrex
2194,3185,s4_256,ЛТ-SP-E04,Мебель,2400,Светильник золото спот накладной LED 12Вт 2шт; ТМ: Camelion,Тип товара: Светильник; Цвет: золото; Особенности: спот накладной LED 12Вт 2шт; ТМ: Camelion
2195,3186,s4_257,МДУЛ-2806-D50,Мебель,52400,Гостиная Гранд 2.8м белый МДФ 2 8 м глянец; ТМ: Hoff,Тип товара: Гостиная; Наименование: Гранд; Габариты: 2.8м; Цвет: белый; Материал: МДФ; Особенности: 2 8 м глянец; ТМ: Hoff
2196,3187,s4_258,ЛТ-LED-891,Мебель,7400,Люстра потолоч LED 60Вт 6 ламп хром; ТМ: СветТех,Тип товара: Люстра; Особенности: потолоч LED 60Вт 6 ламп хром; ТМ: СветТех
2197,3188,s4_259,КО-BR-A90,Мебель,9200,Кресло Бюрократ KD-2 сетка детский регулир; ТМ: Бюрократ,Тип товара: Кресло; Наименование: Бюрократ KD-2; Материал: сетка; Особенности: детский регулир; ТМ: Бюрократ
2198,3189,s4_260,ПР-ANR-D78,Мебель,29400,Прихожая Брест 200х30х200 белый ЛДСП XL; ТМ: Anrex,Тип товара: Прихожая; Наименование: Брест; Габариты: 200х30х200; Цвет: белый; Материал: ЛДСП; Особенности: XL; ТМ: Anrex
2199,3190,s4_261,ВИТ-906-707,Мебель,19700,Витрина 90х35х200 венге МДФ; стекло ТМ: Сокол,Тип товара: Витрина; Габариты: 90х35х200; Цвет: венге; Материал: МДФ; стекло; Особенности: ТМ: Сокол
2200,3191,s4_262,СТЖ-1006-033,Мебель,8900,Столик журнальный 100х60х45 стекло хром; ТМ: Tetchair,Тип товара: Столик журнальный; Габариты: 100х60х45; Материал: стекло; Особенности: хром; ТМ: Tetchair
2201,3192,s4_263,КУШ-2008-A64,Мебель,28700,Кушетка Сонум Софт 200х80х70 бежевый велюр; ткань ТМ: Сонум,Тип товара: Кушетка; Наименование: Сонум Софт; Габариты: 200х80х70; Цвет: бежевый; Материал: велюр; ткань; Особенности: ТМ: Сонум
2202,3193,s4_264,ССТ-706-954,Мебель,5800,Стеллаж Школьник 70х30х190 ЛДСП 5 полок бук; ТМ: Любимый дом,Тип товара: Стеллаж; Наименование: Школьник; Габариты: 70х30х190; Материал: ЛДСП; Особенности: 5 полок бук; ТМ: Любимый дом
2203,3194,s4_265,МДУЛ-806-D60,Мебель,12800,Шкаф Скандик 80х40х210 дуб МДФ модуль узк; ТМ: Eltap,Тип товара: Шкаф; Наименование: Скандик; Габариты: 80х40х210; Цвет: дуб; Материал: МДФ; Особенности: модуль узк; ТМ: Eltap
2204,3195,s4_266,ВН-AQW-012,Мебель,12800,«бергамо» Бергамо 35х30х160 серый МДФ пенал подвесн; ТМ: Aqwella,Тип товара: «бергамо»; Наименование: Бергамо; Габариты: 35х30х160; Цвет: серый; Материал: МДФ; Особенности: пенал подвесн; ТМ: Aqwella
2205,3196,s4_267,ОБВ-806-C77,Мебель,4400,«брест» Брест 80х25х95 белый ЛДСП обувница откидн; ТМ: Anrex,Тип товара: «брест»; Наименование: Брест; Габариты: 80х25х95; Цвет: белый; Материал: ЛДСП; Особенности: обувница откидн; ТМ: Anrex
2206,3197,s4_268,ДУ-3001-D29,Мебель,94800,Диван Сонум Мега серый велюр модульный 5-секц; ТМ: Сонум,Тип товара: Диван; Наименование: Сонум Мега; Цвет: серый; Материал: велюр; Особенности: модульный 5-секц; ТМ: Сонум
2207,3198,s4_269,ДЕТ-ШК-007,Мебель,3400,Тумба прикроватная Школьник 40х40х50 белый/бежевый ЛДСП тумба прикроватный; ТМ: Любимый дом,Тип товара: Тумба прикроватная; Наименование: Школьник; Габариты: 40х40х50; Цвет: белый/бежевый; Материал: ЛДСП; Особенности: тумба прикроватный; ТМ: Любимый дом
2208,3199,s4_270,СТ-1207-330,Мебель,9800,Стол 120х70 венге ЛДСП комп с надстр; ТМ: Anrex,Тип товара: Стол; Габариты: 120х70; Цвет: венге; Материал: ЛДСП; Особенности: комп с надстр; ТМ: Anrex
2209,3200,s4_271,ЯР-PL-B18,Мебель,540,Ящик 50х30х25 белый; серый пластик шта 25л; ТМ: Алтек,Тип товара: Ящик; Габариты: 50х30х25; Цвет: белый; серый; Материал: пластик; Особенности: шта 25л; ТМ: Алтек
2210,3201,s4_272,ЛН-LED-441,Мебель,2300,Лампа белый металл наст LED 12W сенсор; ТМ: Эра,Тип товара: Лампа; Цвет: белый; Материал: металл; Особенности: наст LED 12W сенсор; ТМ: Эра
2211,3202,s4_273,МТР-1620-843,Мебель,33700,Матрас Релакс 160х200 гибрид мемори+пружинный; ТМ: Promtex,Тип товара: Матрас; Наименование: Релакс; Габариты: 160х200; Особенности: гибрид мемори+пружинный; ТМ: Promtex
2212,3203,s4_274,ПР-СКЛ-005,Мебель,29800,Прихожая Лофт-Прихожая 200х35х215 венге ЛДСП компл; ТМ: Сокол,Тип товара: Прихожая; Наименование: Лофт-Прихожая; Габариты: 200х35х215; Цвет: венге; Материал: ЛДСП; Особенности: компл; ТМ: Сокол
2213,3204,s4_275,КШ-6080-774,Мебель,5800,Шкаф кухонный 60х60х72 бежевый МДФ навесной угловой; ТМ: Stolline,Тип товара: Шкаф кухонный; Габариты: 60х60х72; Цвет: бежевый; Материал: МДФ; Особенности: навесной угловой; ТМ: Stolline
2214,3205,s4_276,ОРГ-ТКЛ-B22,Мебель,780,Шкаф 30х15х80 серый органайзер тканевый для а 9 секц; ТМ: Этель,Тип товара: Шкаф; Габариты: 30х15х80; Цвет: серый; Особенности: органайзер тканевый для а 9 секц; ТМ: Этель
2215,3206,s4_277,КО-868-009,Мебель,7800,Кресло офисное Бюрократ CH-868 сетка кресло офисный зелён,Тип товара: Кресло офисное; Наименование: Бюрократ CH-868; Материал: сетка; Особенности: кресло офисный зелён
2216,3207,s4_278,ЛН-LED-B10,Мебель,3700,Лампа металл архитект LED 18W поворотный; ТМ: Эра,Тип товара: Лампа; Материал: металл; Особенности: архитект LED 18W поворотный; ТМ: Эра
2217,3208,s4_279,ДУ-2802-A58,Мебель,94800,Диван Аскона Релакс экокожа; кожа с реклайнер; ТМ: Аскона,Тип товара: Диван; Наименование: Аскона Релакс; Материал: экокожа; кожа; Особенности: с реклайнер; ТМ: Аскона
2218,3209,s4_280,ОБ-СТ-882,Мебель,11400,Стул обеденный Винтаж ткань деревянный серая (4 шт); ТМ: Stolline,Тип товара: Стул обеденный; Наименование: Винтаж; Материал: ткань; Особенности: деревянный серая (4 шт); ТМ: Stolline
2219,3210,s4_281,ДН-2090-141,Мебель,67400,Диван Честер 200х90 коричневый кожа ТМ: Eltap,Тип товара: Диван; Наименование: Честер; Габариты: 200х90; Цвет: коричневый; Материал: кожа; Особенности: ТМ: Eltap
2220,3211,s4_282,ТРН-SE-002,Мебель,22400,Велотренажёр City велотренаж вертикальный 12 програм дисплей; ТМ: Sportelite,Тип товара: Велотренажёр; Наименование: City; Особенности: велотренаж вертикальный 12 програм дисплей; ТМ: Sportelite
2221,3212,s4_283,ШК-####,Мебель,28900,Шкаф-купе 180х60х220 белый ЛДСП 2-дверный; ТМ: Anrex,Тип товара: Шкаф-купе; Габариты: 180х60х220; Цвет: белый; Материал: ЛДСП; Особенности: 2-дверный; ТМ: Anrex
2222,3213,s4_284,КГ-3200-779,Мебель,69800,Кухня Хай-тек 3.2м белый МДФ модульный 3 2 м глянец; ТМ: Сокол,Тип товара: Кухня; Наименование: Хай-тек; Габариты: 3.2м; Цвет: белый; Материал: МДФ; Особенности: модульный 3 2 м глянец; ТМ: Сокол
2223,3214,s4_285,ЛН-CL-452,Мебель,1800,Лампа бежевый текстиль наст классический абажур; ТМ: Эра,Тип товара: Лампа; Цвет: бежевый; Материал: текстиль; Особенности: наст классический абажур; ТМ: Эра
2224,3215,s4_286,ШО-1006-B44,Мебель,13400,Шкаф 100х35х200 дуб сонома ЛДСП для бумаг; ТМ: Бюрократ,Тип товара: Шкаф; Габариты: 100х35х200; Цвет: дуб сонома; Материал: ЛДСП; Особенности: для бумаг; ТМ: Бюрократ
2225,3216,s4_287,ТП-4540-726,Мебель,6900,Тумба прикроватная Карина 45х40х55 графит МДФ тумба прикроватный; ТМ: Lazurit,Тип товара: Тумба прикроватная; Наименование: Карина; Габариты: 45х40х55; Цвет: графит; Материал: МДФ; Особенности: тумба прикроватный; ТМ: Lazurit
2226,3217,s4_288,ТУС-1204-014,Мебель,22400,Туалетный столик Аделина 120х45 МДФ туал столик с подсв; ТМ: Lazurit,Тип товара: Туалетный столик; Наименование: Аделина; Габариты: 120х45; Материал: МДФ; Особенности: туал столик с подсв; ТМ: Lazurit
2227,3218,s4_289,ШК-2406-022,Мебель,38900,Шкаф-купе 240х60х220 белый ЛДСП 2-дверный; ТМ: Mr. Doors,Тип товара: Шкаф-купе; Габариты: 240х60х220; Цвет: белый; Материал: ЛДСП; Особенности: 2-дверный; ТМ: Mr. Doors
2228,3219,s4_290,КО-MTT-863,Мебель,19800,Кресло операторское Метта Su-B чёрный сетка кресло операторский; ТМ: Метта,Тип товара: Кресло операторское; Наименование: Метта Su-B; Цвет: чёрный; Материал: сетка; Особенности: кресло операторский; ТМ: Метта
2229,3220,s4_291,КГ-3600-A04,Мебель,94800,Кухня Прованс 3.6х1.8м МДФ угловой 3 6х1 8 м слон кость; ТМ: Stolline,Тип товара: Кухня; Наименование: Прованс; Габариты: 3.6х1.8м; Материал: МДФ; Особенности: угловой 3 6х1 8 м слон кость; ТМ: Stolline
2230,3221,s4_292,СТЖ-705-044,Мебель,4700,Столик журнальный 70х45 венге МДФ круг; ТМ: Tetchair,Тип товара: Столик журнальный; Габариты: 70х45; Цвет: венге; Материал: МДФ; Особенности: круг; ТМ: Tetchair
2231,3222,s4_293,ССТ-705-946,Мебель,4800,Стеллаж Капитошка 70х30х150 белый дет 4 полки /желт; ТМ: Mr. Doors,Тип товара: Стеллаж; Наименование: Капитошка; Габариты: 70х30х150; Цвет: белый; Особенности: дет 4 полки /желт; ТМ: Mr. Doors
2232,3223,s4_294,МТР-1620-A81,Мебель,7800,Матрас Топпер 160х200 пена мемори 4 см; ТМ: Promtex,Тип товара: Матрас; Наименование: Топпер; Габариты: 160х200; Материал: пена мемори; Особенности: 4 см; ТМ: Promtex
2233,3224,s4_295,КВ-22030,Мебель,22400,Ковёр 220х300 бежево-голубой шерсть классик; ТМ: Витебск,Тип товара: Ковёр; Габариты: 220х300; Цвет: бежево-голубой; Материал: шерсть; Особенности: классик; ТМ: Витебск
2234,3225,s4_296,ТУМ-454-976,Мебель,5800,Тумба 45х50х65 дуб ЛДСП офисный выкатн 3-ящик; ТМ: Бюрократ,Тип товара: Тумба; Габариты: 45х50х65; Цвет: дуб; Материал: ЛДСП; Особенности: офисный выкатн 3-ящик; ТМ: Бюрократ
2235,3226,s4_297,СТ-1206-441,Мебель,5100,Стол письменный 120х60 белый ЛДСП ТМ: Anrex,Тип товара: Стол письменный; Габариты: 120х60; Цвет: белый; Материал: ЛДСП; Особенности: ТМ: Anrex
2236,3227,s4_298,МДУЛ-2406-D59,Мебель,38900,Гостиная Скандик 2.4м дуб МДФ модуль мини 2 4 м; ТМ: Eltap,Тип товара: Гостиная; Наименование: Скандик; Габариты: 2.4м; Цвет: дуб; Материал: МДФ; Особенности: модуль мини 2 4 м; ТМ: Eltap
2237,3228,s4_299,МДУЛ-1006-A49,Мебель,14800,Шкаф Скандик 100х40х210 дуб ЛДСП модуль; ТМ: Eltap,Тип товара: Шкаф; Наименование: Скандик; Габариты: 100х40х210; Цвет: дуб; Материал: ЛДСП; Особенности: модуль; ТМ: Eltap
2238,3229,s4_300,ОБ-СТ-B69,Мебель,10400,Стул обеденный Модерн металлический каркас; экокожа; кожа; металл белая (4 шт); ТМ: Stolline,Тип товара: Стул обеденный; Наименование: Модерн; Материал: металлический каркас; экокожа; кожа; металл; Особенности: белая (4 шт); ТМ: Stolline
2239,3230,s4_301,КР-1820-F11,Мебель,36400,Кровать Манхэттен 180х200 графит ЛДСП дв; ТМ: Сонум,Тип товара: Кровать; Наименование: Манхэттен; Габариты: 180х200; Цвет: графит; Материал: ЛДСП; Особенности: дв; ТМ: Сонум
2240,3231,s4_302,КГ-3000-771,Мебель,67800,Кухня Венеция 3.0м бежевый МДФ модульный 3 0 м; ТМ: Stolline,Тип товара: Кухня; Наименование: Венеция; Габариты: 3.0м; Цвет: бежевый; Материал: МДФ; Особенности: модульный 3 0 м; ТМ: Stolline
2241,3232,s4_303,ДН-2200-808,Мебель,67800,Диван Релакс бежевый экокожа; кожа с реклайнер; ТМ: Сонум,Тип товара: Диван; Наименование: Релакс; Цвет: бежевый; Материал: экокожа; кожа; Особенности: с реклайнер; ТМ: Сонум
2242,3233,s4_304,КО-868-006,Мебель,7600,Кресло офисное Бюрократ CH-868 сетка кресло офисный серая,Тип товара: Кресло офисное; Наименование: Бюрократ CH-868; Материал: сетка; Особенности: кресло офисный серая
2243,3234,s4_305,ДКР-ЭТЛ-002,Мебель,1800,Ваза Лагуна h35см стекло h35 см прозр синяя; ТМ: Этель,Тип товара: Ваза; Наименование: Лагуна; Габариты: h35см; Материал: стекло; Особенности: h35 см прозр синяя; ТМ: Этель
2244,3235,s4_306,ПОД-4040-B41,Мебель,820,Подушка 40х40 рогожка декоративный горчичн; ТМ: Этель,Тип товара: Подушка; Габариты: 40х40; Материал: рогожка; Особенности: декоративный горчичн; ТМ: Этель
2245,3236,s4_307,ДЕТ-ШК-009,Мебель,15400,Шкаф платяной Школьник 80х50х190 белый/бежевый ЛДСП ТМ: Любимый дом,Тип товара: Шкаф платяной; Наименование: Школьник; Габариты: 80х50х190; Цвет: белый/бежевый; Материал: ЛДСП; Особенности: ТМ: Любимый дом
2246,3237,s4_308,ТУС-1204-744,Мебель,27800,Туалетный столик Флоренция 120х50х80 ясень массив ясень туал столик; ТМ: Mebelain,Тип товара: Туалетный столик; Наименование: Флоренция; Габариты: 120х50х80; Цвет: ясень; Материал: массив ясень; Особенности: туал столик; ТМ: Mebelain
2247,3238,s4_309,КШ-6080-775,Мебель,14700,Шкаф кухонный 60х60х200 бежевый МДФ пенал; ТМ: Stolline,Тип товара: Шкаф кухонный; Габариты: 60х60х200; Цвет: бежевый; Материал: МДФ; Особенности: пенал; ТМ: Stolline
2248,3239,s4_310,КВ-14020,Мебель,6700,Ковёр 140х200 бежевый шегги высокий ворс; ТМ: Меринос,Тип товара: Ковёр; Габариты: 140х200; Цвет: бежевый; Особенности: шегги высокий ворс; ТМ: Меринос
2249,3240,s4_311,ЛТ-LED-E01,Мебель,14800,Трек-система 4м чёрный магнитный LED 48В; ТМ: Navigator,Тип товара: Трек-система; Габариты: 4м; Цвет: чёрный; Особенности: магнитный LED 48В; ТМ: Navigator
2250,3241,s4_312,ССТ-1808-496,Мебель,9800,Стеллаж 180х35х200 лесенка 4 полки бамбук; ТМ: Икар,Тип товара: Стеллаж; Габариты: 180х35х200; Особенности: лесенка 4 полки бамбук; ТМ: Икар
2251,3242,s4_313,БС-5085-077,Мебель,4200,Стул 50х50х85 коричневый экокожа; кожа барн со спин; ТМ: Tetchair,Тип товара: Стул; Габариты: 50х50х85; Цвет: коричневый; Материал: экокожа; кожа; Особенности: барн со спин; ТМ: Tetchair
2252,3243,s4_314,ЛН-USB-018,Мебель,1450,Лампа чёрный пластик наст диммер USB; ТМ: Эра,Тип товара: Лампа; Цвет: чёрный; Материал: пластик; Особенности: наст диммер USB; ТМ: Эра
2253,3244,s4_315,ВН-АКТ-001,Мебель,14800,Тумба под раковину Америна 60х48х86 МДФ тумба под раковина белая; ТМ: Aquaton,Тип товара: Тумба под раковину; Наименование: Америна; Габариты: 60х48х86; Материал: МДФ; Особенности: тумба под раковина белая; ТМ: Aquaton
2254,3245,s4_316,КОМ-1404-574,Мебель,38900,Комод Премиум 140х50х100 дуб шпон 6-ящик; ТМ: Лером,Тип товара: Комод; Наименование: Премиум; Габариты: 140х50х100; Цвет: дуб; Материал: шпон; Особенности: 6-ящик; ТМ: Лером
2255,3246,s4_317,ДН-2400-A57,Мебель,67800,Диван Аскона Гранд графит велюр еврокнижка; ТМ: Аскона,Тип товара: Диван; Наименование: Аскона Гранд; Цвет: графит; Материал: велюр; Особенности: еврокнижка; ТМ: Аскона
2256,3247,s4_318,ЛТ-SP-B03,Мебель,480,Светильник чёрный спот встроенный GU10 1шт; ТМ: Эра,Тип товара: Светильник; Цвет: чёрный; Особенности: спот встроенный GU10 1шт; ТМ: Эра
2257,3248,s4_319,КР-1820-C02,Мебель,46400,Кровать Версаль 180х200 МДФ дв глянец слон кость; ТМ: Lazurit,Тип товара: Кровать; Наименование: Версаль; Габариты: 180х200; Материал: МДФ; Особенности: дв глянец слон кость; ТМ: Lazurit
2258,3249,s4_320,КВ-15020,Мебель,4900,Ковёр 150х200 акрил детский рис машинки; ТМ: Меринос,Тип товара: Ковёр; Габариты: 150х200; Материал: акрил; Особенности: детский рис машинки; ТМ: Меринос
2259,3250,s4_321,КШ-3060-D67,Мебель,2400,Шкаф кухонный 30х30х72 венге ЛДСП навесной узк; ТМ: Сокол,Тип товара: Шкаф кухонный; Габариты: 30х30х72; Цвет: венге; Материал: ЛДСП; Особенности: навесной узк; ТМ: Сокол
2260,3251,s4_322,КР-1820-363,Мебель,27400,Кровать Соня 180х200 венге ЛДСП дв; ТМ: Lazurit,Тип товара: Кровать; Наименование: Соня; Габариты: 180х200; Цвет: венге; Материал: ЛДСП; Особенности: дв; ТМ: Lazurit
2261,3252,s4_323,КШ-4560-A12,Мебель,3700,Шкаф кухонный 45х45х72 дуб ЛДСП навесной угловой; ТМ: Сокол,Тип товара: Шкаф кухонный; Габариты: 45х45х72; Цвет: дуб; Материал: ЛДСП; Особенности: навесной угловой; ТМ: Сокол
2262,3253,s4_324,КР-1620-014,Мебель,34200,Кровать Аделина 160х200 слоновая кость экокожа; кожа дв; ТМ: Lazurit,Тип товара: Кровать; Наименование: Аделина; Габариты: 160х200; Цвет: слоновая кость; Материал: экокожа; кожа; Особенности: дв; ТМ: Lazurit
2263,3254,s4_325,ТУС-1004-660,Мебель,11800,Туалетный столик Норд 100х45х80 дуб ЛДСП туал столик; ТМ: Anrex,Тип товара: Туалетный столик; Наименование: Норд; Габариты: 100х45х80; Цвет: дуб; Материал: ЛДСП; Особенности: туал столик; ТМ: Anrex
2264,3255,s4_326,КП-1606-784,Мебель,24800,Прихожая Скандик 160х35х210 белый ЛДСП компл; ТМ: Икар,Тип товара: Прихожая; Наименование: Скандик; Габариты: 160х35х210; Цвет: белый; Материал: ЛДСП; Особенности: компл; ТМ: Икар
2265,3256,s4_327,СТО-1607-407,Мебель,18400,Стол офисный 160х80 венге ЛДСП руководителя; ТМ: Бюрократ,Тип товара: Стол офисный; Габариты: 160х80; Цвет: венге; Материал: ЛДСП; Особенности: руководителя; ТМ: Бюрократ
2266,3257,s4_328,ДН-2400-C20,Мебель,58900,Диван Манхэттен 240х95 графит рогожка еврокнижка; ТМ: Сонум,Тип товара: Диван; Наименование: Манхэттен; Габариты: 240х95; Цвет: графит; Материал: рогожка; Особенности: еврокнижка; ТМ: Сонум
2267,3258,s4_329,ТП-4540-303,Мебель,7600,Тумба прикроватная Прага 45х40х55 массив бук тумба прикроватный; ТМ: Mebelain,Тип товара: Тумба прикроватная; Наименование: Прага; Габариты: 45х40х55; Материал: массив бук; Особенности: тумба прикроватный; ТМ: Mebelain
2268,3259,s4_330,ССТ-905-117,Мебель,6700,Стеллаж 90х30х190 белый ЛДСП 5 полок; ТМ: Сокол,Тип товара: Стеллаж; Габариты: 90х30х190; Цвет: белый; Материал: ЛДСП; Особенности: 5 полок; ТМ: Сокол
2269,3260,s4_331,ХР-ПРК-012,Мебель,1800,Ящик 35х27х30 серый металл архив А4 замок; ТМ: Практик,Тип товара: Ящик; Габариты: 35х27х30; Цвет: серый; Материал: металл; Особенности: архив А4 замок; ТМ: Практик
2270,3261,s4_332,БАН-1004-A37,Мебель,8400,Банкетка Гранд 100х40х48 МДФ модульный глянец; ТМ: Hoff,Тип товара: Банкетка; Наименование: Гранд; Габариты: 100х40х48; Материал: МДФ; Особенности: модульный глянец; ТМ: Hoff
2271,3262,s4_333,ОБ-СТ-B70,Мебель,7800,Стул обеденный ткань полукрес деревянный серая (2 шт); ТМ: Stolline,Тип товара: Стул обеденный; Материал: ткань; Особенности: полукрес деревянный серая (2 шт); ТМ: Stolline
2272,3263,s4_334,ШО-906-174,Мебель,7800,Шкаф офисный 90х40х190 серый ЛДСП 5 полок; ТМ: Бюрократ,Тип товара: Шкаф офисный; Габариты: 90х40х190; Цвет: серый; Материал: ЛДСП; Особенности: 5 полок; ТМ: Бюрократ
2273,3264,s4_335,МТР-1420-A74,Мебель,25700,Матрас Vegas Soft 140х200 пена мемори беспружинный; ТМ: Vegas,Тип товара: Матрас; Наименование: Vegas Soft; Габариты: 140х200; Материал: пена мемори; Особенности: беспружинный; ТМ: Vegas
2274,3265,s4_336,ВН-АКТ-E15,Мебель,24400,Тумба Йорк 100х48х85 белый МДФ напольный; ТМ: Aquaton,Тип товара: Тумба; Наименование: Йорк; Габариты: 100х48х85; Цвет: белый; Материал: МДФ; Особенности: напольный; ТМ: Aquaton
2275,3266,s4_337,МТР-0920-D06,Мебель,24800,Матрас Vita Plus 90х200 латекс пружинный независимый; ТМ: Орматек,Тип товара: Матрас; Наименование: Vita Plus; Габариты: 90х200; Материал: латекс; Особенности: пружинный независимый; ТМ: Орматек
2276,3267,s4_338,ТВ-1604-909,Мебель,7400,Тумба ТВ Скандик 160х40х45 дуб ЛДСП ТМ: Сокол,Тип товара: Тумба ТВ; Наименование: Скандик; Габариты: 160х40х45; Цвет: дуб; Материал: ЛДСП; Особенности: ТМ: Сокол
2277,3268,s4_339,ДУ-2802-814,Мебель,72400,Диван Премьер капучино велюр дельфин; ТМ: Аскона,Тип товара: Диван; Наименование: Премьер; Цвет: капучино; Материал: велюр; Особенности: дельфин; ТМ: Аскона
2278,3269,s4_340,ЗЕР-7090-708,Мебель,5400,Зеркало Орхидея 70х90 дуб настенный рама мол; ТМ: Лером,Тип товара: Зеркало; Наименование: Орхидея; Габариты: 70х90; Цвет: дуб; Особенности: настенный рама мол; ТМ: Лером
2279,3270,s4_341,КОМ-1104-447,Мебель,19800,Комод Венеция 110х45х95 белый МДФ 5-ящик; ТМ: Lazurit,Тип товара: Комод; Наименование: Венеция; Габариты: 110х45х95; Цвет: белый; Материал: МДФ; Особенности: 5-ящик; ТМ: Lazurit
2280,3271,s4_342,ОБ-1209-119,Мебель,12400,Стол обеденный 160х90 дуб ЛДСП раздв 120; ТМ: Stolline,Тип товара: Стол обеденный; Габариты: 160х90; Цвет: дуб; Материал: ЛДСП; Особенности: раздв 120; ТМ: Stolline
2281,3272,s4_343,СТ-1106-734,Мебель,6200,Стол письменный Юниор 110х55 белый ЛДСП /бирюз; ТМ: Любимый дом,Тип товара: Стол письменный; Наименование: Юниор; Габариты: 110х55; Цвет: белый; Материал: ЛДСП; Особенности: /бирюз; ТМ: Любимый дом
2282,3273,s4_344,ТП-4545-447,Мебель,6800,Тумба прикроватная Венеция 45х45х55 белый МДФ тумба прикроватный; ТМ: Lazurit,Тип товара: Тумба прикроватная; Наименование: Венеция; Габариты: 45х45х55; Цвет: белый; Материал: МДФ; Особенности: тумба прикроватный; ТМ: Lazurit
2283,3274,s4_345,КАК-7575-821,Мебель,38400,Кресло Релакс коричневый экокожа; кожа с подножк реклайнер; ТМ: Сонум,Тип товара: Кресло; Наименование: Релакс; Цвет: коричневый; Материал: экокожа; кожа; Особенности: с подножк реклайнер; ТМ: Сонум
2284,3275,s4_346,КР-0820-099,Мебель,14200,Кровать 80х170 МДФ машина красн; ТМ: Сокол,Тип товара: Кровать; Габариты: 80х170; Материал: МДФ; Особенности: машина красн; ТМ: Сокол
2285,3276,s4_347,ТВ-1804-C57,Мебель,13800,Тумба ТВ Аделина 180х45х50 слоновая кость МДФ глянец; ТМ: Lazurit,Тип товара: Тумба ТВ; Наименование: Аделина; Габариты: 180х45х50; Цвет: слоновая кость; Материал: МДФ; Особенности: глянец; ТМ: Lazurit
2286,3277,s4_348,КРЗ-РТ-B12,Мебель,2200,Корзина 50х50х40 натуральный ротанг плетёный XL; ТМ: Этель,Тип товара: Корзина; Габариты: 50х50х40; Цвет: натуральный; Материал: ротанг; Особенности: плетёный XL; ТМ: Этель
2287,3278,s4_349,ЛНП-180-463,Мебель,4700,Торшер 1.8м золото металл 1 8 м абажур; ТМ: СветТех,Тип товара: Торшер; Габариты: 1.8м; Цвет: золото; Материал: металл; Особенности: 1 8 м абажур; ТМ: СветТех
2288,3279,s4_350,ПР-ANR-D76,Мебель,41800,Прихожая Гомель 260х35х215 дуб ЛДСП компл; ТМ: Anrex,Тип товара: Прихожая; Наименование: Гомель; Габариты: 260х35х215; Цвет: дуб; Материал: ЛДСП; Особенности: компл; ТМ: Anrex
2289,3280,s4_351,ИЗГ-1820-A29,Мебель,17800,Изголовье Карина 180х200 графит экокожа; кожа ТМ: Lazurit,Тип товара: Изголовье; Наименование: Карина; Габариты: 180х200; Цвет: графит; Материал: экокожа; кожа; Особенности: ТМ: Lazurit
2290,3281,s4_352,ТРН-SE-001,Мебель,18900,Велотренажёр Smart чёрный велотренаж магнитный 8 уровн; ТМ: Sportelite,Тип товара: Велотренажёр; Наименование: Smart; Цвет: чёрный; Особенности: велотренаж магнитный 8 уровн; ТМ: Sportelite
2291,3282,s4_353,МТР-1420-838,Мебель,14700,Матрас Эконом 140х200 пружинный бонель ватин; ТМ: Орматек,Тип товара: Матрас; Наименование: Эконом; Габариты: 140х200; Особенности: пружинный бонель ватин; ТМ: Орматек
2292,3283,s4_354,ШП-2006-447,Мебель,62400,Шкаф платяной Венеция 200х60х230 МДФ 5-дверный; ТМ: Lazurit,Тип товара: Шкаф платяной; Наименование: Венеция; Габариты: 200х60х230; Материал: МДФ; Особенности: 5-дверный; ТМ: Lazurit
2293,3284,s4_355,КОМ-1004-352,Мебель,9700,Комод Соня 100х40х85 венге 4-ящик; ТМ: Lazurit,Тип товара: Комод; Наименование: Соня; Габариты: 100х40х85; Цвет: венге; Особенности: 4-ящик; ТМ: Lazurit
2294,3285,s4_356,КОМ-6004-241,Мебель,5400,Комод 60х40х80 белый ЛДСП 3-ящик; ТМ: Anrex,Тип товара: Комод; Габариты: 60х40х80; Цвет: белый; Материал: ЛДСП; Особенности: 3-ящик; ТМ: Anrex
2295,3286,s4_357,ЗЕР-D60-B36,Мебель,4900,Зеркало дуб настенный круг d60 рама деревянный; ТМ: Икар,Тип товара: Зеркало; Цвет: дуб; Особенности: настенный круг d60 рама деревянный; ТМ: Икар
2296,3287,s4_358,ШП-1606-E55,Мебель,42800,Шкаф платяной 160х55х225 МДФ 3-дверный глянец; ТМ: DiamondFurniture,Тип товара: Шкаф платяной; Габариты: 160х55х225; Материал: МДФ; Особенности: 3-дверный глянец; ТМ: DiamondFurniture
2297,3288,s4_359,КОМ-8049-225,Мебель,7800,Комод 80х40х90 белый ЛДСП 4-ящик; ТМ: Anrex,Тип товара: Комод; Габариты: 80х40х90; Цвет: белый; Материал: ЛДСП; Особенности: 4-ящик; ТМ: Anrex
2298,3289,s4_360,КО-512-D85,Мебель,7900,Кресло операторское Бюрократ CH-512 сетка кресло операторский серая регулир,Тип товара: Кресло операторское; Наименование: Бюрократ CH-512; Материал: сетка; Особенности: кресло операторский серая регулир
2299,3290,s4_361,СЕЙ-303-981,Мебель,14800,Сейф 30х30х40 чёрный металл офисный электр замок; ТМ: Практик,Тип товара: Сейф; Габариты: 30х30х40; Цвет: чёрный; Материал: металл; Особенности: офисный электр замок; ТМ: Практик
2300,3291,s4_362,КГ-2400-101,Мебель,48900,Кухня Прованс 2.4м бежевый МДФ модульный 2 4 м; ТМ: Сокол,Тип товара: Кухня; Наименование: Прованс; Габариты: 2.4м; Цвет: бежевый; Материал: МДФ; Особенности: модульный 2 4 м; ТМ: Сокол
2301,3292,s4_363,ДЕТ-TET-015,Мебель,7800,Стеллаж Tetris 80х35х180 дуб ЛДСП модульный артизан; ТМ: Mr. Doors,Тип товара: Стеллаж; Наименование: Tetris; Габариты: 80х35х180; Цвет: дуб; Материал: ЛДСП; Особенности: модульный артизан; ТМ: Mr. Doors
2302,3293,s4_364,ДУ-3001-202,Мебель,58200,Диван Сити графит велюр аккордеон; ТМ: Eltap,Тип товара: Диван; Наименование: Сити; Цвет: графит; Материал: велюр; Особенности: аккордеон; ТМ: Eltap
2303,3294,s4_365,КР-1620-352,Мебель,24800,Кровать Соня 160х200 венге ЛДСП дв с ламел; ТМ: Lazurit,Тип товара: Кровать; Наименование: Соня; Габариты: 160х200; Цвет: венге; Материал: ЛДСП; Особенности: дв с ламел; ТМ: Lazurit
2304,3295,s4_366,ТРН-BS-006,Мебель,47800,«be-7900» BE-7900 эллипс электромагнитный 24 програм; ТМ: Body Sculpture,Тип товара: «be-7900»; Наименование: BE-7900; Особенности: эллипс электромагнитный 24 програм; ТМ: Body Sculpture
2305,3296,s4_367,ШО-1206-971,Мебель,12400,Шкаф офисный 120х35х200 серый ЛДСП 4 полки; ТМ: Практик,Тип товара: Шкаф офисный; Габариты: 120х35х200; Цвет: серый; Материал: ЛДСП; Особенности: 4 полки; ТМ: Практик
2306,3297,s4_368,ВН-MST-015,Мебель,13400,«кантри» Кантри 40х33х170 МДФ пенал напольный слон кость; ТМ: Misty,Тип товара: «кантри»; Наименование: Кантри; Габариты: 40х33х170; Материал: МДФ; Особенности: пенал напольный слон кость; ТМ: Misty
2307,3298,s4_369,ДН-2200-C21,Мебель,47800,Диван Манхэттен бежевый микровельвет; ткань книжка; ТМ: Сонум,Тип товара: Диван; Наименование: Манхэттен; Цвет: бежевый; Материал: микровельвет; ткань; Особенности: книжка; ТМ: Сонум
2308,3299,s4_370,КГ-OS-D74,Мебель,42800,Кухонн. Кантри XL 140х90х90 бежевый МДФ остров; ТМ: Stolline,Тип товара: Кухонн.; Наименование: Кантри XL; Габариты: 140х90х90; Цвет: бежевый; Материал: МДФ; Особенности: остров; ТМ: Stolline
2309,3300,s4_371,ДН-1808-404,Мебель,71800,Диван Модуль рогожка модульный 3-секц серая; ТМ: Eltap,Тип товара: Диван; Наименование: Модуль; Материал: рогожка; Особенности: модульный 3-секц серая; ТМ: Eltap
2310,3301,s4_372,МТР-1620-F18,Мебель,21800,Матрас Optima Plus 160х200 пружинный независимый зональный; ТМ: Аскона,Тип товара: Матрас; Наименование: Optima Plus; Габариты: 160х200; Особенности: пружинный независимый зональный; ТМ: Аскона
2311,3302,s4_373,МТР-1620-836,Мебель,34800,Матрас Ортопед 160х200 латекс беспружинный кокос; ТМ: Орматек,Тип товара: Матрас; Наименование: Ортопед; Габариты: 160х200; Материал: латекс; Особенности: беспружинный кокос; ТМ: Орматек
2312,3303,s4_374,МТР-1520-D12,Мебель,26800,Матрас Vegas Soft 150х200 пена мемори беспружинный; ТМ: Vegas,Тип товара: Матрас; Наименование: Vegas Soft; Габариты: 150х200; Материал: пена мемори; Особенности: беспружинный; ТМ: Vegas
2313,3304,s4_375,МДУЛ-2406-D46,Мебель,42800,Стенка Скандик 2.4м дуб сонома ЛДСП гостин 2 4 м; ТМ: Eltap,Тип товара: Стенка; Наименование: Скандик; Габариты: 2.4м; Цвет: дуб сонома; Материал: ЛДСП; Особенности: гостин 2 4 м; ТМ: Eltap
2314,3305,s4_376,МДУЛ-606-A42,Мебель,11800,«гранд» Гранд 60х30х210 МДФ модуль полки откр глянец; ТМ: Hoff,Тип товара: «гранд»; Наименование: Гранд; Габариты: 60х30х210; Материал: МДФ; Особенности: модуль полки откр глянец; ТМ: Hoff
2315,3306,s4_377,ШК-2406-022,Мебель,5400,Шкаф Соната 60х25х65 белый ЛДСП навесной ч ванный; ТМ: 1MarKa,Тип товара: Шкаф; Наименование: Соната; Габариты: 60х25х65; Цвет: белый; Материал: ЛДСП; Особенности: навесной ч ванный; ТМ: 1MarKa
2316,3307,s4_378,ТРН-SE-011,Мебель,16700,Велотренажёр Home велотренаж складной 8 уровн; ТМ: Sportelite,Тип товара: Велотренажёр; Наименование: Home; Особенности: велотренаж складной 8 уровн; ТМ: Sportelite
2317,3308,s4_379,ПР-2406-783,Мебель,36900,Прихожая Аркада 240х35х215 дуб компл артизан; ТМ: Сокол,Тип товара: Прихожая; Наименование: Аркада; Габариты: 240х35х215; Цвет: дуб; Особенности: компл артизан; ТМ: Сокол
2318,3309,s4_380,ЛТ-SP-E02,Мебель,1900,Светильник белый спот поворотный LED 8Вт 4шт; ТМ: Camelion,Тип товара: Светильник; Цвет: белый; Особенности: спот поворотный LED 8Вт 4шт; ТМ: Camelion
2319,3310,s4_381,КОМ-1205-C03,Мебель,22700,Комод Версаль 120х45х95 слоновая кость МДФ 5-ящик глянец; ТМ: Lazurit,Тип товара: Комод; Наименование: Версаль; Габариты: 120х45х95; Цвет: слоновая кость; Материал: МДФ; Особенности: 5-ящик глянец; ТМ: Lazurit
2320,3311,s4_382,КР-1820-F06,Мебель,52400,Кровать Версаль 180х200 дуб шпон дв мореный массив; ТМ: Lazurit,Тип товара: Кровать; Наименование: Версаль; Габариты: 180х200; Цвет: дуб; Материал: шпон; Особенности: дв мореный массив; ТМ: Lazurit
2321,3312,s4_383,ДН-2400-A63,Мебель,78400,Диван Сонум Класс коричневый кожа еврокнижка; ТМ: Сонум,Тип товара: Диван; Наименование: Сонум Класс; Цвет: коричневый; Материал: кожа; Особенности: еврокнижка; ТМ: Сонум
2322,3313,s4_384,МТР-1820-A68,Мебель,22800,Матрас Optima 180х200 пружинный независимый эконом; ТМ: Аскона,Тип товара: Матрас; Наименование: Optima; Габариты: 180х200; Особенности: пружинный независимый эконом; ТМ: Аскона
2323,3314,s4_385,ВТ-806-996,Мебель,5400,Вешалка 80х175 стойка деревянный бук с зеркал; ТМ: Икар,Тип товара: Вешалка; Габариты: 80х175; Особенности: стойка деревянный бук с зеркал; ТМ: Икар
2324,3315,s4_386,КАР-606-B50,Мебель,16400,Картотека металл 6-ящик А4 замок серая; ТМ: Практик,Тип товара: Картотека; Материал: металл; Особенности: 6-ящик А4 замок серая; ТМ: Практик
2325,3316,s4_387,ТП-4040-C69,Мебель,4400,Тумба прикроватная Скандик 40х40х50 дуб сонома ЛДСП тумба прикроватный; ТМ: Eltap,Тип товара: Тумба прикроватная; Наименование: Скандик; Габариты: 40х40х50; Цвет: дуб сонома; Материал: ЛДСП; Особенности: тумба прикроватный; ТМ: Eltap
2326,3317,s4_388,ХР-ПРК-004,Мебель,5900,Стеллаж 100х30х185 серый металл сборн 4 полки; ТМ: Практик,Тип товара: Стеллаж; Габариты: 100х30х185; Цвет: серый; Материал: металл; Особенности: сборн 4 полки; ТМ: Практик
2327,3318,s4_389,ПОД-4040-058,Мебель,780,Подушка 40х40 велюр декоративный серая; ТМ: Этель,Тип товара: Подушка; Габариты: 40х40; Материал: велюр; Особенности: декоративный серая; ТМ: Этель
2328,3319,s4_390,КШ-805-303,Мебель,12400,Шкаф Атланта 80х30х200 дуб ЛДСП книжн; ТМ: Сокол,Тип товара: Шкаф; Наименование: Атланта; Габариты: 80х30х200; Цвет: дуб; Материал: ЛДСП; Особенности: книжн; ТМ: Сокол
2329,3320,s4_391,ПЛ-ТТР-B40,Мебель,4200,Плед 200х220 бежевый шерсть-акрил; шерсть; акрил тёплый клетка; ТМ: Этель,Тип товара: Плед; Габариты: 200х220; Цвет: бежевый; Материал: шерсть-акрил; шерсть; акрил; Особенности: тёплый клетка; ТМ: Этель
2330,3321,s4_392,ДКР-ЭТЛ-008,Мебель,4400,Картина Лофт 80х60 металл абстракт холст рама; ТМ: Этель,Тип товара: Картина; Наименование: Лофт; Габариты: 80х60; Материал: металл; Особенности: абстракт холст рама; ТМ: Этель
2331,3322,s4_393,ДН-1909-085,Мебель,31200,Диван 190х90 экокожа; кожа книжка белая; ТМ: Eltap,Тип товара: Диван; Габариты: 190х90; Материал: экокожа; кожа; Особенности: книжка белая; ТМ: Eltap
2332,3323,s4_394,ЛН-OFC-902,Мебель,2800,Лампа чёрный офисный LED 15W с дисплеем; ТМ: Эра,Тип товара: Лампа; Цвет: чёрный; Особенности: офисный LED 15W с дисплеем; ТМ: Эра
2333,3324,s4_395,ТРН-BS-005,Мебель,32400,Велотренажёр BC-1500 велотренаж горизонт магнитный; ТМ: Body Sculpture,Тип товара: Велотренажёр; Наименование: BC-1500; Особенности: велотренаж горизонт магнитный; ТМ: Body Sculpture
2334,3325,s4_396,ШП-1806-704,Мебель,48700,Шкаф платяной Орхидея 180х60х230 дуб 4-дверный молочн; ТМ: Лером,Тип товара: Шкаф платяной; Наименование: Орхидея; Габариты: 180х60х230; Цвет: дуб; Особенности: 4-дверный молочн; ТМ: Лером
2335,3326,s4_397,КОМ-9004-660,Мебель,9100,Комод Норд 90х40х90 дуб 4-ящик артизан; ТМ: Anrex,Тип товара: Комод; Наименование: Норд; Габариты: 90х40х90; Цвет: дуб; Особенности: 4-ящик артизан; ТМ: Anrex
2336,3327,s4_398,ШО-906-F05,Мебель,9700,Кровать 160х200 МДФ дв с подъём глянец; ТМ: Lazurit,Тип товара: Кровать; Габариты: 160х200; Материал: МДФ; Особенности: дв с подъём глянец; ТМ: Lazurit
2337,3328,s4_399,КАК-8585-C24,Мебель,19800,Кресло Манхэттен графит рогожка акцент вращ; ТМ: Сонум,Тип товара: Кресло; Наименование: Манхэттен; Цвет: графит; Материал: рогожка; Особенности: акцент вращ; ТМ: Сонум
2338,3329,s4_400,КШ-9080-773,Мебель,7400,Шкаф кухонный 90х60х85 бежевый МДФ напольный; ТМ: Stolline,Тип товара: Шкаф кухонный; Габариты: 90х60х85; Цвет: бежевый; Материал: МДФ; Особенности: напольный; ТМ: Stolline
2339,3330,s4_401,КГ-2000-B54,Мебель,38900,Кухня Кантри 2.0м МДФ прямой 2 0 м зелён матовый; ТМ: Stolline,Тип товара: Кухня; Наименование: Кантри; Габариты: 2.0м; Материал: МДФ; Особенности: прямой 2 0 м зелён матовый; ТМ: Stolline
2340,3331,s4_402,ВН-АКТ-005,Мебель,8400,Зеркало-шкаф Йорк 60х75 белый МДФ ванный; ТМ: Aquaton,Тип товара: Зеркало-шкаф; Наименование: Йорк; Габариты: 60х75; Цвет: белый; Материал: МДФ; Особенности: ванный; ТМ: Aquaton
2341,3332,s4_403,КО-799-855,Мебель,6200,Кресло операторское Бюрократ CH-799 сетка кресло операторский красн,Тип товара: Кресло операторское; Наименование: Бюрократ CH-799; Материал: сетка; Особенности: кресло операторский красн
2342,3333,s4_404,КОВ-Р-991,Мебель,8400,Ковровая дорожка 100х400 акрил ориент серая; ТМ: Витебск,Тип товара: Ковровая дорожка; Габариты: 100х400; Материал: акрил; Особенности: ориент серая; ТМ: Витебск
2343,3334,s4_405,ДН-1908-D31,Мебель,28400,Диван Pushe Эко бежевый микрофибра книжка; ТМ: Pushe,Тип товара: Диван; Наименование: Pushe Эко; Цвет: бежевый; Материал: микрофибра; Особенности: книжка; ТМ: Pushe
2344,3335,s4_406,КОМ-1004-022,Мебель,12800,Комод Берлин 100х45х90 дуб сонома 5-ящик; ТМ: Hoff,Тип товара: Комод; Наименование: Берлин; Габариты: 100х45х90; Цвет: дуб сонома; Особенности: 5-ящик; ТМ: Hoff
2345,3336,s4_407,ДКР-RG-015,Мебель,2300,Ваза Бохо h28см стекло цвет h28 см янтарь; ТМ: Royal Garden,Тип товара: Ваза; Наименование: Бохо; Габариты: h28см; Материал: стекло; Особенности: цвет h28 см янтарь; ТМ: Royal Garden
2346,3337,s4_408,ДЕТ-ШК-008,Мебель,4800,Стеллаж Школьник 60х30х150 белый/бежевый ЛДСП детский; ТМ: Любимый дом,Тип товара: Стеллаж; Наименование: Школьник; Габариты: 60х30х150; Цвет: белый/бежевый; Материал: ЛДСП; Особенности: детский; ТМ: Любимый дом
2347,3338,s4_409,КОМ-1004-263,Мебель,8400,Комод 100х30х85 дуб сонома ЛДСП узк; ТМ: Anrex,Тип товара: Комод; Габариты: 100х30х85; Цвет: дуб сонома; Материал: ЛДСП; Особенности: узк; ТМ: Anrex
2348,3339,s4_410,ШП-1806-963,Мебель,48700,Шкаф платяной Лагуна 180х60х225 МДФ 4-дверный глянец; ТМ: Anrex,Тип товара: Шкаф платяной; Наименование: Лагуна; Габариты: 180х60х225; Материал: МДФ; Особенности: 4-дверный глянец; ТМ: Anrex
2349,3340,s4_411,ПР-ANR-013,Мебель,5800,«брест» Брест 80х30х90 белый ЛДСП обувница; ТМ: Anrex,Тип товара: «брест»; Наименование: Брест; Габариты: 80х30х90; Цвет: белый; Материал: ЛДСП; Особенности: обувница; ТМ: Anrex
2350,3341,s4_412,ТУМ-454-712,Мебель,5400,Тумба Стокгольм 45х45х60 дуб сонома выкатн 3-ящик; ТМ: Anrex,Тип товара: Тумба; Наименование: Стокгольм; Габариты: 45х45х60; Цвет: дуб сонома; Особенности: выкатн 3-ящик; ТМ: Anrex
2351,3342,s4_413,КОМ-1305-742,Мебель,32400,Комод Флоренция 130х50х100 ясень 6-ящик масс; ТМ: Mebelain,Тип товара: Комод; Наименование: Флоренция; Габариты: 130х50х100; Цвет: ясень; Особенности: 6-ящик масс; ТМ: Mebelain
2352,3343,s4_414,ДКР-ЭТЛ-009,Мебель,480,Свеча h12см бежевый декоративный ароматический ваниль h12 см; ТМ: Этель,Тип товара: Свеча; Габариты: h12см; Цвет: бежевый; Особенности: декоративный ароматический ваниль h12 см; ТМ: Этель
2353,3344,s4_415,ДН-2100-806,Мебель,48900,Диван Брюссель графит велюр еврокнижка; ТМ: Pushe,Тип товара: Диван; Наименование: Брюссель; Цвет: графит; Материал: велюр; Особенности: еврокнижка; ТМ: Pushe
2354,3345,s4_416,ВН-АКТ-E16,Мебель,11400,Зеркало-шкаф Йорк 80х80 белый МДФ LED; ТМ: Aquaton,Тип товара: Зеркало-шкаф; Наименование: Йорк; Габариты: 80х80; Цвет: белый; Материал: МДФ; Особенности: LED; ТМ: Aquaton
2355,3346,s4_417,КР-1820-B61,Мебель,31400,Кровать 180х200 венге ЛДСП дв ортопед осн; ТМ: Хофф,Тип товара: Кровать; Габариты: 180х200; Цвет: венге; Материал: ЛДСП; Особенности: дв ортопед осн; ТМ: Хофф
2356,3347,s4_418,МТР-1820-A82,Мебель,9800,Матрас Топпер 180х200 кокос 4 см жёстк; ТМ: Орматек,Тип товара: Матрас; Наименование: Топпер; Габариты: 180х200; Особенности: кокос 4 см жёстк; ТМ: Орматек
2357,3348,s4_419,ССТ-806-B75,Мебель,5400,Стеллаж 80х30х170 лесенка 4 полки бамбук; ТМ: Икар,Тип товара: Стеллаж; Габариты: 80х30х170; Особенности: лесенка 4 полки бамбук; ТМ: Икар
2358,3349,s4_420,КО-797-853,Мебель,5400,Кресло операторское Бюрократ CH-797 ткань кресло операторский синяя,Тип товара: Кресло операторское; Наименование: Бюрократ CH-797; Материал: ткань; Особенности: кресло операторский синяя
2359,3350,s4_421,КШ-4080-D68,Мебель,3400,Шкаф кухонный 40х60х85 белый ЛДСП напольный; ТМ: Сокол,Тип товара: Шкаф кухонный; Габариты: 40х60х85; Цвет: белый; Материал: ЛДСП; Особенности: напольный; ТМ: Сокол
2360,3351,s4_422,ТП-4040-660,Мебель,3200,Тумба прикроватная Норд 40х40х45 дуб ЛДСП тумба прикроватный; ТМ: Anrex,Тип товара: Тумба прикроватная; Наименование: Норд; Габариты: 40х40х45; Цвет: дуб; Материал: ЛДСП; Особенности: тумба прикроватный; ТМ: Anrex
2361,3352,s4_423,ПУФ-4545-463,Мебель,4900,Пуф Груша графит велюр; ткань XXL; ТМ: Tetchair,Тип товара: Пуф; Наименование: Груша; Цвет: графит; Материал: велюр; ткань; Особенности: XXL; ТМ: Tetchair
2362,3353,s4_424,МДУЛ-2806-A47,Мебель,52400,Стенка Скандик 2.8м дуб сонома МДФ гостин 2 8 м; ТМ: Eltap,Тип товара: Стенка; Наименование: Скандик; Габариты: 2.8м; Цвет: дуб сонома; Материал: МДФ; Особенности: гостин 2 8 м; ТМ: Eltap
2363,3354,s4_425,ХР-АЛТ-003,Мебель,5400,Стеллаж 90х40х180 складной 5 полок оцинков; ТМ: Алтек,Тип товара: Стеллаж; Габариты: 90х40х180; Особенности: складной 5 полок оцинков; ТМ: Алтек
2364,3355,s4_426,ТП-4540-A35,Мебель,7800,Тумба прикроватная Флоренция 45х40х55 ясень тумба прикроватный 1-ящик масс; ТМ: Mebelain,Тип товара: Тумба прикроватная; Наименование: Флоренция; Габариты: 45х40х55; Цвет: ясень; Особенности: тумба прикроватный 1-ящик масс; ТМ: Mebelain
2365,3356,s4_427,КР-1620-001,Мебель,18900,Тумба Йорк 60х46х85 белый МДФ компл +раковина; ТМ: Aquaton,Тип товара: Тумба; Наименование: Йорк; Габариты: 60х46х85; Цвет: белый; Материал: МДФ; Особенности: компл +раковина; ТМ: Aquaton
2366,3357,s4_428,ШО-1206-E52,Мебель,14800,Шкаф офисный 120х40х200 серый металл ТМ: Hoff,Тип товара: Шкаф офисный; Габариты: 120х40х200; Цвет: серый; Материал: металл; Особенности: ТМ: Hoff
2367,3358,s4_429,ДЕТ-ЮН-004,Мебель,22400,«юниор» Юниор 90х200 белый кров -чердак со столом /мята; ТМ: Любимый дом,Тип товара: «юниор»; Наименование: Юниор; Габариты: 90х200; Цвет: белый; Особенности: кров -чердак со столом /мята; ТМ: Любимый дом
2368,3359,s4_430,ШП-1606-F07,Мебель,54800,Шкаф платяной Версаль 160х60х225 МДФ 3-дверный глянец; ТМ: Lazurit,Тип товара: Шкаф платяной; Наименование: Версаль; Габариты: 160х60х225; Материал: МДФ; Особенности: 3-дверный глянец; ТМ: Lazurit
2369,3360,s4_431,МТР-1820-A70,Мебель,42800,Матрас Vita Plus 180х200 латекс пружинный независимый; ТМ: Орматек,Тип товара: Матрас; Наименование: Vita Plus; Габариты: 180х200; Материал: латекс; Особенности: пружинный независимый; ТМ: Орматек
2370,3361,s4_432,СТ-1406-B63,Мебель,7200,Стол письменный 140х60 венге ЛДСП с надстр; ТМ: SuperMebel,Тип товара: Стол письменный; Габариты: 140х60; Цвет: венге; Материал: ЛДСП; Особенности: с надстр; ТМ: SuperMebel
2371,3362,s4_433,МТР-1620-834,Мебель,41400,Матрас Премиум 160х200 мемори-пена 7 зон; ТМ: Аскона,Тип товара: Матрас; Наименование: Премиум; Габариты: 160х200; Особенности: мемори-пена 7 зон; ТМ: Аскона
2372,3363,s4_434,ТП-4545-228,Мебель,8200,Тумба прикроватная Дакота 45х45х55 дуб тумба прикроватный масс; ТМ: Mebelain,Тип товара: Тумба прикроватная; Наименование: Дакота; Габариты: 45х45х55; Цвет: дуб; Особенности: тумба прикроватный масс; ТМ: Mebelain
2373,3364,s4_435,КГ-1800-202,Мебель,36400,Кухня Лофт 1.8м венге ЛДСП модульный 1 8 м; ТМ: Сокол,Тип товара: Кухня; Наименование: Лофт; Габариты: 1.8м; Цвет: венге; Материал: ЛДСП; Особенности: модульный 1 8 м; ТМ: Сокол
2374,3365,s4_436,ВТ-606-B29,Мебель,2800,Вешалка 60х170 золото металл напольный; ТМ: Икар,Тип товара: Вешалка; Габариты: 60х170; Цвет: золото; Материал: металл; Особенности: напольный; ТМ: Икар
2375,3366,s4_437,КО-797-D84,Мебель,5400,Кресло операторское Бюрократ CH-797 ткань кресло операторский серая,Тип товара: Кресло операторское; Наименование: Бюрократ CH-797; Материал: ткань; Особенности: кресло операторский серая
2376,3367,s4_438,КР-1620-110,Мебель,9400,Комод 100х40х90 дуб сонома ЛДСП 4-ящик; ТМ: Anrex,Тип товара: Комод; Габариты: 100х40х90; Цвет: дуб сонома; Материал: ЛДСП; Особенности: 4-ящик; ТМ: Anrex
2377,3368,s4_439,ДН-2400-D36,Мебель,47800,Диван Боровичи XL изумруд шенилл еврокнижка; ТМ: Боровичи-Мебель,Тип товара: Диван; Наименование: Боровичи XL; Цвет: изумруд; Материал: шенилл; Особенности: еврокнижка; ТМ: Боровичи-Мебель
2378,3369,s4_440,МТР-1620-A69,Мебель,36400,Матрас Vita Plus 160х200 латекс пружинный независимый; ТМ: Орматек,Тип товара: Матрас; Наименование: Vita Plus; Габариты: 160х200; Материал: латекс; Особенности: пружинный независимый; ТМ: Орматек
2379,3370,s4_441,МТР-0920-D16,Мебель,22400,Матрас Promtex Gold 90х200 латекс гибрид мемори+; ТМ: Promtex,Тип товара: Матрас; Наименование: Promtex Gold; Габариты: 90х200; Материал: латекс; Особенности: гибрид мемори+; ТМ: Promtex
2380,3371,s4_442,КО-TC-A95,Мебель,9800,Кресло операторское Tetchair Maxi серый сетка кресло операторский эргон; ТМ: Tetchair,Тип товара: Кресло операторское; Наименование: Tetchair Maxi; Цвет: серый; Материал: сетка; Особенности: кресло операторский эргон; ТМ: Tetchair
2381,3372,s4_443,КР-1620-152,Мебель,39400,Кровать Лагуна 160х200 ткань дв с ящик; ТМ: Mebelain,Тип товара: Кровать; Наименование: Лагуна; Габариты: 160х200; Материал: ткань; Особенности: дв с ящик; ТМ: Mebelain
2382,3373,s4_444,МТР-1620-A76,Мебель,38900,Матрас Promtex Gold 160х200 латекс гибрид мемори+; ТМ: Promtex,Тип товара: Матрас; Наименование: Promtex Gold; Габариты: 160х200; Материал: латекс; Особенности: гибрид мемори+; ТМ: Promtex
2383,3374,s4_445,КГ-2400-D61,Мебель,52400,Кухня Манхэттен 2.4м серый МДФ модульный 2 4 м матовый; ТМ: Stolline,Тип товара: Кухня; Наименование: Манхэттен; Габариты: 2.4м; Цвет: серый; Материал: МДФ; Особенности: модульный 2 4 м матовый; ТМ: Stolline
2384,3375,s4_446,СВТ-1604-E43,Мебель,22800,Сервант 160х40х200 венге МДФ 2-дверный со стекл; ТМ: Сокол,Тип товара: Сервант; Габариты: 160х40х200; Цвет: венге; Материал: МДФ; Особенности: 2-дверный со стекл; ТМ: Сокол
2385,3376,s4_447,БАН-906-441,Мебель,5400,Банкетка 90х40х48 экокожа; кожа прихожая с ящик; ТМ: СБК,Тип товара: Банкетка; Габариты: 90х40х48; Материал: экокожа; кожа; Особенности: прихожая с ящик; ТМ: СБК
2386,3377,s4_448,КО-FX1-858,Мебель,14400,Кресло Бюрократ FX-1 чёрный экокожа; кожа геймер /красн,Тип товара: Кресло; Наименование: Бюрократ FX-1; Цвет: чёрный; Материал: экокожа; кожа; Особенности: геймер /красн
2387,3378,s4_449,ЛТ-LED-B06,Мебель,1100,Светильник белый линейн LED 30Вт 90см; ТМ: ЭкономСвет,Тип товара: Светильник; Цвет: белый; Особенности: линейн LED 30Вт 90см; ТМ: ЭкономСвет
2388,3379,s4_450,ХР-ЭТЛ-009,Мебель,680,Корзина 30х25х20 натуральный ротанг плетёный; ТМ: Этель,Тип товара: Корзина; Габариты: 30х25х20; Цвет: натуральный; Материал: ротанг; Особенности: плетёный; ТМ: Этель
2389,3380,s4_451,МТР-0820-A78,Мебель,10400,Матрас 80х190 детский беспружинный кокос ватин гипоаллер; ТМ: Аскона,Тип товара: Матрас; Габариты: 80х190; Особенности: детский беспружинный кокос ватин гипоаллер; ТМ: Аскона
2390,3381,s4_452,ДУ-2602-817,Мебель,52800,Диван Боровичи Лидер серый велюр дельфин; ТМ: Боровичи-Мебель,Тип товара: Диван; Наименование: Боровичи Лидер; Цвет: серый; Материал: велюр; Особенности: дельфин; ТМ: Боровичи-Мебель
2391,3382,s4_453,ШО-1206-B60,Мебель,13800,Шкаф офисный 120х40х200 серый металл ТМ: Бюрократ,Тип товара: Шкаф офисный; Габариты: 120х40х200; Цвет: серый; Материал: металл; Особенности: ТМ: Бюрократ
2392,3383,s4_454,КГ-2700-778,Мебель,58900,Кухня Хай-тек 2.7м МДФ модульный 2 7 м глянец антрац; ТМ: Сокол,Тип товара: Кухня; Наименование: Хай-тек; Габариты: 2.7м; Материал: МДФ; Особенности: модульный 2 7 м глянец антрац; ТМ: Сокол
2393,3384,s4_455,ЛТ-LED-A98,Мебель,7800,Трек-система 2м магнитный LED 48В белая; ТМ: Navigator,Тип товара: Трек-система; Габариты: 2м; Особенности: магнитный LED 48В белая; ТМ: Navigator
2394,3385,s4_456,ЗЕР-7090-C09,Мебель,5800,Зеркало Версаль 70х90 МДФ настенный рама глянец; ТМ: Lazurit,Тип товара: Зеркало; Наименование: Версаль; Габариты: 70х90; Материал: МДФ; Особенности: настенный рама глянец; ТМ: Lazurit
2395,3386,s4_457,КО-868-005,Мебель,7600,Кресло офисное Бюрократ чёрный сетка кресло офисный эрг,Тип товара: Кресло офисное; Наименование: Бюрократ; Цвет: чёрный; Материал: сетка; Особенности: кресло офисный эрг
2396,3387,s4_458,ПЛ-ВЛ-B39,Мебель,3200,Плед 200х220 изумруд велюр уютный; ТМ: Этель,Тип товара: Плед; Габариты: 200х220; Цвет: изумруд; Материал: велюр; Особенности: уютный; ТМ: Этель
2397,3388,s4_459,ОБВ-4045-241,Мебель,4800,Обувница 80х25х95 дуб ЛДСП 4-секц; ТМ: Икар,Тип товара: Обувница; Габариты: 80х25х95; Цвет: дуб; Материал: ЛДСП; Особенности: 4-секц; ТМ: Икар
2398,3389,s4_460,ДКР-RG-017,Мебель,3200,Часы 40х40 венге МДФ настенный квадр; ТМ: Royal Garden,Тип товара: Часы; Габариты: 40х40; Цвет: венге; Материал: МДФ; Особенности: настенный квадр; ТМ: Royal Garden
2399,3390,s4_461,КРЗ-ТКЛ-A01,Мебель,540,Корзина 40х30х25 ткань складной серая (3 шт); ТМ: Алтек,Тип товара: Корзина; Габариты: 40х30х25; Материал: ткань; Особенности: складной серая (3 шт); ТМ: Алтек
2400,3391,s4_462,КР-1820-505,Мебель,26800,Кровать Лофт 180х200 венге ЛДСП; металл дв; ТМ: Eltap,Тип товара: Кровать; Наименование: Лофт; Габариты: 180х200; Цвет: венге; Материал: ЛДСП; металл; Особенности: дв; ТМ: Eltap
2401,3392,s4_463,КГ-2400-F04,Мебель,47800,Кресло руководителя коричневый экокожа; кожа хром; ТМ: Бюрократ,Тип товара: Кресло руководителя; Цвет: коричневый; Материал: экокожа; кожа; Особенности: хром; ТМ: Бюрократ
2402,3393,s4_464,КАР-303-352,Мебель,7800,Картотека чёрный металл 3-ящик А4; ТМ: Практик,Тип товара: Картотека; Цвет: чёрный; Материал: металл; Особенности: 3-ящик А4; ТМ: Практик
2403,3394,s4_465,ТУС-1004-022,Мебель,14500,Туалетный столик Берлин 100х45 дуб сонома туал столик с зерк; ТМ: Hoff,Тип товара: Туалетный столик; Наименование: Берлин; Габариты: 100х45; Цвет: дуб сонома; Особенности: туал столик с зерк; ТМ: Hoff
2404,3395,s4_466,ШК-1206-014,Мебель,26800,Шкаф-купе Дрезден 120х60х220 венге 2-дверный; ТМ: Hoff,Тип товара: Шкаф-купе; Наименование: Дрезден; Габариты: 120х60х220; Цвет: венге; Особенности: 2-дверный; ТМ: Hoff
2405,3396,s4_467,МДУЛ-3206-D56,Мебель,54800,Гостиная Атриум 3.2м дуб сонома МДФ XL 3 2 м; ТМ: Mebelain,Тип товара: Гостиная; Наименование: Атриум; Габариты: 3.2м; Цвет: дуб сонома; Материал: МДФ; Особенности: XL 3 2 м; ТМ: Mebelain
2406,3397,s4_468,ДКР-RG-012,Мебель,2800,Панно Ловец снов коричневый де дерево d50 см; ТМ: Royal Garden,Тип товара: Панно; Наименование: Ловец снов; Цвет: коричневый; Особенности: де дерево d50 см; ТМ: Royal Garden
2407,3398,s4_469,ШО-906-972,Мебель,11800,Шкаф 90х40х200 дуб сонома ЛДСП для документов; ТМ: Бюрократ,Тип товара: Шкаф; Габариты: 90х40х200; Цвет: дуб сонома; Материал: ЛДСП; Особенности: для документов; ТМ: Бюрократ
2408,3399,s4_470,СВТ-1806-530,Мебель,42700,«премиум» Премиум 180х45х210 дуб шпон сервант; ТМ: Лером,Тип товара: «премиум»; Наименование: Премиум; Габариты: 180х45х210; Цвет: дуб; Материал: шпон; Особенности: сервант; ТМ: Лером
2409,3400,s4_471,ПР-906-185,Мебель,14800,Прихожая 90х30х200 дуб ЛДСП модульный; ТМ: Сокол,Тип товара: Прихожая; Габариты: 90х30х200; Цвет: дуб; Материал: ЛДСП; Особенности: модульный; ТМ: Сокол
2410,3401,s4_472,МДУЛ-906-D57,Мебель,20700,Витрина Атриум 90х40х210 венге стекло модуль; ТМ: Mebelain,Тип товара: Витрина; Наименование: Атриум; Габариты: 90х40х210; Цвет: венге; Материал: стекло; Особенности: модуль; ТМ: Mebelain
2411,3402,s4_473,ОБ-СТ-558,Мебель,6400,Стул обеденный ротанг венский (2 шт); ТМ: Stolline,Тип товара: Стул обеденный; Материал: ротанг; Особенности: венский (2 шт); ТМ: Stolline
2412,3403,s4_474,ДУ-3001-A54,Мебель,71800,Диван Гавана коричневый экокожа; кожа дельфин; ТМ: Сонум,Тип товара: Диван; Наименование: Гавана; Цвет: коричневый; Материал: экокожа; кожа; Особенности: дельфин; ТМ: Сонум
2413,3404,s4_475,СТЖ-1006-B79,Мебель,11800,Столик журнальный 100х60 дуб сонома ЛДСП трансформ; ТМ: Tetchair,Тип товара: Столик журнальный; Габариты: 100х60; Цвет: дуб сонома; Материал: ЛДСП; Особенности: трансформ; ТМ: Tetchair
2414,3405,s4_476,КО-868-F01,Мебель,7600,Кресло офисное Бюрократ CH-868 сетка кресло офисный фиолет,Тип товара: Кресло офисное; Наименование: Бюрократ CH-868; Материал: сетка; Особенности: кресло офисный фиолет
2415,3406,s4_477,МТР-1420-F20,Мебель,31800,Матрас Vita Plus 140х200 латекс пружинный независимый; ТМ: Орматек,Тип товара: Матрас; Наименование: Vita Plus; Габариты: 140х200; Материал: латекс; Особенности: пружинный независимый; ТМ: Орматек
2416,3407,s4_478,МДУЛ-2406-754,Мебель,38700,Гостиная Гранд 2.4м венге ЛДСП мини 2 4 м; ТМ: Hoff,Тип товара: Гостиная; Наименование: Гранд; Габариты: 2.4м; Цвет: венге; Материал: ЛДСП; Особенности: мини 2 4 м; ТМ: Hoff
2417,3408,s4_479,ТП-4040-A24,Мебель,4200,Тумба прикроватная Стокгольм 40х40х50 дуб сонома тумба прикроватный 1-ящик; ТМ: Anrex,Тип товара: Тумба прикроватная; Наименование: Стокгольм; Габариты: 40х40х50; Цвет: дуб сонома; Особенности: тумба прикроватный 1-ящик; ТМ: Anrex
2418,3409,s4_480,ТВ-1804-B78,Мебель,12700,Тумба ТВ Атриум 180х45х55 белый ЛДСП модульный с ящик; ТМ: Mebelain,Тип товара: Тумба ТВ; Наименование: Атриум; Габариты: 180х45х55; Цвет: белый; Материал: ЛДСП; Особенности: модульный с ящик; ТМ: Mebelain
2419,3410,s4_481,КО-799-D86,Мебель,6200,Кресло операторское Бюрократ CH-799 сетка кресло операторский зелён,Тип товара: Кресло операторское; Наименование: Бюрократ CH-799; Материал: сетка; Особенности: кресло операторский зелён
2420,3411,s4_482,ПОД-4060-927,Мебель,860,Подушка 40х60 рогожка декоративный терракот; ТМ: Этель,Тип товара: Подушка; Габариты: 40х60; Материал: рогожка; Особенности: декоративный терракот; ТМ: Этель
2421,3412,s4_483,ТВ-1604-B77,Мебель,8400,Тумба ТВ Скандик 160х40х45 дуб сонома МДФ модульный; ТМ: Eltap,Тип товара: Тумба ТВ; Наименование: Скандик; Габариты: 160х40х45; Цвет: дуб сонома; Материал: МДФ; Особенности: модульный; ТМ: Eltap
2422,3413,s4_484,МТР-1420-D23,Мебель,42400,Матрас Орматек Premium 140х200 натуральный латекс 7 зон; ТМ: Орматек,Тип товара: Матрас; Наименование: Орматек Premium; Габариты: 140х200; Цвет: натуральный; Материал: латекс; Особенности: 7 зон; ТМ: Орматек
2423,3414,s4_485,ЛТ-LED-D99,Мебель,6800,Трек-система 1.5м магнитный LED 48В белая; ТМ: Эра,Тип товара: Трек-система; Габариты: 1.5м; Особенности: магнитный LED 48В белая; ТМ: Эра
2424,3415,s4_486,КГ-3000-B56,Мебель,78400,Кухня Венеция 3.0х1.5м бежевый МДФ угловой 3 0х1 5 м; ТМ: Stolline,Тип товара: Кухня; Наименование: Венеция; Габариты: 3.0х1.5м; Цвет: бежевый; Материал: МДФ; Особенности: угловой 3 0х1 5 м; ТМ: Stolline
2425,3416,s4_487,БАН-1104-A16,Мебель,9200,Банкетка Орхидея 110х40х48 ткань с ящик пыльн роза; ТМ: Лером,Тип товара: Банкетка; Наименование: Орхидея; Габариты: 110х40х48; Материал: ткань; Особенности: с ящик пыльн роза; ТМ: Лером
2426,3417,s4_488,КР-1620-118,Мебель,33800,Кровать Софт 160х200 ткань дв с мяг изгол; ТМ: Lazurit,Тип товара: Кровать; Наименование: Софт; Габариты: 160х200; Материал: ткань; Особенности: дв с мяг изгол; ТМ: Lazurit
2427,3418,s4_489,ЛН-OFC-E12,Мебель,2200,Лампа чёрный офисный LED 12W складная USB; ТМ: Camelion,Тип товара: Лампа; Цвет: чёрный; Особенности: офисный LED 12W складная USB; ТМ: Camelion
2428,3419,s4_490,ТУС-905-A32,Мебель,9700,Туалетный столик Юниор 90х40х80 белый ЛДСП туал столик с зерк /бирюз; ТМ: Любимый дом,Тип товара: Туалетный столик; Наименование: Юниор; Габариты: 90х40х80; Цвет: белый; Материал: ЛДСП; Особенности: туал столик с зерк /бирюз; ТМ: Любимый дом
2429,3420,s4_491,КГ-2700-F24,Мебель,52400,Кухня Хай-тек XL 2.7м МДФ модульный 2 7 м глянец антрац; ТМ: Сокол,Тип товара: Кухня; Наименование: Хай-тек XL; Габариты: 2.7м; Материал: МДФ; Особенности: модульный 2 7 м глянец антрац; ТМ: Сокол
2430,3421,s4_492,КАК-7080-105,Мебель,17800,Кресло Кокон велюр акцент горчичн; ТМ: Tetchair,Тип товара: Кресло; Наименование: Кокон; Материал: велюр; Особенности: акцент горчичн; ТМ: Tetchair
2431,3422,s4_493,ОБВ-806-B31,Мебель,6400,Обувница 80х25х110 белый ЛДСП откидн 4-секц; ТМ: Икар,Тип товара: Обувница; Габариты: 80х25х110; Цвет: белый; Материал: ЛДСП; Особенности: откидн 4-секц; ТМ: Икар
2432,3423,s4_494,ДУ-2802-D32,Мебель,58900,Диван Pushe Барс рогожка аккордеон горчичн; ТМ: Pushe,Тип товара: Диван; Наименование: Pushe Барс; Материал: рогожка; Особенности: аккордеон горчичн; ТМ: Pushe
2433,3424,s4_495,КОМ-805-B83,Мебель,7400,Комод 80х30х95 белый МДФ узк глянец; ТМ: Anrex,Тип товара: Комод; Габариты: 80х30х95; Цвет: белый; Материал: МДФ; Особенности: узк глянец; ТМ: Anrex
2434,3425,s4_496,ШП-1806-228,Мебель,67900,Шкаф платяной Дакота 180х60х225 дуб 4-дверный; ТМ: Mebelain,Тип товара: Шкаф платяной; Наименование: Дакота; Габариты: 180х60х225; Цвет: дуб; Особенности: 4-дверный; ТМ: Mebelain
2435,3426,s4_497,ДЕТ-ЮН-019,Мебель,17400,«юниор» Юниор 130х110 ЛДСП уголок школьн с надстр мята; ТМ: Любимый дом,Тип товара: «юниор»; Наименование: Юниор; Габариты: 130х110; Материал: ЛДСП; Особенности: уголок школьн с надстр мята; ТМ: Любимый дом
2436,3427,s4_498,СТ-1406-C96,Мебель,6400,Стол письменный 140х60 венге ЛДСП ТМ: Anrex,Тип товара: Стол письменный; Габариты: 140х60; Цвет: венге; Материал: ЛДСП; Особенности: ТМ: Anrex
2437,3428,s4_499,ДН-2200-815,Мебель,31400,Диван Боровичи Стандарт бежевый рогожка книжка; ТМ: Боровичи-Мебель,Тип товара: Диван; Наименование: Боровичи Стандарт; Цвет: бежевый; Материал: рогожка; Особенности: книжка; ТМ: Боровичи-Мебель
2438,3429,s4_500,ТУС-1204-725,Мебель,24800,Туалетный столик Карина 120х45х80 МДФ туал столик с подсв; ТМ: Lazurit,Тип товара: Туалетный столик; Наименование: Карина; Габариты: 120х45х80; Материал: МДФ; Особенности: туал столик с подсв; ТМ: Lazurit
2439,3430,s4_501,ПУФ-5050-C25,Мебель,4800,Пуф Манхэттен 50х50х42 графит рогожка квадр; ТМ: Сонум,Тип товара: Пуф; Наименование: Манхэттен; Габариты: 50х50х42; Цвет: графит; Материал: рогожка; Особенности: квадр; ТМ: Сонум
2440,3431,s4_502,ТРН-DFC-010,Мебель,7800,«sc-s801» SC-S801 степпер поворотный с эспанд серебр; ТМ: DFC,Тип товара: «sc-s801»; Наименование: SC-S801; Особенности: степпер поворотный с эспанд серебр; ТМ: DFC
2441,3432,s4_503,ВН-АКТ-E27,Мебель,12400,«лондон» Лондон 35х30х170 серый МДФ пенал 2-дверный; ТМ: Aquaton,Тип товара: «лондон»; Наименование: Лондон; Габариты: 35х30х170; Цвет: серый; Материал: МДФ; Особенности: пенал 2-дверный; ТМ: Aquaton
2442,3433,s4_504,ДКР-ЭТЛ-006,Мебель,4800,Картина Париж 100х50 модульный 3 шт холст ч/б; ТМ: Этель,Тип товара: Картина; Наименование: Париж; Габариты: 100х50; Особенности: модульный 3 шт холст ч/б; ТМ: Этель
2443,3434,s4_505,КВ-25035,Мебель,24800,Ковёр 250х350 бордо-бежевый шерсть ориент; ТМ: Меринос,Тип товара: Ковёр; Габариты: 250х350; Цвет: бордо-бежевый; Материал: шерсть; Особенности: ориент; ТМ: Меринос
2444,3435,s4_506,КО-1399-303,Мебель,4800,Кресло операторское бежевый сетка кресло операторский; ТМ: Бюрократ,Тип товара: Кресло операторское; Цвет: бежевый; Материал: сетка; Особенности: кресло операторский; ТМ: Бюрократ
2445,3436,s4_507,ШК-2406-####,Мебель,42700,Шкаф-купе дуб сонома 3-дверный зерк; ТМ: Hoff,Тип товара: Шкаф-купе; Цвет: дуб сонома; Особенности: 3-дверный зерк; ТМ: Hoff
2446,3437,s4_508,КОН-PL-B20,Мебель,320,Контейнер 30х20х15 пластик герметичный 5л (3 шт); ТМ: Алтек,Тип товара: Контейнер; Габариты: 30х20х15; Материал: пластик; Особенности: герметичный 5л (3 шт); ТМ: Алтек
2447,3438,s4_509,КГ-2800-A03,Мебель,58700,Кухня Скандинавия XL 2.8м белый МДФ модульный 2 8 м; ТМ: Stolline,Тип товара: Кухня; Наименование: Скандинавия XL; Габариты: 2.8м; Цвет: белый; Материал: МДФ; Особенности: модульный 2 8 м; ТМ: Stolline
2448,3439,s4_510,МДУЛ-1206-A39,Мебель,19800,Шкаф Гранд 120х40х210 венге МДФ модуль средн; ТМ: Hoff,Тип товара: Шкаф; Наименование: Гранд; Габариты: 120х40х210; Цвет: венге; Материал: МДФ; Особенности: модуль средн; ТМ: Hoff
2449,3440,s4_511,ПР-ANR-011,Мебель,17400,Шкаф платяной Гомель 90х40х210 дуб ЛДСП для прих; ТМ: Anrex,Тип товара: Шкаф платяной; Наименование: Гомель; Габариты: 90х40х210; Цвет: дуб; Материал: ЛДСП; Особенности: для прих; ТМ: Anrex
2450,3441,s4_512,ВН-MST-013,Мебель,17400,Тумба под раковину Лилия 65х48х85 МДФ тумба под раковина белая ножки; ТМ: Misty,Тип товара: Тумба под раковину; Наименование: Лилия; Габариты: 65х48х85; Материал: МДФ; Особенности: тумба под раковина белая ножки; ТМ: Misty
2451,3442,s4_513,МТР-0920-D20,Мебель,6800,Матрас Аскона Орматек Эконом 90х200 беспружинный ватин; ТМ: Аскона,Тип товара: Матрас; Наименование: Аскона Орматек Эконом; Габариты: 90х200; Особенности: беспружинный ватин; ТМ: Аскона
2452,3443,s4_514,МТР-1620-A75,Мебель,26400,Матрас Vegas Hard 160х200 беспружинный кокос жёсткий; ТМ: Vegas,Тип товара: Матрас; Наименование: Vegas Hard; Габариты: 160х200; Особенности: беспружинный кокос жёсткий; ТМ: Vegas
2453,3444,s4_515,ЗЕР-7090-C64,Мебель,5800,Зеркало Карина 70х90 графит МДФ настенный рама; ТМ: Lazurit,Тип товара: Зеркало; Наименование: Карина; Габариты: 70х90; Цвет: графит; Материал: МДФ; Особенности: настенный рама; ТМ: Lazurit
2454,3445,s4_516,КОМ-1205-607,Мебель,14700,Комод Тоскана 120х45х95 МДФ 5-ящик; ТМ: Любимый дом,Тип товара: Комод; Наименование: Тоскана; Габариты: 120х45х95; Материал: МДФ; Особенности: 5-ящик; ТМ: Любимый дом
2455,3446,s4_517,ПР-2006-B28,Мебель,29800,Прихожая Уют XL 200х35х215 венге компл; ТМ: Сокол,Тип товара: Прихожая; Наименование: Уют XL; Габариты: 200х35х215; Цвет: венге; Особенности: компл; ТМ: Сокол
2456,3447,s4_518,ССТ-1206-B74,Мебель,12400,Стеллаж 120х35х200 дуб сонома МДФ 6 полок; ТМ: Сокол,Тип товара: Стеллаж; Габариты: 120х35х200; Цвет: дуб сонома; Материал: МДФ; Особенности: 6 полок; ТМ: Сокол
2457,3448,s4_519,КОВ-Р-474,Мебель,7400,Ковровая дорожка 80х300 шерсть классик; ТМ: Витебск,Тип товара: Ковровая дорожка; Габариты: 80х300; Материал: шерсть; Особенности: классик; ТМ: Витебск
2458,3449,s4_520,КО-MTT-D88,Мебель,52400,Кресло Метта Y-7DF экокожа; кожа геймер эргон красн; ТМ: Метта,Тип товара: Кресло; Наименование: Метта Y-7DF; Материал: экокожа; кожа; Особенности: геймер эргон красн; ТМ: Метта
2459,3450,s4_521,КВ-23034,Мебель,19700,Ковёр 230х340 бордо шерсть классик; ТМ: Витебск,Тип товара: Ковёр; Габариты: 230х340; Цвет: бордо; Материал: шерсть; Особенности: классик; ТМ: Витебск
2460,3451,s4_522,КШ-6080-014,Мебель,3200,Шкаф кухонный 60х30х72 белый ЛДСП навесной; ТМ: Сокол,Тип товара: Шкаф кухонный; Габариты: 60х30х72; Цвет: белый; Материал: ЛДСП; Особенности: навесной; ТМ: Сокол
2461,3452,s4_523,ЗЕР-7090-B58,Мебель,5400,Зеркало Берлин 70х90 венге настенный рама; ТМ: Mr Doors,Тип товара: Зеркало; Наименование: Берлин; Габариты: 70х90; Цвет: венге; Особенности: настенный рама; ТМ: Mr Doors
2462,3453,s4_524,КР-1820-447,Мебель,41200,Кровать Венеция 180х200 экокожа; кожа дв белая; ТМ: Lazurit,Тип товара: Кровать; Наименование: Венеция; Габариты: 180х200; Материал: экокожа; кожа; Особенности: дв белая; ТМ: Lazurit
2463,3454,s4_525,ВН-1MK-008,Мебель,7900,«стандарт» Стандарт 30х30х170 белый ЛДСП пенал ванн мат; ТМ: 1MarKa,Тип товара: «стандарт»; Наименование: Стандарт; Габариты: 30х30х170; Цвет: белый; Материал: ЛДСП; Особенности: пенал ванн мат; ТМ: 1MarKa
2464,3455,s4_526,ШО-2406-374,Мебель,26800,Шкаф офисный 240х60х185 серый металл ТМ: Практик,Тип товара: Шкаф офисный; Габариты: 240х60х185; Цвет: серый; Материал: металл; Особенности: ТМ: Практик
2465,3456,s4_527,КГ-3000-D65,Мебель,58900,Кухня Скандинавия XL 3.0м белый МДФ модульный 3 0 м; ТМ: Сокол,Тип товара: Кухня; Наименование: Скандинавия XL; Габариты: 3.0м; Цвет: белый; Материал: МДФ; Особенности: модульный 3 0 м; ТМ: Сокол
2466,3457,s4_528,ИЗГ-1820-C44,Мебель,21800,Изголовье Афина 180х200 экокожа; кожа белая массив; ТМ: Mebelain,Тип товара: Изголовье; Наименование: Афина; Габариты: 180х200; Материал: экокожа; кожа; Особенности: белая массив; ТМ: Mebelain
2467,3458,s4_529,ДН-2000-A52,Мебель,39800,Диван Мадрид велюр книжка горчичн; ТМ: Сонум,Тип товара: Диван; Наименование: Мадрид; Материал: велюр; Особенности: книжка горчичн; ТМ: Сонум
2468,3459,s4_530,ПР-2006-C71,Мебель,34800,Прихожая Гомель 200х35х215 дуб ЛДСП XL; ТМ: Anrex,Тип товара: Прихожая; Наименование: Гомель; Габариты: 200х35х215; Цвет: дуб; Материал: ЛДСП; Особенности: XL; ТМ: Anrex
2469,3460,s4_531,КШ-1060-D71,Мебель,4200,Шкаф кухонный 100х30х72 белый ЛДСП навесной; ТМ: Сокол,Тип товара: Шкаф кухонный; Габариты: 100х30х72; Цвет: белый; Материал: ЛДСП; Особенности: навесной; ТМ: Сокол
2470,3461,s4_532,ЛТ-CL-892,Мебель,9800,Люстра текстиль классический 5 ламп бронза абажур; ТМ: СветТех,Тип товара: Люстра; Материал: текстиль; Особенности: классический 5 ламп бронза абажур; ТМ: СветТех
2471,3462,s4_533,СТ-1206-C91,Мебель,5100,Стол письменный 120х60 белый ЛДСП прямоуг; ТМ: Anrex,Тип товара: Стол письменный; Габариты: 120х60; Цвет: белый; Материал: ЛДСП; Особенности: прямоуг; ТМ: Anrex
2472,3463,s4_534,ШО-906-978,Мебель,19800,Шкаф 90х40х200 серый металл архивн жалюзи; ТМ: Практик,Тип товара: Шкаф; Габариты: 90х40х200; Цвет: серый; Материал: металл; Особенности: архивн жалюзи; ТМ: Практик
2473,3464,s4_535,ТП-4540-C06,Мебель,7200,Тумба прикроватная Версаль 45х40х55 МДФ тумба прикроватный глянец; ТМ: Lazurit,Тип товара: Тумба прикроватная; Наименование: Версаль; Габариты: 45х40х55; Материал: МДФ; Особенности: тумба прикроватный глянец; ТМ: Lazurit
2474,3465,s4_536,КРЗ-ТКЛ-B11,Мебель,1400,Корзина 50х35х55 ткань для бельё крышк серая; ТМ: Этель,Тип товара: Корзина; Габариты: 50х35х55; Материал: ткань; Особенности: для бельё крышк серая; ТМ: Этель
2475,3466,s4_537,ШП-1806-618,Мебель,36800,Шкаф платяной Тоскана 180х60х225 МДФ 3-дверный; ТМ: Любимый дом,Тип товара: Шкаф платяной; Наименование: Тоскана; Габариты: 180х60х225; Материал: МДФ; Особенности: 3-дверный; ТМ: Любимый дом
2476,3467,s4_538,ХР-АЛТ-001,Мебель,6800,Стеллаж 100х40х200 металл гараж 5 полок 200 кг; ТМ: Алтек,Тип товара: Стеллаж; Габариты: 100х40х200; Материал: металл; Особенности: гараж 5 полок 200 кг; ТМ: Алтек
2477,3468,s4_539,КР-0820-941,Мебель,14700,Кровать Капитошка 80х160 белый/розовый ЛДСП детский; ТМ: Mr. Doors,Тип товара: Кровать; Наименование: Капитошка; Габариты: 80х160; Цвет: белый/розовый; Материал: ЛДСП; Особенности: детский; ТМ: Mr. Doors
2478,3469,s4_540,КО-BR-A93,Мебель,11400,Кресло Бюрократ MC-411 чёрный кожа конф хром; ТМ: Бюрократ,Тип товара: Кресло; Наименование: Бюрократ MC-411; Цвет: чёрный; Материал: кожа; Особенности: конф хром; ТМ: Бюрократ
2479,3470,s4_541,БАН-906-A31,Мебель,4400,Банкетка Юниор 90х35х45 ткань голуб; ТМ: Любимый дом,Тип товара: Банкетка; Наименование: Юниор; Габариты: 90х35х45; Материал: ткань; Особенности: голуб; ТМ: Любимый дом
2480,3471,s4_542,ДУ-3001-D40,Мебель,67800,Диван Eltap Хьюстон XL чёрный экокожа; кожа аккордеон; ТМ: Eltap,Тип товара: Диван; Наименование: Eltap Хьюстон XL; Цвет: чёрный; Материал: экокожа; кожа; Особенности: аккордеон; ТМ: Eltap
2481,3472,s4_543,ШК-1211-902,Мебель,11800,Стол письменный Юниор 120х110 белый ЛДСП угловой /мята; ТМ: Любимый дом,Тип товара: Стол письменный; Наименование: Юниор; Габариты: 120х110; Цвет: белый; Материал: ЛДСП; Особенности: угловой /мята; ТМ: Любимый дом
2482,3473,s4_544,КГ-2700-303,Мебель,57800,Кухня Скандинавия 2.7м модульный 2 7 м белая; ТМ: Сокол,Тип товара: Кухня; Наименование: Скандинавия; Габариты: 2.7м; Особенности: модульный 2 7 м белая; ТМ: Сокол
2483,3474,s4_545,ТП-4540-706,Мебель,6200,Тумба прикроватная Орхидея 45х40х50 дуб тумба прикроватный 2-ящик мол; ТМ: Лером,Тип товара: Тумба прикроватная; Наименование: Орхидея; Габариты: 45х40х50; Цвет: дуб; Особенности: тумба прикроватный 2-ящик мол; ТМ: Лером
2484,3475,s4_546,ДУ-3001-804,Мебель,78400,Диван Сан-Ремо коричневый экокожа; кожа аккордеон; ТМ: Hoff,Тип товара: Диван; Наименование: Сан-Ремо; Цвет: коричневый; Материал: экокожа; кожа; Особенности: аккордеон; ТМ: Hoff
2485,3476,s4_547,МТР-1820-837,Мебель,39800,Матрас Ортопед 180х200 латекс беспружинный кокос; ТМ: Орматек,Тип товара: Матрас; Наименование: Ортопед; Габариты: 180х200; Материал: латекс; Особенности: беспружинный кокос; ТМ: Орматек
2486,3477,s4_548,МТР-1820-D22,Мебель,46800,Матрас Орматек Hard 180х200 кокос-пружина 7 зон; ТМ: Орматек,Тип товара: Матрас; Наименование: Орматек Hard; Габариты: 180х200; Особенности: кокос-пружина 7 зон; ТМ: Орматек
2487,3478,s4_549,ОБ-СТ-E39,Мебель,9400,Стул обеденный Виктория изумруд полукрес бархат (2 шт); ТМ: Stolline,Тип товара: Стул обеденный; Наименование: Виктория; Цвет: изумруд; Особенности: полукрес бархат (2 шт); ТМ: Stolline
2488,3479,s4_550,ИЗГ-1820-C61,Мебель,16800,Изголовье Аделина 180х200 слоновая кость экокожа; кожа ТМ: Lazurit,Тип товара: Изголовье; Наименование: Аделина; Габариты: 180х200; Цвет: слоновая кость; Материал: экокожа; кожа; Особенности: ТМ: Lazurit
2489,3480,s4_551,КО-TC-A94,Мебель,28400,Кресло руководителя Tetchair Profi коричневый кожа премиум; ТМ: Tetchair,Тип товара: Кресло руководителя; Наименование: Tetchair Profi; Цвет: коричневый; Материал: кожа; Особенности: премиум; ТМ: Tetchair
2490,3481,s4_552,КО-MTT-D89,Мебель,17800,Кресло операторское Метта BK-9 сетка кресло операторский эргон синяя; ТМ: Метта,Тип товара: Кресло операторское; Наименование: Метта BK-9; Материал: сетка; Особенности: кресло операторский эргон синяя; ТМ: Метта
2491,3482,s4_553,тумба,Мебель,8400,Тв венге металлический каркас; ЛДСП; металл 140; ТМ: Eltap,Тип товара: Тв; Цвет: венге; Материал: металлический каркас; ЛДСП; металл; Особенности: 140; ТМ: Eltap
2492,3483,s4_554,КР-0820-088,Мебель,17400,Кровать 80х200 белый ЛДСП чердак /син; ТМ: Сокол,Тип товара: Кровать; Габариты: 80х200; Цвет: белый; Материал: ЛДСП; Особенности: чердак /син; ТМ: Сокол
2493,3484,s4_555,КО-BR-D95,Мебель,28400,Кресло руководителя Бюрократ T-9909 кожа премиум хром; ТМ: Бюрократ,Тип товара: Кресло руководителя; Наименование: Бюрократ T-9909; Материал: кожа; Особенности: премиум хром; ТМ: Бюрократ
2494,3485,s4_556,БАН-1204-C43,Мебель,17400,Банкетка Афина 120х45х50 кожа белая массив; ТМ: Mebelain,Тип товара: Банкетка; Наименование: Афина; Габариты: 120х45х50; Материал: кожа; Особенности: белая массив; ТМ: Mebelain
2495,3486,s4_557,ТУМ-454-977,Мебель,7400,Тумба 45х50х70 офисный подкат 4-ящик замок серая; ТМ: Практик,Тип товара: Тумба; Габариты: 45х50х70; Особенности: офисный подкат 4-ящик замок серая; ТМ: Практик
2496,3487,s4_558,ШК-1506-196,Мебель,28400,Шкаф-купе 150х60х220 дуб ЛДСП 2-дверный; ТМ: Hoff,Тип товара: Шкаф-купе; Габариты: 150х60х220; Цвет: дуб; Материал: ЛДСП; Особенности: 2-дверный; ТМ: Hoff
2497,3488,s4_559,КО-CHR-866,Мебель,9700,Кресло операторское Chairman 9801 сетка кресло операторский серая; ТМ: Chairman,Тип товара: Кресло операторское; Наименование: Chairman 9801; Материал: сетка; Особенности: кресло операторский серая; ТМ: Chairman
2498,3489,s4_560,ОБВ-1004-C81,Мебель,6800,«атриум» Атриум 100х30х110 венге ЛДСП обувница; ТМ: Сокол,Тип товара: «атриум»; Наименование: Атриум; Габариты: 100х30х110; Цвет: венге; Материал: ЛДСП; Особенности: обувница; ТМ: Сокол
2499,3490,s4_561,МТР-0820-D01,Мебель,9400,Матрас Optima 80х200 пружинный независимый эконом; ТМ: Аскона,Тип товара: Матрас; Наименование: Optima; Габариты: 80х200; Особенности: пружинный независимый эконом; ТМ: Аскона
2500,3491,s4_562,ОБ-1408-884,Мебель,19800,Стол обеденный 180х80 белый МДФ раздв 140- матовый; ТМ: Stolline,Тип товара: Стол обеденный; Габариты: 180х80; Цвет: белый; Материал: МДФ; Особенности: раздв 140- матовый; ТМ: Stolline
2501,3492,s4_563,ТВ-1604-C49,Мебель,9800,Тумба ТВ Орхидея 160х40х50 дуб ЛДСП молочн; ТМ: Лером,Тип товара: Тумба ТВ; Наименование: Орхидея; Габариты: 160х40х50; Цвет: дуб; Материал: ЛДСП; Особенности: молочн; ТМ: Лером
2502,3493,s4_564,ТП-5050-585,Мебель,12400,Тумба прикроватная Премиум 50х45х55 дуб шпон тумба прикроватный; ТМ: Лером,Тип товара: Тумба прикроватная; Наименование: Премиум; Габариты: 50х45х55; Цвет: дуб; Материал: шпон; Особенности: тумба прикроватный; ТМ: Лером
2503,3494,s4_565,СТО-1207-B47,Мебель,13700,Стол офисный 120х70 дуб ЛДСП компл с тумб; ТМ: Бюрократ,Тип товара: Стол офисный; Габариты: 120х70; Цвет: дуб; Материал: ЛДСП; Особенности: компл с тумб; ТМ: Бюрократ
2504,3495,s4_566,ВИТ-806-B82,Мебель,17400,Витрина 80х35х200 венге МДФ; стекло узк; ТМ: Сокол,Тип товара: Витрина; Габариты: 80х35х200; Цвет: венге; Материал: МДФ; стекло; Особенности: узк; ТМ: Сокол
2505,3496,s4_567,ТВ-2004-022,Мебель,12800,Тумба ТВ 200х45х55 МДФ с ящик глян; ТМ: Сокол,Тип товара: Тумба ТВ; Габариты: 200х45х55; Материал: МДФ; Особенности: с ящик глян; ТМ: Сокол
2506,3497,s4_568,СТЖ-905-C63,Мебель,6800,Столик журнальный Карина 90х50х45 графит МДФ ТМ: Lazurit,Тип товара: Столик журнальный; Наименование: Карина; Габариты: 90х50х45; Цвет: графит; Материал: МДФ; Особенности: ТМ: Lazurit
2507,3498,s4_569,КО-CHR-D92,Мебель,16400,Кресло руководителя Chairman 444 чёрный экокожа; кожа ТМ: Chairman,Тип товара: Кресло руководителя; Наименование: Chairman 444; Цвет: чёрный; Материал: экокожа; кожа; Особенности: ТМ: Chairman
2508,3499,s4_570,КОН-PL-B21,Мебель,680,Контейнер 35х20х12 пластик под обувь (5 шт); ТМ: Алтек,Тип товара: Контейнер; Габариты: 35х20х12; Материал: пластик; Особенности: под обувь (5 шт); ТМ: Алтек
2509,3500,s4_571,ТП-4540-296,Мебель,2700,Тумба прикроватная 45х30х30 венге ЛДСП тумба прикроватный подвесн; ТМ: СБК,Тип товара: Тумба прикроватная; Габариты: 45х30х30; Цвет: венге; Материал: ЛДСП; Особенности: тумба прикроватный подвесн; ТМ: СБК
2510,3501,s4_572,СВТ-1404-505,Мебель,22400,Сервант 140х40х200 венге ЛДСП 4-дверный; ТМ: Сокол,Тип товара: Сервант; Габариты: 140х40х200; Цвет: венге; Материал: ЛДСП; Особенности: 4-дверный; ТМ: Сокол
2511,3502,s4_573,СТ-1606-C99,Мебель,7700,Стол письменный 160х60 венге ЛДСП ТМ: Anrex,Тип товара: Стол письменный; Габариты: 160х60; Цвет: венге; Материал: ЛДСП; Особенности: ТМ: Anrex
2512,3503,s4_574,КР-1620-C01,Мебель,42800,Кровать Версаль 160х200 МДФ дв глянец слон кость; ТМ: Lazurit,Тип товара: Кровать; Наименование: Версаль; Габариты: 160х200; Материал: МДФ; Особенности: дв глянец слон кость; ТМ: Lazurit
2513,3504,s4_575,КР-1620-F09,Мебель,34800,Кровать Лион 160х200 дуб ЛДСП дв с подъём артизан; ТМ: Mr. Doors,Тип товара: Кровать; Наименование: Лион; Габариты: 160х200; Цвет: дуб; Материал: ЛДСП; Особенности: дв с подъём артизан; ТМ: Mr. Doors
2514,3505,s4_576,ВТ-906-788,Мебель,3400,Вешалка 90х175 натуральный напольный деревянный бук; ТМ: Икар,Тип товара: Вешалка; Габариты: 90х175; Цвет: натуральный; Особенности: напольный деревянный бук; ТМ: Икар
2515,3506,s4_577,ВН-АКТ-E24,Мебель,9800,Комод Сильва 50х35х80 венге МДФ ванный; ТМ: Aquaton,Тип товара: Комод; Наименование: Сильва; Габариты: 50х35х80; Цвет: венге; Материал: МДФ; Особенности: ванный; ТМ: Aquaton
2516,3507,s4_578,КО-DRC-441,Мебель,19400,Кресло руководителя Director чёрный кожа ТМ: Бюрократ,Тип товара: Кресло руководителя; Наименование: Director; Цвет: чёрный; Материал: кожа; Особенности: ТМ: Бюрократ
2517,3508,s4_579,ВН-ГРЦ-020,Мебель,5900,Шкаф Лагуна 50х25х65 белый МДФ навесной ч глянец; ТМ: Грация,Тип товара: Шкаф; Наименование: Лагуна; Габариты: 50х25х65; Цвет: белый; Материал: МДФ; Особенности: навесной ч глянец; ТМ: Грация
2518,3509,s4_580,КО-868-008,Мебель,7800,Кресло офисное Бюрократ CH-868 сетка кресло офисный красн,Тип товара: Кресло офисное; Наименование: Бюрократ CH-868; Материал: сетка; Особенности: кресло офисный красн
2519,3510,s4_581,БАН-1004-A34,Мебель,14800,Банкетка Флоренция 100х40х48 ясень ткань прикроватный; ТМ: Mebelain,Тип товара: Банкетка; Наименование: Флоренция; Габариты: 100х40х48; Цвет: ясень; Материал: ткань; Особенности: прикроватный; ТМ: Mebelain
2520,3511,s4_582,МТР-1420-D14,Мебель,23800,Матрас Vegas Hard 140х200 беспружинный кокос жёсткий; ТМ: Vegas,Тип товара: Матрас; Наименование: Vegas Hard; Габариты: 140х200; Особенности: беспружинный кокос жёсткий; ТМ: Vegas
2521,3512,s4_583,КВ-23032,Мебель,18400,Ковёр 230х320 бежевый вискоза классик; ТМ: Меринос,Тип товара: Ковёр; Габариты: 230х320; Цвет: бежевый; Материал: вискоза; Особенности: классик; ТМ: Меринос
2522,3513,s4_584,МТР-1420-A71,Мебель,32400,Матрас Vita Plus 140х200 латекс пружинный независимый; ТМ: Орматек,Тип товара: Матрас; Наименование: Vita Plus; Габариты: 140х200; Материал: латекс; Особенности: пружинный независимый; ТМ: Орматек
2523,3514,s4_585,ДН-2000-D34,Мебель,26400,Диван Боровичи Эконом серый микровельвет книжка; ТМ: Боровичи-Мебель,Тип товара: Диван; Наименование: Боровичи Эконом; Цвет: серый; Материал: микровельвет; Особенности: книжка; ТМ: Боровичи-Мебель
2524,3515,s4_586,КР-0820-731,Мебель,13800,Кровать Юниор 90х200 белый ЛДСП подростк /бирюз; ТМ: Любимый дом,Тип товара: Кровать; Наименование: Юниор; Габариты: 90х200; Цвет: белый; Материал: ЛДСП; Особенности: подростк /бирюз; ТМ: Любимый дом
2525,3516,s4_587,ТП-4540-629,Мебель,4800,Тумба прикроватная Тоскана 45х40х50 МДФ тумба прикроватный; ТМ: Любимый дом,Тип товара: Тумба прикроватная; Наименование: Тоскана; Габариты: 45х40х50; Материал: МДФ; Особенности: тумба прикроватный; ТМ: Любимый дом
2526,3517,s4_588,ПР-ANR-010,Мебель,36400,Прихожая Гомель 240х35х215 дуб ЛДСП модульный; ТМ: Хофф,Тип товара: Прихожая; Наименование: Гомель; Габариты: 240х35х215; Цвет: дуб; Материал: ЛДСП; Особенности: модульный; ТМ: Хофф
2527,3518,s4_589,БРА-300-B07,Мебель,3400,Бра металл LED 12Вт дист упр хром; ТМ: Navigator,Тип товара: Бра; Материал: металл; Особенности: LED 12Вт дист упр хром; ТМ: Navigator
2528,3519,s4_590,МТР-1620-831,Мебель,28400,Матрас Баланс 160х200 пружинный независимый кокос; ТМ: Аскона,Тип товара: Матрас; Наименование: Баланс; Габариты: 160х200; Особенности: пружинный независимый кокос; ТМ: Аскона
2529,3520,s4_591,ВН-АКТ-E31,Мебель,14400,Зеркало-шкаф Северная Венеция 80х90 LED глянец; ТМ: Aquaton,Тип товара: Зеркало-шкаф; Наименование: Северная Венеция; Габариты: 80х90; Особенности: LED глянец; ТМ: Aquaton
2530,3521,s4_592,СТО-1607-E42,Мебель,14400,Стол офисный 160х80 белый ЛДСП угловой; ТМ: Бюрократ,Тип товара: Стол офисный; Габариты: 160х80; Цвет: белый; Материал: ЛДСП; Особенности: угловой; ТМ: Бюрократ
2531,3522,s4_593,ТП-4540-C33,Мебель,6800,Тумба прикроватная Прованс 45х40х55 бежевый МДФ тумба прикроватный; ТМ: Лером,Тип товара: Тумба прикроватная; Наименование: Прованс; Габариты: 45х40х55; Цвет: бежевый; Материал: МДФ; Особенности: тумба прикроватный; ТМ: Лером
2532,3523,s4_594,МТР-1620-A72,Мебель,28900,Матрас Vegas Soft 160х200 пена мемори беспружинный; ТМ: Vegas,Тип товара: Матрас; Наименование: Vegas Soft; Габариты: 160х200; Материал: пена мемори; Особенности: беспружинный; ТМ: Vegas
2533,3524,s4_595,ЛТ-SP-E03,Мебель,1400,Светильник спот встроенный GU10 3шт хром; ТМ: Эра,Тип товара: Светильник; Особенности: спот встроенный GU10 3шт хром; ТМ: Эра
2534,3525,s4_596,ЛТ-LED-906,Мебель,1400,Светильник встроенный LED 18Вт квадр 5шт; ТМ: ЭкономСвет,Тип товара: Светильник; Особенности: встроенный LED 18Вт квадр 5шт; ТМ: ЭкономСвет
2535,3526,s4_597,ДН-2400-A51,Мебель,48700,Диван Конкорд изумруд рогожка еврокнижка; ТМ: Сонум,Тип товара: Диван; Наименование: Конкорд; Цвет: изумруд; Материал: рогожка; Особенности: еврокнижка; ТМ: Сонум
2536,3527,s4_598,КГ-1800-777,Мебель,39400,Кухня Хай-тек 1.8м чёрный МДФ модульный 1 8 м глянец; ТМ: Сокол,Тип товара: Кухня; Наименование: Хай-тек; Габариты: 1.8м; Цвет: чёрный; Материал: МДФ; Особенности: модульный 1 8 м глянец; ТМ: Сокол
2537,3528,s4_599,КР-1620-001,Мебель,24700,Кровать 160х200 дуб ЛДСП дв молочн; ТМ: Anrex,Тип товара: Кровать; Габариты: 160х200; Цвет: дуб; Материал: ЛДСП; Особенности: дв молочн; ТМ: Anrex
2538,3529,s4_600,МДУЛ-3406-A48,Мебель,58900,Стенка Скандик 3.4м белый МДФ гостин 3 4 м матовый; ТМ: Eltap,Тип товара: Стенка; Наименование: Скандик; Габариты: 3.4м; Цвет: белый; Материал: МДФ; Особенности: гостин 3 4 м матовый; ТМ: Eltap
2539,3530,s4_601,ЛТ-LED-D98,Мебель,4400,Светильник белый трек LED 24Вт (комплект 5 шт); ТМ: Camelion,Тип товара: Светильник; Цвет: белый; Особенности: трек LED 24Вт (комплект 5 шт); ТМ: Camelion
2540,3531,s4_602,ТУС-1304-447,Мебель,24700,Туалетный столик Венеция 130х45х80 МДФ туал столик глян; ТМ: Lazurit,Тип товара: Туалетный столик; Наименование: Венеция; Габариты: 130х45х80; Материал: МДФ; Особенности: туал столик глян; ТМ: Lazurit
2541,3532,s4_603,ДЕТ-ШК-017,Мебель,1800,Подставка под монитор Школьник бежевый ЛДСП ТМ: Любимый дом,Тип товара: Подставка под монитор; Наименование: Школьник; Цвет: бежевый; Материал: ЛДСП; Особенности: ТМ: Любимый дом
2542,3533,s4_604,ТП-5045-A30,Мебель,8400,Тумба прикроватная Карина 50х45х55 графит МДФ тумба прикроватный 3-ящик; ТМ: Lazurit,Тип товара: Тумба прикроватная; Наименование: Карина; Габариты: 50х45х55; Цвет: графит; Материал: МДФ; Особенности: тумба прикроватный 3-ящик; ТМ: Lazurit
2543,3534,s4_605,ТРН-SE-004,Мебель,6400,«step» Step чёрный степпер мини с поручн /красн; ТМ: Sportelite,Тип товара: «step»; Наименование: Step; Цвет: чёрный; Особенности: степпер мини с поручн /красн; ТМ: Sportelite
2544,3535,s4_606,БС-5085-872,Мебель,5800,Стул Bistro 50х45х85 ротанг барн кр спинка; ТМ: Tetchair,Тип товара: Стул; Наименование: Bistro; Габариты: 50х45х85; Материал: ротанг; Особенности: барн кр спинка; ТМ: Tetchair
2545,3536,s4_607,СТ-1206-441,Мебель,5800,Шкаф Юниор 80х30х170 ЛДСП книжн откр мята; ТМ: Любимый дом,Тип товара: Шкаф; Наименование: Юниор; Габариты: 80х30х170; Материал: ЛДСП; Особенности: книжн откр мята; ТМ: Любимый дом
2546,3537,s4_608,КР-1620-C67,Мебель,26400,Кровать Скандик 160х200 дуб сонома ЛДСП дв; ТМ: Eltap,Тип товара: Кровать; Наименование: Скандик; Габариты: 160х200; Цвет: дуб сонома; Материал: ЛДСП; Особенности: дв; ТМ: Eltap
2547,3538,s4_609,КАР-405-341,Мебель,9800,Картотека металл 4-ящик серая А4; ТМ: Практик,Тип товара: Картотека; Материал: металл; Особенности: 4-ящик серая А4; ТМ: Практик
2548,3539,s4_610,ХР-ПРК-006,Мебель,2400,Ящик 50х25х25 серый металл инструм на ключе; ТМ: Практик,Тип товара: Ящик; Габариты: 50х25х25; Цвет: серый; Материал: металл; Особенности: инструм на ключе; ТМ: Практик
2549,3540,s4_611,ДН-2400-118,Мебель,47800,Диван Лондон бежевый рогожка еврокнижка; ТМ: Eltap,Тип товара: Диван; Наименование: Лондон; Цвет: бежевый; Материал: рогожка; Особенности: еврокнижка; ТМ: Eltap
2550,3541,s4_612,ДН-2200-090,Мебель,38900,Диван 220х90 бежевый рогожка еврокнижка; ТМ: Eltap,Тип товара: Диван; Габариты: 220х90; Цвет: бежевый; Материал: рогожка; Особенности: еврокнижка; ТМ: Eltap
2551,3542,s4_613,МДУЛ-906-A44,Мебель,15800,Шкаф Атриум 90х40х210 венге ЛДСП модуль; ТМ: Mebelain,Тип товара: Шкаф; Наименование: Атриум; Габариты: 90х40х210; Цвет: венге; Материал: ЛДСП; Особенности: модуль; ТМ: Mebelain
2552,3543,s4_614,КУШ-2008-C26,Мебель,32400,Кушетка Манхэттен 200х80х70 бежевый микровельвет; ткань ТМ: Сонум,Тип товара: Кушетка; Наименование: Манхэттен; Габариты: 200х80х70; Цвет: бежевый; Материал: микровельвет; ткань; Особенности: ТМ: Сонум
2553,3544,s4_615,МТР-0820-A79,Мебель,9700,Матрас 80х160 пена мемори детский беспружинный; ТМ: Vegas,Тип товара: Матрас; Габариты: 80х160; Материал: пена мемори; Особенности: детский беспружинный; ТМ: Vegas
2554,3545,s4_616,ТП-4045-274,Мебель,3200,Тумба прикроватная 40х40х50 белый ЛДСП тумба прикроватный 2-ящик; ТМ: СБК,Тип товара: Тумба прикроватная; Габариты: 40х40х50; Цвет: белый; Материал: ЛДСП; Особенности: тумба прикроватный 2-ящик; ТМ: СБК
2555,3546,s4_617,КШ-4080-D73,Мебель,4800,Шкаф кухонный 40х60х85 венге ЛДСП напольный с ящик; ТМ: Stolline,Тип товара: Шкаф кухонный; Габариты: 40х60х85; Цвет: венге; Материал: ЛДСП; Особенности: напольный с ящик; ТМ: Stolline
2556,3547,s4_618,КОН-PL-B19,Мебель,420,Контейнер 40х30х20 пластик для овощей с крышкой; ТМ: Алтек,Тип товара: Контейнер; Габариты: 40х30х20; Материал: пластик; Особенности: для овощей с крышкой; ТМ: Алтек
2557,3548,s4_619,МДУЛ-1606-A43,Мебель,13400,«атриум» Атриум 160х45х55 белый ЛДСП модуль ТВ; ТМ: Mebelain,Тип товара: «атриум»; Наименование: Атриум; Габариты: 160х45х55; Цвет: белый; Материал: ЛДСП; Особенности: модуль ТВ; ТМ: Mebelain
2558,3549,s4_620,КРЗ-ТКЛ-B14,Мебель,680,Корзина 30х20х15 бежевый ткань складной (4 шт); ТМ: Алтек,Тип товара: Корзина; Габариты: 30х20х15; Цвет: бежевый; Материал: ткань; Особенности: складной (4 шт); ТМ: Алтек
2559,3550,s4_621,ТВ-1604-765,Мебель,11400,Тумба ТВ Атриум 160х45х50 венге ЛДСП модульный; ТМ: Mebelain,Тип товара: Тумба ТВ; Наименование: Атриум; Габариты: 160х45х50; Цвет: венге; Материал: ЛДСП; Особенности: модульный; ТМ: Mebelain
2560,3551,s4_622,КГ-2400-D64,Мебель,47800,Кухня Скандинавия 2.4м белый МДФ модульный 2 4 м; ТМ: Сокол,Тип товара: Кухня; Наименование: Скандинавия; Габариты: 2.4м; Цвет: белый; Материал: МДФ; Особенности: модульный 2 4 м; ТМ: Сокол
2561,3552,s4_623,МДУЛ-1006-D58,Мебель,16800,Шкаф Атриум 100х40х210 венге ЛДСП модуль; ТМ: Mebelain,Тип товара: Шкаф; Наименование: Атриум; Габариты: 100х40х210; Цвет: венге; Материал: ЛДСП; Особенности: модуль; ТМ: Mebelain
2562,3553,s4_624,ВН-1MK-009,Мебель,19800,Тумба Соната 80х50х85 белый напольный с раковина; ТМ: 1MarKa,Тип товара: Тумба; Наименование: Соната; Габариты: 80х50х85; Цвет: белый; Особенности: напольный с раковина; ТМ: 1MarKa
2563,3554,s4_625,КР-1820-C68,Мебель,29800,Кровать Скандик 180х200 дуб сонома ЛДСП дв; ТМ: Eltap,Тип товара: Кровать; Наименование: Скандик; Габариты: 180х200; Цвет: дуб сонома; Материал: ЛДСП; Особенности: дв; ТМ: Eltap
2564,3555,s4_626,ДН-2000-810,Мебель,44800,Диван Финляндия велюр еврокнижка горчичн; ТМ: Сонум,Тип товара: Диван; Наименование: Финляндия; Материал: велюр; Особенности: еврокнижка горчичн; ТМ: Сонум
2565,3556,s4_627,КО-FX3-860,Мебель,18400,Кресло Бюрократ FX-3 ткань геймер серая RGB,Тип товара: Кресло; Наименование: Бюрократ FX-3; Материал: ткань; Особенности: геймер серая RGB
2566,3557,s4_628,МДУЛ-1606-D54,Мебель,13200,«гранд» Гранд 160х45х55 белый МДФ модуль ТВ глянец; ТМ: Hoff,Тип товара: «гранд»; Наименование: Гранд; Габариты: 160х45х55; Цвет: белый; Материал: МДФ; Особенности: модуль ТВ глянец; ТМ: Hoff
2567,3558,s4_629,ЛТ-LED-A96,Мебель,3400,Светильник чёрный трек LED 24Вт (комплект 4 шт); ТМ: Navigator,Тип товара: Светильник; Цвет: чёрный; Особенности: трек LED 24Вт (комплект 4 шт); ТМ: Navigator
2568,3559,s4_630,КВ-08016,Мебель,2400,Ковёр 80х150 серый акрил прикроватный; ТМ: Меринос,Тип товара: Ковёр; Габариты: 80х150; Цвет: серый; Материал: акрил; Особенности: прикроватный; ТМ: Меринос
2569,3560,s4_631,ВН-AQW-010,Мебель,21400,Тумба 5 Stars Cube 60х45х50 дуб подвесн светл; ТМ: Aqwella,Тип товара: Тумба; Наименование: 5 Stars Cube; Габариты: 60х45х50; Цвет: дуб; Особенности: подвесн светл; ТМ: Aqwella
2570,3561,s4_632,ЛТ-LED-E09,Мебель,3700,Светильник потолоч LED 48Вт smart RGB пульт; ТМ: Navigator,Тип товара: Светильник; Особенности: потолоч LED 48Вт smart RGB пульт; ТМ: Navigator
2571,3562,s4_633,ХР-ЭТЛ-008,Мебель,520,Ящик для хранения 40х30х25 серый ткань ящик для хран с крышкой; ТМ: Этель,Тип товара: Ящик для хранения; Габариты: 40х30х25; Цвет: серый; Материал: ткань; Особенности: ящик для хран с крышкой; ТМ: Этель
2572,3563,s4_634,КР-1620-228,Мебель,52800,Кровать Дакота 160х200 дуб массив дуб дв; ТМ: Mebelain,Тип товара: Кровать; Наименование: Дакота; Габариты: 160х200; Цвет: дуб; Материал: массив дуб; Особенности: дв; ТМ: Mebelain
2573,3564,s4_635,БРА-080-999,Мебель,1400,Бра пластик дет рис облака LED 8Вт голуб; ТМ: Camelion,Тип товара: Бра; Материал: пластик; Особенности: дет рис облака LED 8Вт голуб; ТМ: Camelion
2574,3565,s4_636,ПР-ANR-012,Мебель,25400,«брест» Брест 180х30х200 белый ЛДСП компл прих; ТМ: Anrex,Тип товара: «брест»; Наименование: Брест; Габариты: 180х30х200; Цвет: белый; Материал: ЛДСП; Особенности: компл прих; ТМ: Anrex
2575,3566,s4_637,СТ-1406-C95,Мебель,6400,Стол письменный 140х60 дуб сонома ЛДСП ТМ: Anrex,Тип товара: Стол письменный; Габариты: 140х60; Цвет: дуб сонома; Материал: ЛДСП; Особенности: ТМ: Anrex
2576,3567,s4_638,КРЗ-ТКЛ-924,Мебель,620,Корзина 35х35х35 бежевый ткань для хран складной; ТМ: Этель,Тип товара: Корзина; Габариты: 35х35х35; Цвет: бежевый; Материал: ткань; Особенности: для хран складной; ТМ: Этель
2577,3568,s4_639,ДУ-2602-A61,Мебель,54700,Диван Pushe Меган изумруд велюр дельфин; ТМ: Pushe,Тип товара: Диван; Наименование: Pushe Меган; Цвет: изумруд; Материал: велюр; Особенности: дельфин; ТМ: Pushe
2578,3569,s4_640,ПР-1606-C76,Мебель,22800,Прихожая Брест 160х30х200 белый ЛДСП модульный; ТМ: Anrex,Тип товара: Прихожая; Наименование: Брест; Габариты: 160х30х200; Цвет: белый; Материал: ЛДСП; Особенности: модульный; ТМ: Anrex
2579,3570,s4_641,КР-1620-741,Мебель,58400,Кровать Флоренция 160х200 ясень массив ясень дв; ТМ: Mebelain,Тип товара: Кровать; Наименование: Флоренция; Габариты: 160х200; Цвет: ясень; Материал: массив ясень; Особенности: дв; ТМ: Mebelain
2580,3571,s4_642,ВИТ-1206-808,Мебель,24800,Витрина 120х40х205 белый МДФ 2-секц; ТМ: Сокол,Тип товара: Витрина; Габариты: 120х40х205; Цвет: белый; Материал: МДФ; Особенности: 2-секц; ТМ: Сокол
2581,3572,s4_643,ВН-ГРЦ-018,Мебель,9800,Зеркало-шкаф Прованс 70х75 бежевый МДФ зерк -шкаф ванный LED; ТМ: Грация,Тип товара: Зеркало-шкаф; Наименование: Прованс; Габариты: 70х75; Цвет: бежевый; Материал: МДФ; Особенности: зерк -шкаф ванный LED; ТМ: Грация
2582,3573,s4_644,ТУС-1104-303,Мебель,23800,Туалетный столик Прага 110х50х80 массив бук туал столик; ТМ: Mebelain,Тип товара: Туалетный столик; Наименование: Прага; Габариты: 110х50х80; Материал: массив бук; Особенности: туал столик; ТМ: Mebelain
2583,3574,s4_645,КО-BR-A89,Мебель,7400,Кресло Бюрократ KB-9N ткань детский рис машинки; ТМ: Бюрократ,Тип товара: Кресло; Наименование: Бюрократ KB-9N; Материал: ткань; Особенности: детский рис машинки; ТМ: Бюрократ
2584,3575,s4_646,ДКР-ЭТЛ-004,Мебель,900,Статуэтка Сова 15х10х20 бежевый керамика ТМ: Этель,Тип товара: Статуэтка; Наименование: Сова; Габариты: 15х10х20; Цвет: бежевый; Материал: керамика; Особенности: ТМ: Этель
2585,3576,s4_647,КОМ-1204-014,Мебель,18900,Комод Аделина 120х45х85 МДФ 4-ящик глянец; ТМ: Lazurit,Тип товара: Комод; Наименование: Аделина; Габариты: 120х45х85; Материал: МДФ; Особенности: 4-ящик глянец; ТМ: Lazurit
2586,3577,s4_648,ВТ-906-C78,Мебель,4800,Вешалка Брест 90х30х200 белый ЛДСП стойка; ТМ: Anrex,Тип товара: Вешалка; Наименование: Брест; Габариты: 90х30х200; Цвет: белый; Материал: ЛДСП; Особенности: стойка; ТМ: Anrex
2587,3578,s4_649,ВН-АКТ-002,Мебель,9700,Зеркало-шкаф Леон 65х80 белый LED подсвет; ТМ: Aquaton,Тип товара: Зеркало-шкаф; Наименование: Леон; Габариты: 65х80; Цвет: белый; Особенности: LED подсвет; ТМ: Aquaton
2588,3579,s4_650,КАР-2006-296,Мебель,7800,Шкаф 200х50х180 серый металл каркас- сборн; ТМ: Практик,Тип товара: Шкаф; Габариты: 200х50х180; Цвет: серый; Материал: металл; Особенности: каркас- сборн; ТМ: Практик
2589,3580,s4_651,КОМ-805-732,Мебель,7400,Комод Юниор 80х40х85 белый ЛДСП 4-ящик /бирюз; ТМ: Любимый дом,Тип товара: Комод; Наименование: Юниор; Габариты: 80х40х85; Цвет: белый; Материал: ЛДСП; Особенности: 4-ящик /бирюз; ТМ: Любимый дом
2590,3581,s4_652,ДН-2000-D28,Мебель,43400,Диван Сонум Ритм изумруд шенилл книжка; ТМ: Сонум,Тип товара: Диван; Наименование: Сонум Ритм; Цвет: изумруд; Материал: шенилл; Особенности: книжка; ТМ: Сонум
2591,3582,s4_653,ШО-806-196,Мебель,9700,Шкаф 80х50х190 ЛДСП для одежды офисный; ТМ: Бюрократ,Тип товара: Шкаф; Габариты: 80х50х190; Материал: ЛДСП; Особенности: для одежды офисный; ТМ: Бюрократ
2592,3583,s4_654,ПР-ANR-D79,Мебель,16800,Шкаф платяной Брест 90х40х200 белый для прих; ТМ: Anrex,Тип товара: Шкаф платяной; Наименование: Брест; Габариты: 90х40х200; Цвет: белый; Особенности: для прих; ТМ: Anrex
2593,3584,s4_655,ПОД-4040-929,Мебель,680,Подушка 40х40 декоративный дет рисунок котики; ТМ: Этель,Тип товара: Подушка; Габариты: 40х40; Особенности: декоративный дет рисунок котики; ТМ: Этель
2594,3585,s4_656,ОРГ-ТКЛ-B23,Мебель,1100,Органайзер 30х15х130 тканевый для бельё подвесн 6 ящик; ТМ: Этель,Тип товара: Органайзер; Габариты: 30х15х130; Особенности: тканевый для бельё подвесн 6 ящик; ТМ: Этель
2595,3586,s4_657,КВ-18024,Мебель,11400,Ковёр 180х240 бежевый вискоза модерн; ТМ: Меринос,Тип товара: Ковёр; Габариты: 180х240; Цвет: бежевый; Материал: вискоза; Особенности: модерн; ТМ: Меринос
2596,3587,s4_658,КШ-4080-088,Мебель,9800,Шкаф кухонный 40х60х200 дуб ЛДСП пенал артизан; ТМ: Сокол,Тип товара: Шкаф кухонный; Габариты: 40х60х200; Цвет: дуб; Материал: ЛДСП; Особенности: пенал артизан; ТМ: Сокол
2597,3588,s4_659,КОМ-1004-B62,Мебель,14800,Комод 100х40х95 белый МДФ 5-ящик глянец; ТМ: MebelKing,Тип товара: Комод; Габариты: 100х40х95; Цвет: белый; Материал: МДФ; Особенности: 5-ящик глянец; ТМ: MebelKing
2598,3589,s4_660,ВН-АКТ-E19,Мебель,4200,«йорк» Йорк 35х25х80 белый МДФ полка-этажерка ванн; ТМ: Aquaton,Тип товара: «йорк»; Наименование: Йорк; Габариты: 35х25х80; Цвет: белый; Материал: МДФ; Особенности: полка-этажерка ванн; ТМ: Aquaton
2599,3590,s4_661,КР-1620-110,Мебель,31500,Кровать Берлин 160х200 дуб сонома ЛДСП дв; ТМ: Hoff,Тип товара: Кровать; Наименование: Берлин; Габариты: 160х200; Цвет: дуб сонома; Материал: ЛДСП; Особенности: дв; ТМ: Hoff
2600,3591,s4_662,ССТ-806-C50,Мебель,6400,Стеллаж Орхидея 80х30х180 дуб 4 полки молочн; ТМ: Лером,Тип товара: Стеллаж; Наименование: Орхидея; Габариты: 80х30х180; Цвет: дуб; Особенности: 4 полки молочн; ТМ: Лером
2601,3592,s4_663,ПР-2006-207,Мебель,31200,Шкаф 200х35х215 венге прихожая с ом; ТМ: Сокол,Тип товара: Шкаф; Габариты: 200х35х215; Цвет: венге; Особенности: прихожая с ом; ТМ: Сокол
2602,3593,s4_664,КО-CHR-D91,Мебель,42800,Кресло руководителя Chairman 950 кожа премиум хром; ТМ: Chairman,Тип товара: Кресло руководителя; Наименование: Chairman 950; Материал: кожа; Особенности: премиум хром; ТМ: Chairman
2603,3594,s4_665,ШК-2406-C14,Мебель,47400,Шкаф-купе Лион 240х60х225 3-дверный зерк артизан; ТМ: Mr. Doors,Тип товара: Шкаф-купе; Наименование: Лион; Габариты: 240х60х225; Особенности: 3-дверный зерк артизан; ТМ: Mr. Doors
2604,3595,s4_666,КГ-BAR-A10,Мебель,14800,Кухонн. 180х40х110 белый ЛДСП барная стойка; ТМ: Сокол,Тип товара: Кухонн.; Габариты: 180х40х110; Цвет: белый; Материал: ЛДСП; Особенности: барная стойка; ТМ: Сокол
2605,3596,s4_667,ЛТ-LED-A97,Мебель,4200,Светильник белый трек LED 18Вт (комплект 6 шт); ТМ: Navigator,Тип товара: Светильник; Цвет: белый; Особенности: трек LED 18Вт (комплект 6 шт); ТМ: Navigator
2606,3597,s4_668,ЛН-RGB-912,Мебель,2700,Лампа металл наст RGB сенсор круг база; ТМ: Camelion,Тип товара: Лампа; Материал: металл; Особенности: наст RGB сенсор круг база; ТМ: Camelion
2607,3598,s4_669,ЗЕР-7011-C45,Мебель,8900,Зеркало Афина 70х110 ясень массив ясень в раме; ТМ: Mebelain,Тип товара: Зеркало; Наименование: Афина; Габариты: 70х110; Цвет: ясень; Материал: массив ясень; Особенности: в раме; ТМ: Mebelain
2608,3599,s4_670,КГ-3000-A07,Мебель,67800,Кухня Хай-тек XL 3.0м серый модульный 3 0 м глянец; ТМ: Сокол,Тип товара: Кухня; Наименование: Хай-тек XL; Габариты: 3.0м; Цвет: серый; Особенности: модульный 3 0 м глянец; ТМ: Сокол
2609,3600,s4_671,БС-4080-258,Мебель,3800,Стул 40х40х80 ротанг барн со спин; ТМ: Tetchair,Тип товара: Стул; Габариты: 40х40х80; Материал: ротанг; Особенности: барн со спин; ТМ: Tetchair
2610,3601,s4_672,ВН-АКТ-E17,Мебель,10400,«йорк» Йорк 35х30х170 белый МДФ пенал ванный; ТМ: Aquaton,Тип товара: «йорк»; Наименование: Йорк; Габариты: 35х30х170; Цвет: белый; Материал: МДФ; Особенности: пенал ванный; ТМ: Aquaton
2611,3602,s4_673,ОБ-1808-886,Мебель,32400,Стол обеденный 180х90 натуральный массив бук овал; ТМ: Mebelain,Тип товара: Стол обеденный; Габариты: 180х90; Цвет: натуральный; Материал: массив бук; Особенности: овал; ТМ: Mebelain
2612,3603,s4_674,ХР-ПРК-005,Мебель,7400,Стеллаж 100х40 усил MS-200/ 5 полок 200 кг; ТМ: Практик,Тип товара: Стеллаж; Габариты: 100х40; Особенности: усил MS-200/ 5 полок 200 кг; ТМ: Практик
2613,3604,s4_675,ЛТ-PND-907,Мебель,2400,Лампа золото металл подвес декоратив 1 эдисон; ТМ: ЭкономСвет,Тип товара: Лампа; Цвет: золото; Материал: металл; Особенности: подвес декоратив 1 эдисон; ТМ: ЭкономСвет
2614,3605,s4_676,ШК-2706-396,Мебель,67400,Шкаф-купе 270х90х225 венге ЛДСП угловой; ТМ: Mr. Doors,Тип товара: Шкаф-купе; Габариты: 270х90х225; Цвет: венге; Материал: ЛДСП; Особенности: угловой; ТМ: Mr. Doors
2615,3606,s4_677,ВН-АКТ-E20,Мебель,18400,Тумба под раковину Сильва 65х48х85 венге МДФ тумба под раковина; ТМ: Aquaton,Тип товара: Тумба под раковину; Наименование: Сильва; Габариты: 65х48х85; Цвет: венге; Материал: МДФ; Особенности: тумба под раковина; ТМ: Aquaton
2616,3607,s4_678,ДН-1909-818,Мебель,33400,Диван Бавария коричневый микрофибра книжка; ТМ: Eltap,Тип товара: Диван; Наименование: Бавария; Цвет: коричневый; Материал: микрофибра; Особенности: книжка; ТМ: Eltap
2617,3608,s4_679,ССТ-1106-225,Мебель,8900,Стеллаж 110х30х200 венге ЛДСП 6 полок; ТМ: Сокол,Тип товара: Стеллаж; Габариты: 110х30х200; Цвет: венге; Материал: ЛДСП; Особенности: 6 полок; ТМ: Сокол
2618,3609,s4_680,ШП-1806-C40,Мебель,67400,Шкаф платяной Афина 180х60х230 ясень 4-дверный масс; ТМ: Mebelain,Тип товара: Шкаф платяной; Наименование: Афина; Габариты: 180х60х230; Цвет: ясень; Особенности: 4-дверный масс; ТМ: Mebelain
2619,3610,s4_681,ТП-4540-C15,Мебель,5400,Тумба прикроватная Лион 45х40х50 тумба прикроватный 2-ящик артизан; ТМ: Mr. Doors,Тип товара: Тумба прикроватная; Наименование: Лион; Габариты: 45х40х50; Особенности: тумба прикроватный 2-ящик артизан; ТМ: Mr. Doors
2620,3611,s4_682,ЛТ-SP-B04,Мебель,2700,Светильник спот встроенный GU10 6шт хром; ТМ: Эра,Тип товара: Светильник; Особенности: спот встроенный GU10 6шт хром; ТМ: Эра
2621,3612,s4_683,СТЖ-606-066,Мебель,7800,Столик 60х60х50 массив бук кофейн; ТМ: Mebelain,Тип товара: Столик; Габариты: 60х60х50; Материал: массив бук; Особенности: кофейн; ТМ: Mebelain
2622,3613,s4_684,БС-5085-E40,Мебель,5200,Стул графит экокожа; кожа барн со спин хром; ТМ: Tetchair,Тип товара: Стул; Цвет: графит; Материал: экокожа; кожа; Особенности: барн со спин хром; ТМ: Tetchair
2623,3614,s4_685,ДН-1900-D38,Мебель,28900,Диван Eltap Лиссабон серый микровельвет книжка; ТМ: Eltap,Тип товара: Диван; Наименование: Eltap Лиссабон; Цвет: серый; Материал: микровельвет; Особенности: книжка; ТМ: Eltap
2624,3615,s4_686,ТП-5045-285,Мебель,4800,Тумба прикроватная 50х40х50 МДФ тумба прикроватный глянец; ТМ: СБК,Тип товара: Тумба прикроватная; Габариты: 50х40х50; Материал: МДФ; Особенности: тумба прикроватный глянец; ТМ: СБК
2625,3616,s4_687,МДУЛ-2806-D55,Мебель,47800,Гостиная Атриум 2.8м венге ЛДСП стенка 2 8 м; ТМ: Mebelain,Тип товара: Гостиная; Наименование: Атриум; Габариты: 2.8м; Цвет: венге; Материал: ЛДСП; Особенности: стенка 2 8 м; ТМ: Mebelain
2626,3617,s4_688,МТР-1620-D21,Мебель,38400,Матрас Орматек Soft 160х200 пружинный мемори топпер; ТМ: Орматек,Тип товара: Матрас; Наименование: Орматек Soft; Габариты: 160х200; Особенности: пружинный мемори топпер; ТМ: Орматек
2627,3618,s4_689,ШП-2206-C62,Мебель,72400,Шкаф платяной Карина 220х65х230 графит МДФ 6-дверный; ТМ: Lazurit,Тип товара: Шкаф платяной; Наименование: Карина; Габариты: 220х65х230; Цвет: графит; Материал: МДФ; Особенности: 6-дверный; ТМ: Lazurit
2628,3619,s4_690,БАН-1204-C83,Мебель,6900,Банкетка Атриум 120х35х50 венге ЛДСП с обувница; ТМ: Сокол,Тип товара: Банкетка; Наименование: Атриум; Габариты: 120х35х50; Цвет: венге; Материал: ЛДСП; Особенности: с обувница; ТМ: Сокол
2629,3620,s4_691,ВН-АКТ-E18,Мебель,6400,Шкаф Йорк 60х25х70 белый МДФ навесной ч; ТМ: Aquaton,Тип товара: Шкаф; Наименование: Йорк; Габариты: 60х25х70; Цвет: белый; Материал: МДФ; Особенности: навесной ч; ТМ: Aquaton
2630,3621,s4_692,КР-1820-C12,Мебель,32400,Кровать Лион 180х200 дуб ЛДСП дв артизан; ТМ: Mr. Doors,Тип товара: Кровать; Наименование: Лион; Габариты: 180х200; Цвет: дуб; Материал: ЛДСП; Особенности: дв артизан; ТМ: Mr. Doors
2631,3622,s4_693,МТР-1420-844,Мебель,18900,Матрас Софт 140х200 пена мемори беспружинный 5 см; ТМ: Аскона,Тип товара: Матрас; Наименование: Софт; Габариты: 140х200; Материал: пена мемори; Особенности: беспружинный 5 см; ТМ: Аскона
2632,3623,s4_694,КОМ-805-C52,Мебель,9800,Комод Орхидея 80х40х80 дуб ЛДСП 3-ящик молочн; ТМ: Лером,Тип товара: Комод; Наименование: Орхидея; Габариты: 80х40х80; Цвет: дуб; Материал: ЛДСП; Особенности: 3-ящик молочн; ТМ: Лером
2633,3624,s4_695,ШПК-905-318,Мебель,19400,Шкаф платяной 90х50х200 коричневый купе зеркало; ТМ: Hoff,Тип товара: Шкаф платяной; Габариты: 90х50х200; Цвет: коричневый; Особенности: купе зеркало; ТМ: Hoff
2634,3625,s4_696,МДУЛ-2806-F23,Мебель,51800,Стенка Скандик 2.8м дуб сонома МДФ гостин 2 8 м; ТМ: Eltap,Тип товара: Стенка; Наименование: Скандик; Габариты: 2.8м; Цвет: дуб сонома; Материал: МДФ; Особенности: гостин 2 8 м; ТМ: Eltap
2635,3626,s4_697,КАК-8585-822,Мебель,19800,Кресло Босс XL чёрный экокожа; кожа вращ; ТМ: Tetchair,Тип товара: Кресло; Наименование: Босс XL; Цвет: чёрный; Материал: экокожа; кожа; Особенности: вращ; ТМ: Tetchair
2636,3627,s4_698,ДН-2000-816,Мебель,36900,Диван Боровичи Уют ткань еврокнижка серая; ТМ: Боровичи-Мебель,Тип товара: Диван; Наименование: Боровичи Уют; Материал: ткань; Особенности: еврокнижка серая; ТМ: Боровичи-Мебель
2637,3628,s4_699,ИЗГ-1620-A33,Мебель,22800,Изголовье Флоренция 160х200 кожа белая; ТМ: Mebelain,Тип товара: Изголовье; Наименование: Флоренция; Габариты: 160х200; Материал: кожа; Особенности: белая; ТМ: Mebelain
2638,3629,s4_700,СТО-1207-418,Мебель,13800,Стол офисный 120х80 дуб ЛДСП эргон угловой; ТМ: Бюрократ,Тип товара: Стол офисный; Габариты: 120х80; Цвет: дуб; Материал: ЛДСП; Особенности: эргон угловой; ТМ: Бюрократ
2639,3630,s4_701,БАН-1004-F15,Мебель,13400,Банкетка Афина 100х40х48 бежевый; ясень ткань прикроватный; ТМ: Mebelain,Тип товара: Банкетка; Наименование: Афина; Габариты: 100х40х48; Цвет: бежевый; ясень; Материал: ткань; Особенности: прикроватный; ТМ: Mebelain
2640,3631,s4_702,МТР-0920-A80,Мебель,8400,Матрас Топпер 90х200 натуральный латекс 5 см; ТМ: Аскона,Тип товара: Матрас; Наименование: Топпер; Габариты: 90х200; Цвет: натуральный; Материал: латекс; Особенности: 5 см; ТМ: Аскона
2641,3632,s4_703,ДН-2000-A59,Мебель,42400,Диван Pushe Уют XL микровельвет; ткань еврокнижка; ТМ: Pushe,Тип товара: Диван; Наименование: Pushe Уют XL; Материал: микровельвет; ткань; Особенности: еврокнижка; ТМ: Pushe
2642,3633,s4_704,ЗЕР-8016-274,Мебель,9800,Зеркало 80х160 напольный рама дерево; ТМ: Икар,Тип товара: Зеркало; Габариты: 80х160; Особенности: напольный рама дерево; ТМ: Икар
2643,3634,s4_705,ЗЕР-7110-994,Мебель,11400,Зеркало 70х170 чёрный металл напольный рама; ТМ: Икар,Тип товара: Зеркало; Габариты: 70х170; Цвет: чёрный; Материал: металл; Особенности: напольный рама; ТМ: Икар
2644,3635,s4_706,ТУМ-454-B49,Мебель,8400,Тумба 45х50х70 металл офисный с замком серая; ТМ: Практик,Тип товара: Тумба; Габариты: 45х50х70; Материал: металл; Особенности: офисный с замком серая; ТМ: Практик
2645,3636,s4_707,КГ-1800-D66,Мебель,36400,Кухня Кантри XL 1.8м бежевый МДФ прямой 1 8 м матовый; ТМ: Stolline,Тип товара: Кухня; Наименование: Кантри XL; Габариты: 1.8м; Цвет: бежевый; Материал: МДФ; Особенности: прямой 1 8 м матовый; ТМ: Stolline
2646,3637,s4_708,БАН-1004-B68,Мебель,11400,Банкетка Дакота 100х40х48 коричневый кожа массив; ТМ: Mebelain,Тип товара: Банкетка; Наименование: Дакота; Габариты: 100х40х48; Цвет: коричневый; Материал: кожа; Особенности: массив; ТМ: Mebelain
2647,3638,s4_709,СТ-1512-070,Мебель,9800,«бостон» Бостон 150х120 венге ЛДСП стол угловой с надстр; ТМ: Сокол,Тип товара: «бостон»; Наименование: Бостон; Габариты: 150х120; Цвет: венге; Материал: ЛДСП; Особенности: стол угловой с надстр; ТМ: Сокол
2648,3639,s4_710,ЯР-PL-B15,Мебель,1200,Ящик 80х40х30 пластик с крышкой 60л прозр; ТМ: Алтек,Тип товара: Ящик; Габариты: 80х40х30; Материал: пластик; Особенности: с крышкой 60л прозр; ТМ: Алтек
2649,3640,s4_711,БАН-1004-022,Мебель,6700,Банкетка Берлин 100х40 бежевый ткань с ящик; ТМ: Hoff,Тип товара: Банкетка; Наименование: Берлин; Габариты: 100х40; Цвет: бежевый; Материал: ткань; Особенности: с ящик; ТМ: Hoff
2650,3641,s4_712,ОТТ-7070-163,Мебель,6400,Оттоманка 70х70х45 белый экокожа; кожа прикроватный; ТМ: Tetchair,Тип товара: Оттоманка; Габариты: 70х70х45; Цвет: белый; Материал: экокожа; кожа; Особенности: прикроватный; ТМ: Tetchair
2651,3642,s4_713,ВН-АКТ-E22,Мебель,10200,Зеркало-шкаф Сильва 65х78 венге МДФ LED; ТМ: Aquaton,Тип товара: Зеркало-шкаф; Наименование: Сильва; Габариты: 65х78; Цвет: венге; Материал: МДФ; Особенности: LED; ТМ: Aquaton
2652,3643,s4_714,КОМ-1004-303,Мебель,26900,Комод Прага 100х50х100 массив бук 6-ящик; ТМ: Mebelain,Тип товара: Комод; Наименование: Прага; Габариты: 100х50х100; Материал: массив бук; Особенности: 6-ящик; ТМ: Mebelain
2653,3644,s4_715,МТР-1420-A67,Мебель,17400,Матрас Optima 140х200 пружинный независимый эконом; ТМ: Аскона,Тип товара: Матрас; Наименование: Optima; Габариты: 140х200; Особенности: пружинный независимый эконом; ТМ: Аскона
2654,3645,s4_716,МДУЛ-3206-761,Мебель,52400,Гостиная Атриум 3.2м венге ЛДСП стенка 3 2 м; ТМ: Mebelain,Тип товара: Гостиная; Наименование: Атриум; Габариты: 3.2м; Цвет: венге; Материал: ЛДСП; Особенности: стенка 3 2 м; ТМ: Mebelain
2655,3646,s4_717,КОМ-805-C66,Мебель,9800,Комод Скандик 80х40х90 дуб сонома МДФ 4-ящик; ТМ: Eltap,Тип товара: Комод; Наименование: Скандик; Габариты: 80х40х90; Цвет: дуб сонома; Материал: МДФ; Особенности: 4-ящик; ТМ: Eltap
2656,3647,s4_718,ЛТ-MOD-895,Мебель,6200,Люстра стекло модерн 3 лампы хром; ТМ: Navigator,Тип товара: Люстра; Материал: стекло; Особенности: модерн 3 лампы хром; ТМ: Navigator
2657,3648,s4_719,ТУС-1204-C41,Мебель,28900,Туалетный столик Афина 120х50х80 белый; ясень туал столик; ТМ: Mebelain,Тип товара: Туалетный столик; Наименование: Афина; Габариты: 120х50х80; Цвет: белый; ясень; Особенности: туал столик; ТМ: Mebelain
2658,3649,s4_720,ДН-2200-D33,Мебель,34800,Диван Боровичи Классик бежевый рогожка книжка; ТМ: Боровичи-Мебель,Тип товара: Диван; Наименование: Боровичи Классик; Цвет: бежевый; Материал: рогожка; Особенности: книжка; ТМ: Боровичи-Мебель
2659,3650,s4_721,КР-1620-596,Мебель,32400,Кровать Тоскана 160х200 МДФ дв с ящик; ТМ: Любимый дом,Тип товара: Кровать; Наименование: Тоскана; Габариты: 160х200; Материал: МДФ; Особенности: дв с ящик; ТМ: Любимый дом
2660,3651,s4_722,КР-1620-C28,Мебель,38400,Кровать Прованс 160х200 бежевый МДФ дв матовый; ТМ: Лером,Тип товара: Кровать; Наименование: Прованс; Габариты: 160х200; Цвет: бежевый; Материал: МДФ; Особенности: дв матовый; ТМ: Лером
2661,3652,s4_723,КОМ-9005-B57,Мебель,19800,Комод Аделина 90х50х100 МДФ 5-ящик глянец; ТМ: Lazurit,Тип товара: Комод; Наименование: Аделина; Габариты: 90х50х100; Материал: МДФ; Особенности: 5-ящик глянец; ТМ: Lazurit
2662,3653,s4_724,СВТ-1604-B81,Мебель,21400,Сервант 160х40х200 дуб ЛДСП 2-дверный артизан; ТМ: Сокол,Тип товара: Сервант; Габариты: 160х40х200; Цвет: дуб; Материал: ЛДСП; Особенности: 2-дверный артизан; ТМ: Сокол
2663,3654,s4_725,ТП-,Мебель,2900,Тумба прикроватная 40х35х50 дуб сонома ЛДСП тумба прикроватный 1-ящик; ТМ: СБК,Тип товара: Тумба прикроватная; Габариты: 40х35х50; Цвет: дуб сонома; Материал: ЛДСП; Особенности: тумба прикроватный 1-ящик; ТМ: СБК
2664,3655,s4_726,ЯР-PL-923,Мебель,780,Ящик 60х40х30 синий пластик с крышкой 30л; ТМ: Алтек,Тип товара: Ящик; Габариты: 60х40х30; Цвет: синий; Материал: пластик; Особенности: с крышкой 30л; ТМ: Алтек
2665,3656,s4_727,ПОД-5050-069,Мебель,920,Подушка 50х50 бежевый рогожка декоративный; ТМ: Этель,Тип товара: Подушка; Габариты: 50х50; Цвет: бежевый; Материал: рогожка; Особенности: декоративный; ТМ: Этель
2666,3657,s4_728,ПУФ-4545-C47,Мебель,3400,Пуф Орхидея 45х45х42 ткань квадр пыльн роза; ТМ: Лером,Тип товара: Пуф; Наименование: Орхидея; Габариты: 45х45х42; Материал: ткань; Особенности: квадр пыльн роза; ТМ: Лером
2667,3658,s4_729,ИЗГ-1620-A17,Мебель,14800,Изголовье Орхидея 160х200 дуб экокожа; кожа мяг мол; ТМ: Лером,Тип товара: Изголовье; Наименование: Орхидея; Габариты: 160х200; Цвет: дуб; Материал: экокожа; кожа; Особенности: мяг мол; ТМ: Лером
2668,3659,s4_730,КО-CHR-A86,Мебель,17800,Кресло руководителя Chairman 442 коричневый экокожа; кожа хром; ТМ: Chairman,Тип товара: Кресло руководителя; Наименование: Chairman 442; Цвет: коричневый; Материал: экокожа; кожа; Особенности: хром; ТМ: Chairman
2669,3660,s4_731,СТ-1206-C92,Мебель,5100,Стол письменный 120х60 дуб сонома ЛДСП ТМ: Anrex,Тип товара: Стол письменный; Габариты: 120х60; Цвет: дуб сонома; Материал: ЛДСП; Особенности: ТМ: Anrex
2670,3661,s4_732,ПУФ-4545-728,Мебель,4400,Пуф Карина 45х45х42 графит экокожа; кожа с ящик; ТМ: Lazurit,Тип товара: Пуф; Наименование: Карина; Габариты: 45х45х42; Цвет: графит; Материал: экокожа; кожа; Особенности: с ящик; ТМ: Lazurit
2671,3662,s4_733,СТ-1206-441,Мебель,9400,Стол письменный 150х70 дуб сонома ЛДСП угловой с надстр; ТМ: Сокол,Тип товара: Стол письменный; Габариты: 150х70; Цвет: дуб сонома; Материал: ЛДСП; Особенности: угловой с надстр; ТМ: Сокол
2672,3663,s4_734,ТРН-SE-003,Мебель,28700,«pro» Pro эллипс магнитный 10 уровн дисплей LCD; ТМ: Sportelite,Тип товара: «pro»; Наименование: Pro; Особенности: эллипс магнитный 10 уровн дисплей LCD; ТМ: Sportelite
2673,3664,s4_735,ХР-АЛТ-011,Мебель,1100,Контейнер 60х40х30 пластик с крышкой 50л прозр; ТМ: Алтек,Тип товара: Контейнер; Габариты: 60х40х30; Материал: пластик; Особенности: с крышкой 50л прозр; ТМ: Алтек
2674,3665,s4_736,ШП-1606-218,Мебель,27300,Шкаф платяной 160х55х210 белый ЛДСП 3-дверный; ТМ: Anrex,Тип товара: Шкаф платяной; Габариты: 160х55х210; Цвет: белый; Материал: ЛДСП; Особенности: 3-дверный; ТМ: Anrex
2675,3666,s4_737,БРА-200-897,Мебель,2100,Бра золото металл LED 8Вт сенсор; ТМ: Camelion,Тип товара: Бра; Цвет: золото; Материал: металл; Особенности: LED 8Вт сенсор; ТМ: Camelion
2676,3667,s4_738,КР-1620-660,Мебель,22400,Кровать Норд 160х200 дуб ЛДСП дв артизан; ТМ: Anrex,Тип товара: Кровать; Наименование: Норд; Габариты: 160х200; Цвет: дуб; Материал: ЛДСП; Особенности: дв артизан; ТМ: Anrex
2677,3668,s4_739,ПР-1606-C70,Мебель,28400,Прихожая Гомель 160х35х215 дуб ЛДСП модульный; ТМ: Anrex,Тип товара: Прихожая; Наименование: Гомель; Габариты: 160х35х215; Цвет: дуб; Материал: ЛДСП; Особенности: модульный; ТМ: Anrex
2678,3669,s4_740,ДУ-2602-D26,Мебель,68900,Диван Аскона Норд графит велюр дельфин; ТМ: Аскона,Тип товара: Диван; Наименование: Аскона Норд; Цвет: графит; Материал: велюр; Особенности: дельфин; ТМ: Аскона
2679,3670,s4_741,ЛНП-200-B08,Мебель,9800,Торшер золото металл дугообр 200 см абажур текст; ТМ: СветТех,Тип товара: Торшер; Цвет: золото; Материал: металл; Особенности: дугообр 200 см абажур текст; ТМ: СветТех
2680,3671,s4_742,ОБ-СТ-881,Мебель,7800,Стул обеденный Лофт ясень металлический каркас; металл сидение (2 шт); ТМ: Stolline,Тип товара: Стул обеденный; Наименование: Лофт; Цвет: ясень; Материал: металлический каркас; металл; Особенности: сидение (2 шт); ТМ: Stolline
2681,3672,s4_743,СТ-1406-505,Мебель,6400,Стол письменный 140х60 дуб сонома ЛДСП ТМ: Сокол,Тип товара: Стол письменный; Габариты: 140х60; Цвет: дуб сонома; Материал: ЛДСП; Особенности: ТМ: Сокол
2682,3673,s4_744,ПР-1206-B25,Мебель,18900,Прихожая Минимал 120х35х210 дуб сонома ЛДСП ТМ: Икар,Тип товара: Прихожая; Наименование: Минимал; Габариты: 120х35х210; Цвет: дуб сонома; Материал: ЛДСП; Особенности: ТМ: Икар
2683,3674,s4_745,КР-1620-A25,Мебель,26800,Кровать Стокгольм 160х200 дуб сонома ЛДСП дв; ТМ: Anrex,Тип товара: Кровать; Наименование: Стокгольм; Габариты: 160х200; Цвет: дуб сонома; Материал: ЛДСП; Особенности: дв; ТМ: Anrex
2684,3675,s4_746,МТР-1220-D07,Мебель,28400,Матрас Vita Plus 120х200 латекс пружинный независимый; ТМ: Орматек,Тип товара: Матрас; Наименование: Vita Plus; Габариты: 120х200; Материал: латекс; Особенности: пружинный независимый; ТМ: Орматек
2685,3676,s4_747,МДУЛ-1206-D52,Мебель,19400,Шкаф Гранд 120х40х210 венге ЛДСП модуль; ТМ: Hoff,Тип товара: Шкаф; Наименование: Гранд; Габариты: 120х40х210; Цвет: венге; Материал: ЛДСП; Особенности: модуль; ТМ: Hoff
2686,3677,s4_748,КОМ-1205-F12,Мебель,16400,Комод Манхэттен 120х45х95 графит ЛДСП 5-ящик; ТМ: Сонум,Тип товара: Комод; Наименование: Манхэттен; Габариты: 120х45х95; Цвет: графит; Материал: ЛДСП; Особенности: 5-ящик; ТМ: Сонум
2687,3678,s4_749,КГ-2400-776,Мебель,54800,Кухня Прованс XL 2.4м МДФ модульный 2 4 м оливк; ТМ: Stolline,Тип товара: Кухня; Наименование: Прованс XL; Габариты: 2.4м; Материал: МДФ; Особенности: модульный 2 4 м оливк; ТМ: Stolline
2688,3679,s4_750,ТРН-DFC-012,Мебель,19800,Велотренажёр B5000 чёрный велотренаж горизонт эргон; ТМ: DFC,Тип товара: Велотренажёр; Наименование: B5000; Цвет: чёрный; Особенности: велотренаж горизонт эргон; ТМ: DFC
2689,3680,s4_751,СТЖ-805-303,Мебель,3700,Столик журнальный Кофе 80х50 дуб сонома ЛДСП ТМ: Eltap,Тип товара: Столик журнальный; Наименование: Кофе; Габариты: 80х50; Цвет: дуб сонома; Материал: ЛДСП; Особенности: ТМ: Eltap
2690,3681,s4_752,СТ-1406-E49,Мебель,9700,Стол письменный 140х60 венге ЛДСП с тумбой; ТМ: Mr Doors,Тип товара: Стол письменный; Габариты: 140х60; Цвет: венге; Материал: ЛДСП; Особенности: с тумбой; ТМ: Mr Doors
2691,3682,s4_753,ДН-2200-A55,Мебель,58400,Диван Аскона Прайм серый шенилл еврокнижка; ТМ: Аскона,Тип товара: Диван; Наименование: Аскона Прайм; Цвет: серый; Материал: шенилл; Особенности: еврокнижка; ТМ: Аскона
2692,3683,s4_754,ШК-2406-022,Мебель,5200,Стол письменный 120х60 белый ЛДСП ТМ: Anrex,Тип товара: Стол письменный; Габариты: 120х60; Цвет: белый; Материал: ЛДСП; Особенности: ТМ: Anrex
2693,3684,s4_755,ПУФ-4545-C08,Мебель,4400,Пуф Версаль 45х45х42 слоновая кость экокожа; кожа квадр; ТМ: Lazurit,Тип товара: Пуф; Наименование: Версаль; Габариты: 45х45х42; Цвет: слоновая кость; Материал: экокожа; кожа; Особенности: квадр; ТМ: Lazurit
2694,3685,s4_756,КУШ-1908-152,Мебель,22400,Кушетка 190х80х75 ткань дв с ящик серая; ТМ: Eltap,Тип товара: Кушетка; Габариты: 190х80х75; Материал: ткань; Особенности: дв с ящик серая; ТМ: Eltap
2695,3686,s4_757,ПР-СКЛ-004,Мебель,5400,«кантри» Кантри 90х30х50 дуб ЛДСП обувница откр; ТМ: Сокол,Тип товара: «кантри»; Наименование: Кантри; Габариты: 90х30х50; Цвет: дуб; Материал: ЛДСП; Особенности: обувница откр; ТМ: Сокол
2696,3687,s4_758,КШ-1206-441,Мебель,17800,Шкаф 120х35х220 белый ЛДСП книжн 2-дверный; ТМ: Сокол,Тип товара: Шкаф; Габариты: 120х35х220; Цвет: белый; Материал: ЛДСП; Особенности: книжн 2-дверный; ТМ: Сокол
2697,3688,s4_759,ИЗГ-1820-A18,Мебель,16400,Изголовье Орхидея 180х200 дуб экокожа; кожа мяг мол; ТМ: Лером,Тип товара: Изголовье; Наименование: Орхидея; Габариты: 180х200; Цвет: дуб; Материал: экокожа; кожа; Особенности: мяг мол; ТМ: Лером
2698,3689,s4_760,КР-1820-C29,Мебель,41800,Кровать Прованс 180х200 бежевый МДФ дв матовый; ТМ: Лером,Тип товара: Кровать; Наименование: Прованс; Габариты: 180х200; Цвет: бежевый; Материал: МДФ; Особенности: дв матовый; ТМ: Лером
2699,3690,s4_761,КО-1110-185,Мебель,28400,Кресло руководителя Director DLX кожа премиум; ТМ: Бюрократ,Тип товара: Кресло руководителя; Наименование: Director DLX; Материал: кожа; Особенности: премиум; ТМ: Бюрократ
2700,3691,s4_762,ИЗГ-1620-C60,Мебель,14400,Изголовье Аделина 160х200 слоновая кость экокожа; кожа ТМ: Lazurit,Тип товара: Изголовье; Наименование: Аделина; Габариты: 160х200; Цвет: слоновая кость; Материал: экокожа; кожа; Особенности: ТМ: Lazurit
2701,3692,s4_763,ПУФ-5050-447,Мебель,4100,Пуф Венеция 50х45 белый экокожа; кожа круг; ТМ: Lazurit,Тип товара: Пуф; Наименование: Венеция; Габариты: 50х45; Цвет: белый; Материал: экокожа; кожа; Особенности: круг; ТМ: Lazurit
2702,3693,s4_764,МТР-1820-A77,Мебель,44700,Матрас Promtex Gold 180х200 латекс гибрид мемори+; ТМ: Promtex,Тип товара: Матрас; Наименование: Promtex Gold; Габариты: 180х200; Материал: латекс; Особенности: гибрид мемори+; ТМ: Promtex
2703,3694,s4_765,КШ-8080-022,Мебель,5400,Шкаф кухонный 80х60х85 дуб ЛДСП напольный; ТМ: Сокол,Тип товара: Шкаф кухонный; Габариты: 80х60х85; Цвет: дуб; Материал: ЛДСП; Особенности: напольный; ТМ: Сокол
2704,3695,s4_766,СЕЙ-404-B52,Мебель,9800,Сейф 40х30х30 металл мебельн кодов замок; ТМ: Практик,Тип товара: Сейф; Габариты: 40х30х30; Материал: металл; Особенности: мебельн кодов замок; ТМ: Практик
2705,3696,s4_767,ВН-AQW-011,Мебель,14700,Зеркало-шкаф 5 Stars Cube 60х70 дуб зерк -шкаф LED светл; ТМ: Aqwella,Тип товара: Зеркало-шкаф; Наименование: 5 Stars Cube; Габариты: 60х70; Цвет: дуб; Особенности: зерк -шкаф LED светл; ТМ: Aqwella
2706,3697,s4_768,ШП-1606-352,Мебель,28700,Шкаф платяной Соня 160х55х220 венге 3-дверный; ТМ: Lazurit,Тип товара: Шкаф платяной; Наименование: Соня; Габариты: 160х55х220; Цвет: венге; Особенности: 3-дверный; ТМ: Lazurit
2707,3698,s4_769,КР-1604-901,Мебель,8700,Комод Юниор 80х40х90 белый ЛДСП 4-ящик /мята; ТМ: Любимый дом,Тип товара: Комод; Наименование: Юниор; Габариты: 80х40х90; Цвет: белый; Материал: ЛДСП; Особенности: 4-ящик /мята; ТМ: Любимый дом
2708,3699,s4_770,ШК-1806-C54,Мебель,31800,Шкаф-купе Стокгольм 180х60х220 дуб сонома 2-дверный; ТМ: Anrex,Тип товара: Шкаф-купе; Наименование: Стокгольм; Габариты: 180х60х220; Цвет: дуб сонома; Особенности: 2-дверный; ТМ: Anrex
2709,3700,s4_771,ДУ-2802-141,Мебель,74900,Диван Хьюстон графит велюр модульный; ТМ: Eltap,Тип товара: Диван; Наименование: Хьюстон; Цвет: графит; Материал: велюр; Особенности: модульный; ТМ: Eltap
2710,3701,s4_772,ЛН-LED-E11,Мебель,2400,Лампа золото металл наст LED 10W сенсор; ТМ: Эра,Тип товара: Лампа; Цвет: золото; Материал: металл; Особенности: наст LED 10W сенсор; ТМ: Эра
2711,3702,s4_773,ДЕТ-TET-014,Мебель,18700,Кровать Tetris 90х200 дуб односпал с ящик; ТМ: Mr. Doors,Тип товара: Кровать; Наименование: Tetris; Габариты: 90х200; Цвет: дуб; Особенности: односпал с ящик; ТМ: Mr. Doors
2712,3703,s4_774,ПР-ИКР-D81,Мебель,27800,Шкаф Уют 180х35х215 венге ЛДСП прихожая с ом; ТМ: Икар,Тип товара: Шкаф; Наименование: Уют; Габариты: 180х35х215; Цвет: венге; Материал: ЛДСП; Особенности: прихожая с ом; ТМ: Икар
2713,3704,s4_775,СТЖ-906-C48,Мебель,4400,Столик журнальный Орхидея 90х50х45 дуб ЛДСП молочн; ТМ: Лером,Тип товара: Столик журнальный; Наименование: Орхидея; Габариты: 90х50х45; Цвет: дуб; Материал: ЛДСП; Особенности: молочн; ТМ: Лером
2714,3705,s4_776,ОБ-1208-885,Мебель,14400,Стол обеденный дуб сонома МДФ круг d120; ТМ: Stolline,Тип товара: Стол обеденный; Цвет: дуб сонома; Материал: МДФ; Особенности: круг d120; ТМ: Stolline
2715,3706,s4_777,ШК-1004-B64,Мебель,26400,Кровать 160х200 дуб сонома ЛДСП дв; ТМ: Mr. Doors,Тип товара: Кровать; Габариты: 160х200; Цвет: дуб сонома; Материал: ЛДСП; Особенности: дв; ТМ: Mr. Doors
2716,3707,s4_778,ВН-####,Мебель,6900,Шкаф Кантри 60х24х70 МДФ навесной ч ванный слон кость; ТМ: Misty,Тип товара: Шкаф; Наименование: Кантри; Габариты: 60х24х70; Материал: МДФ; Особенности: навесной ч ванный слон кость; ТМ: Misty
2717,3708,s4_779,ОБ-СТ-441,Мебель,9800,Стул обеденный бежевый ткань деревянный (4 шт); ТМ: Stolline,Тип товара: Стул обеденный; Цвет: бежевый; Материал: ткань; Особенности: деревянный (4 шт); ТМ: Stolline
2718,3709,s4_780,ПЛ-ФЛ-933,Мебель,1800,Плед 200х220 бежевый флис уютный; ТМ: Этель,Тип товара: Плед; Габариты: 200х220; Цвет: бежевый; Особенности: флис уютный; ТМ: Этель
2719,3710,s4_781,ДКР-ЭТЛ-007,Мебель,3700,Картина Прованс 60х80 холст рама дерево; ТМ: Этель,Тип товара: Картина; Наименование: Прованс; Габариты: 60х80; Особенности: холст рама дерево; ТМ: Этель
2720,3711,s4_782,КО-CHR-864,Мебель,36400,Кресло руководителя Chairman 668 кожа премиум; ТМ: Chairman,Тип товара: Кресло руководителя; Наименование: Chairman 668; Материал: кожа; Особенности: премиум; ТМ: Chairman
2721,3712,s4_783,ДУ-3002-811,Мебель,89400,Диван Манчестер коричневый кожа модульный; ТМ: Сонум,Тип товара: Диван; Наименование: Манчестер; Цвет: коричневый; Материал: кожа; Особенности: модульный; ТМ: Сонум
2722,3713,s4_784,КРЗ-ВЛ-B13,Мебель,920,Корзина 40х30х30 бежевый войлок прямоуг; ТМ: Этель,Тип товара: Корзина; Габариты: 40х30х30; Цвет: бежевый; Материал: войлок; Особенности: прямоуг; ТМ: Этель
2723,3714,s4_785,МТР-1420-833,Мебель,24800,Матрас Баланс 140х200 пружинный независимый кокос; ТМ: Аскона,Тип товара: Матрас; Наименование: Баланс; Габариты: 140х200; Особенности: пружинный независимый кокос; ТМ: Аскона
2724,3715,s4_786,ДН-1909-805,Мебель,34700,Диван Уют микровельвет; ткань книжка; ТМ: Pushe,Тип товара: Диван; Наименование: Уют; Материал: микровельвет; ткань; Особенности: книжка; ТМ: Pushe
2725,3716,s4_787,МДУЛ-4006-763,Мебель,78900,Гостиная Атриум 4.0м венге МДФ макси 4 0 м; ТМ: Mebelain,Тип товара: Гостиная; Наименование: Атриум; Габариты: 4.0м; Цвет: венге; Материал: МДФ; Особенности: макси 4 0 м; ТМ: Mebelain
2726,3717,s4_788,ССТ-906-B59,Мебель,7400,Стеллаж 90х30х190 дуб сонома ЛДСП 5 полок; ТМ: Сокол.,Тип товара: Стеллаж; Габариты: 90х30х190; Цвет: дуб сонома; Материал: ЛДСП; Особенности: 5 полок; ТМ: Сокол.
2727,3718,s4_789,КО-TC-867,Мебель,6400,Кресло операторское Tetchair Step ткань кресло операторский серая; ТМ: Tetchair,Тип товара: Кресло операторское; Наименование: Tetchair Step; Материал: ткань; Особенности: кресло операторский серая; ТМ: Tetchair
2728,3719,s4_790,ЛН-LED-901,Мебель,1900,Лампа наст LED 8W складная USB-C белая; ТМ: Camelion,Тип товара: Лампа; Особенности: наст LED 8W складная USB-C белая; ТМ: Camelion
2729,3720,s4_791,МДУЛ-3506-753,Мебель,67400,Гостиная Гранд 3.5м белый МДФ модульный 3 5 м глянец; ТМ: Hoff,Тип товара: Гостиная; Наименование: Гранд; Габариты: 3.5м; Цвет: белый; Материал: МДФ; Особенности: модульный 3 5 м глянец; ТМ: Hoff
2730,3721,s4_792,ЛТ-LED-894,Мебель,14700,Люстра LED 80Вт smart RGB пульт; ТМ: Navigator,Тип товара: Люстра; Особенности: LED 80Вт smart RGB пульт; ТМ: Navigator
2731,3722,s4_793,СТО-2007-974,Мебель,36800,Стол офисный 200х90 МДФ; шпон руководителя орех; ТМ: Бюрократ,Тип товара: Стол офисный; Габариты: 200х90; Материал: МДФ; шпон; Особенности: руководителя орех; ТМ: Бюрократ
2732,3723,s4_794,ДУ-2802-A53,Мебель,62400,Диван Барселона бежевый рогожка еврокнижка; ТМ: Сонум,Тип товара: Диван; Наименование: Барселона; Цвет: бежевый; Материал: рогожка; Особенности: еврокнижка; ТМ: Сонум
2733,3724,s4_795,ТУМ-905-363,Мебель,4900,Тумба 40х50х60 металл выкатн 3-ящик серая; ТМ: Практик,Тип товара: Тумба; Габариты: 40х50х60; Материал: металл; Особенности: выкатн 3-ящик серая; ТМ: Практик
2734,3725,s4_796,ОБ-1408-E38,Мебель,32800,Стол обеденный натуральный массив бук круг d140; ТМ: Mebelain,Тип товара: Стол обеденный; Цвет: натуральный; Материал: массив бук; Особенности: круг d140; ТМ: Mebelain
2735,3726,s4_797,КУШ-2008-F16,Мебель,31800,Кушетка Сонум Лофт 200х80х70 коричневый экокожа; кожа ТМ: Сонум,Тип товара: Кушетка; Наименование: Сонум Лофт; Габариты: 200х80х70; Цвет: коричневый; Материал: экокожа; кожа; Особенности: ТМ: Сонум
2736,3727,s4_798,ПУФ-4040-A36,Мебель,6900,Пуф Флоренция 40х40х45 кожа квадр белая; ТМ: Mebelain,Тип товара: Пуф; Наименование: Флоренция; Габариты: 40х40х45; Материал: кожа; Особенности: квадр белая; ТМ: Mebelain
2737,3728,s4_799,КР-1620-C11,Мебель,29800,Кровать Лион 160х200 дуб ЛДСП дв артизан ортопед; ТМ: Mr. Doors,Тип товара: Кровать; Наименование: Лион; Габариты: 160х200; Цвет: дуб; Материал: ЛДСП; Особенности: дв артизан ортопед; ТМ: Mr. Doors
2738,3729,s4_800,КР-1620-203,Мебель,42300,Кровать 160х200 дв массив сосны орех; ТМ: Mebelain,Тип товара: Кровать; Габариты: 160х200; Особенности: дв массив сосны орех; ТМ: Mebelain
2739,3730,s4_801,ВН-АКТ-E30,Мебель,26800,Тумба под раковину Северная Венеция 80х48х85 МДФ тумба под раковина глянец; ТМ: Aquaton,Тип товара: Тумба под раковину; Наименование: Северная Венеция; Габариты: 80х48х85; Материал: МДФ; Особенности: тумба под раковина глянец; ТМ: Aquaton
2740,3731,s4_802,СТЖ-906-C36,Мебель,4800,Столик журнальный Прованс 90х50х45 бежевый МДФ матовый; ТМ: Лером,Тип товара: Столик журнальный; Наименование: Прованс; Габариты: 90х50х45; Цвет: бежевый; Материал: МДФ; Особенности: матовый; ТМ: Лером
2741,3732,s4_803,ВН-1MK-007,Мебель,10800,Зеркало-шкаф Палермо 70х80 белый LED глянец; ТМ: 1MarKa,Тип товара: Зеркало-шкаф; Наименование: Палермо; Габариты: 70х80; Цвет: белый; Особенности: LED глянец; ТМ: 1MarKa
2742,3733,s4_804,ЯР-PL-922,Мебель,480,Ящик 40х30х25 пластик с крышкой 12л прозр; ТМ: Алтек,Тип товара: Ящик; Габариты: 40х30х25; Материал: пластик; Особенности: с крышкой 12л прозр; ТМ: Алтек
2743,3734,s4_805,МТР-1820-D13,Мебель,30400,Матрас Vegas Hard 180х200 беспружинный кокос жёсткий; ТМ: Vegas,Тип товара: Матрас; Наименование: Vegas Hard; Габариты: 180х200; Особенности: беспружинный кокос жёсткий; ТМ: Vegas
2744,3735,s4_806,КР-1620-001,Мебель,36900,Кровать Аделина 160х200 бежевый экокожа; кожа дв с с подъёмным механизмом; ТМ: Lazurit,Тип товара: Кровать; Наименование: Аделина; Габариты: 160х200; Цвет: бежевый; Материал: экокожа; кожа; Особенности: дв с с подъёмным механизмом; ТМ: Lazurit
2745,3736,s4_807,КОМ-805-716,Мебель,8400,Комод Стокгольм 80х40х90 дуб сонома ЛДСП 4-ящик; ТМ: Anrex,Тип товара: Комод; Наименование: Стокгольм; Габариты: 80х40х90; Цвет: дуб сонома; Материал: ЛДСП; Особенности: 4-ящик; ТМ: Anrex
2746,3737,s4_808,КАК-7080-D44,Мебель,17400,Кресло Сонум Лофт ткань деревянный ножки горчичн; ТМ: Сонум,Тип товара: Кресло; Наименование: Сонум Лофт; Материал: ткань; Особенности: деревянный ножки горчичн; ТМ: Сонум
2747,3738,s4_809,ЯР-PL-B17,Мебель,860,Кровать 70х40х15 пластик ящик под 25л прозр; ТМ: Алтек,Тип товара: Кровать; Габариты: 70х40х15; Материал: пластик; Особенности: ящик под 25л прозр; ТМ: Алтек
2748,3739,s4_810,ВИТ-906-756,Мебель,22700,«гранд» Гранд 90х40х210 МДФ витрина модульный глянец; ТМ: Hoff,Тип товара: «гранд»; Наименование: Гранд; Габариты: 90х40х210; Материал: МДФ; Особенности: витрина модульный глянец; ТМ: Hoff
2749,3740,s4_811,ШП-1106-733,Мебель,17800,Шкаф платяной Юниор 110х50х200 белый 2-дверный /бирюз; ТМ: Любимый дом,Тип товара: Шкаф платяной; Наименование: Юниор; Габариты: 110х50х200; Цвет: белый; Особенности: 2-дверный /бирюз; ТМ: Любимый дом
2750,3741,s4_812,ТУС-1204-429,Мебель,19800,Туалетный столик 120х40х80 МДФ туал столик с подсв LED; ТМ: Mr. Doors,Тип товара: Туалетный столик; Габариты: 120х40х80; Материал: МДФ; Особенности: туал столик с подсв LED; ТМ: Mr. Doors
2751,3742,s4_813,ВН-АКТ-003,Мебель,11400,«сильва» Сильва 35х30х170 венге МДФ пенал ванный 2-дверный; ТМ: Aquaton,Тип товара: «сильва»; Наименование: Сильва; Габариты: 35х30х170; Цвет: венге; Материал: МДФ; Особенности: пенал ванный 2-дверный; ТМ: Aquaton
2752,3743,s4_814,БАН-1204-B34,Мебель,6700,Банкетка 120х35х50 дуб ЛДСП прихожая с обувница; ТМ: Икар,Тип товара: Банкетка; Габариты: 120х35х50; Цвет: дуб; Материал: ЛДСП; Особенности: прихожая с обувница; ТМ: Икар
2753,3744,s4_815,БАН-1104-014,Мебель,7800,Банкетка Аделина 110х40х45 экокожа; кожа ТМ: Lazurit,Тип товара: Банкетка; Наименование: Аделина; Габариты: 110х40х45; Материал: экокожа; кожа; Особенности: ТМ: Lazurit
2754,3745,s4_816,ДН-2000-D25,Мебель,37800,Диван Аскона Дрим серый рогожка книжка; ТМ: Аскона,Тип товара: Диван; Наименование: Аскона Дрим; Цвет: серый; Материал: рогожка; Особенности: книжка; ТМ: Аскона
2755,3746,s4_817,ДЕТ-ШК-006,Мебель,7400,Стол письменный Школьник 110х60 белый/бежевый ЛДСП ТМ: Любимый дом,Тип товара: Стол письменный; Наименование: Школьник; Габариты: 110х60; Цвет: белый/бежевый; Материал: ЛДСП; Особенности: ТМ: Любимый дом
2756,3747,s4_818,ОБВ-6045-787,Мебель,6400,Обувница 100х25х110 венге ЛДСП 6-секц; ТМ: Икар,Тип товара: Обувница; Габариты: 100х25х110; Цвет: венге; Материал: ЛДСП; Особенности: 6-секц; ТМ: Икар
2757,3748,s4_819,КРЗ-РТ-925,Мебель,1400,Корзина 40х40х35 натуральный ротанг плетёный; ТМ: Этель,Тип товара: Корзина; Габариты: 40х40х35; Цвет: натуральный; Материал: ротанг; Особенности: плетёный; ТМ: Этель
2758,3749,s4_820,ЗЕР-6080-C35,Мебель,4900,Зеркало Прованс 60х80 бежевый МДФ настенный рама; ТМ: Лером,Тип товара: Зеркало; Наименование: Прованс; Габариты: 60х80; Цвет: бежевый; Материал: МДФ; Особенности: настенный рама; ТМ: Лером
2759,3750,s4_821,КШ-3060-A11,Мебель,2400,Шкаф кухонный 30х30х72 белый ЛДСП навесной узкий; ТМ: Сокол,Тип товара: Шкаф кухонный; Габариты: 30х30х72; Цвет: белый; Материал: ЛДСП; Особенности: навесной узкий; ТМ: Сокол
2760,3751,s4_822,ПУФ-7035-152,Мебель,4200,Банкетка 70х35х42 изумруд велюр пуф; ТМ: Tetchair,Тип товара: Банкетка; Габариты: 70х35х42; Цвет: изумруд; Материал: велюр; Особенности: пуф; ТМ: Tetchair
2761,3752,s4_823,ТУС-1004-418,Мебель,13700,Туалетный столик Лиана 100х40х80 белый МДФ туал столик; ТМ: Mr. Doors,Тип товара: Туалетный столик; Наименование: Лиана; Габариты: 100х40х80; Цвет: белый; Материал: МДФ; Особенности: туал столик; ТМ: Mr. Doors
2762,3753,s4_824,ВТ-806-C74,Мебель,4900,Вешалка Гомель 80х30х200 дуб ЛДСП стойка; ТМ: Anrex,Тип товара: Вешалка; Наименование: Гомель; Габариты: 80х30х200; Цвет: дуб; Материал: ЛДСП; Особенности: стойка; ТМ: Anrex
2763,3754,s4_825,КО-808-D83,Мебель,12400,Кресло руководителя Бюрократ CH-808 коричневый экокожа; кожа,Тип товара: Кресло руководителя; Наименование: Бюрократ CH-808; Цвет: коричневый; Материал: экокожа; кожа
2764,3755,s4_826,КР-1620-751,Мебель,58900,Гостиная Гранд 3.2м венге МДФ стенка модульный 3 2 м; ТМ: Hoff,Тип товара: Гостиная; Наименование: Гранд; Габариты: 3.2м; Цвет: венге; Материал: МДФ; Особенности: стенка модульный 3 2 м; ТМ: Hoff
2765,3756,s4_827,КОВ-Р-B38,Мебель,3800,Ковровая дорожка 60х250 бежевый нейлон ориент; ТМ: Витебск,Тип товара: Ковровая дорожка; Габариты: 60х250; Цвет: бежевый; Материал: нейлон; Особенности: ориент; ТМ: Витебск
2766,3757,s4_828,ВН-АКТ-E28,Мебель,6800,Шкаф Лондон 60х25х70 серый МДФ навесной ч; ТМ: Aquaton,Тип товара: Шкаф; Наименование: Лондон; Габариты: 60х25х70; Цвет: серый; Материал: МДФ; Особенности: навесной ч; ТМ: Aquaton
2767,3758,s4_829,КОВ-Р-B37,Мебель,9200,Ковровая дорожка 90х500 акрил классик серая; ТМ: Меринос,Тип товара: Ковровая дорожка; Габариты: 90х500; Материал: акрил; Особенности: классик серая; ТМ: Меринос
2768,3759,s4_830,ДН-1800-809,Мебель,38400,Диван Тревизо рогожка книжка терракот; ТМ: Сонум,Тип товара: Диван; Наименование: Тревизо; Материал: рогожка; Особенности: книжка терракот; ТМ: Сонум
2769,3760,s4_831,КОМ-1004-E54,Мебель,18900,Комод 100х45х95 белый МДФ 5-ящик матовый; ТМ: PromMebel,Тип товара: Комод; Габариты: 100х45х95; Цвет: белый; Материал: МДФ; Особенности: 5-ящик матовый; ТМ: PromMebel
2770,3761,s4_832,КР-1620-002,Мебель,36900,Кровать Аделина 160х200 бежевый экокожа; кожа дв с с подъёмным механизмом; ТМ: Lazurit,Тип товара: Кровать; Наименование: Аделина; Габариты: 160х200; Цвет: бежевый; Материал: экокожа; кожа; Особенности: дв с с подъёмным механизмом; ТМ: Lazurit
2771,3762,s4_833,ССТ-806-C19,Мебель,7800,Стеллаж Лион 80х30х190 ЛДСП 5 полок артизан; ТМ: Mr. Doors,Тип товара: Стеллаж; Наименование: Лион; Габариты: 80х30х190; Материал: ЛДСП; Особенности: 5 полок артизан; ТМ: Mr. Doors
2772,3763,s4_834,КШ-905-529,Мебель,28400,Шкаф Премиум 90х35х220 дуб шпон книжн; ТМ: Лером,Тип товара: Шкаф; Наименование: Премиум; Габариты: 90х35х220; Цвет: дуб; Материал: шпон; Особенности: книжн; ТМ: Лером
2773,3764,s4_835,ШП-906-C85,Мебель,15800,Шкаф платяной Атриум 90х40х210 венге ЛДСП ТМ: Сокол,Тип товара: Шкаф платяной; Наименование: Атриум; Габариты: 90х40х210; Цвет: венге; Материал: ЛДСП; Особенности: ТМ: Сокол
2774,3765,s4_836,ДУ-3001-A62,Мебель,62800,Диван Pushe Капри серый шенилл; ткань аккордеон; ТМ: Pushe,Тип товара: Диван; Наименование: Pushe Капри; Цвет: серый; Материал: шенилл; ткань; Особенности: аккордеон; ТМ: Pushe
2775,3766,s4_837,БРА-160-898,Мебель,2800,Бра чёрный металл двойн 2 лампы поворотный; ТМ: Эра,Тип товара: Бра; Цвет: чёрный; Материал: металл; Особенности: двойн 2 лампы поворотный; ТМ: Эра
2776,3767,s4_838,ТУС-1104-965,Мебель,18900,Туалетный столик Лагуна 110х45х80 белый МДФ туал столик глянец; ТМ: Anrex,Тип товара: Туалетный столик; Наименование: Лагуна; Габариты: 110х45х80; Цвет: белый; Материал: МДФ; Особенности: туал столик глянец; ТМ: Anrex
2777,3768,s4_839,ВН-АКТ-E29,Мебель,10200,Комод Лондон 55х35х80 серый МДФ напольный; ТМ: Aquaton,Тип товара: Комод; Наименование: Лондон; Габариты: 55х35х80; Цвет: серый; Материал: МДФ; Особенности: напольный; ТМ: Aquaton
2778,3769,s4_840,ЗЕР-4060-995,Мебель,3200,Зеркало 40х60 дуб настенный рама деревянный; ТМ: Икар,Тип товара: Зеркало; Габариты: 40х60; Цвет: дуб; Особенности: настенный рама деревянный; ТМ: Икар
2779,3770,s4_841,КО-TC-868,Мебель,13700,Кресло руководителя Tetchair Trendy коричневый экокожа; кожа ТМ: Tetchair,Тип товара: Кресло руководителя; Наименование: Tetchair Trendy; Цвет: коричневый; Материал: экокожа; кожа; Особенности: ТМ: Tetchair
2780,3771,s4_842,КАК-7575-118,Мебель,22800,Кресло Босс 75х75 коричневый кожа акцент; ТМ: Tetchair,Тип товара: Кресло; Наименование: Босс; Габариты: 75х75; Цвет: коричневый; Материал: кожа; Особенности: акцент; ТМ: Tetchair
2781,3772,s4_843,ОТТ-8080-A65,Мебель,8400,Оттоманка Сонум 80х80х45 коричневый экокожа; кожа ТМ: Сонум,Тип товара: Оттоманка; Наименование: Сонум; Габариты: 80х80х45; Цвет: коричневый; Материал: экокожа; кожа; Особенности: ТМ: Сонум
2782,3773,s4_844,ШП-1606-303,Мебель,54300,Шкаф платяной Прага 160х60х220 3-дверный массив; ТМ: Mebelain,Тип товара: Шкаф платяной; Наименование: Прага; Габариты: 160х60х220; Особенности: 3-дверный массив; ТМ: Mebelain
2783,3774,s4_845,ДЕТ-TET-021,Мебель,9700,Шкаф Tetris 80х35х180 дуб ЛДСП книжн артизан; ТМ: Mr. Doors,Тип товара: Шкаф; Наименование: Tetris; Габариты: 80х35х180; Цвет: дуб; Материал: ЛДСП; Особенности: книжн артизан; ТМ: Mr. Doors
2784,3775,s4_846,ТП-4035-308,Мебель,2900,Тумба прикроватная 40х35х50 дуб сонома ЛДСП тумба прикроватный 1-ящик; ТМ: СБК,Тип товара: Тумба прикроватная; Габариты: 40х35х50; Цвет: дуб сонома; Материал: ЛДСП; Особенности: тумба прикроватный 1-ящик; ТМ: СБК
2785,3776,s4_847,БАН-1204-228,Мебель,14600,Банкетка Дакота 120х45х50 коричневый кожа ТМ: Mebelain,Тип товара: Банкетка; Наименование: Дакота; Габариты: 120х45х50; Цвет: коричневый; Материал: кожа; Особенности: ТМ: Mebelain
2786,3777,s4_848,ССТ-806-735,Мебель,5400,Стеллаж Юниор 80х30х170 белый 4 полки /бирюз; ТМ: Любимый дом,Тип товара: Стеллаж; Наименование: Юниор; Габариты: 80х30х170; Цвет: белый; Особенности: 4 полки /бирюз; ТМ: Любимый дом
2787,3778,s4_849,ПР-906-B26,Мебель,13700,Прихожая Минимал 90х30х200 белый ЛДСП узк; ТМ: Икар,Тип товара: Прихожая; Наименование: Минимал; Габариты: 90х30х200; Цвет: белый; Материал: ЛДСП; Особенности: узк; ТМ: Икар
2788,3779,s4_850,ПР-СКЛ-002,Мебель,18400,Прихожая Атриум 110х30х200 венге ЛДСП мини; ТМ: Сокол,Тип товара: Прихожая; Наименование: Атриум; Габариты: 110х30х200; Цвет: венге; Материал: ЛДСП; Особенности: мини; ТМ: Сокол
2789,3780,s4_851,ДУ-2702-D39,Мебель,52400,Диван Eltap Атланта графит велюр дельфин; ТМ: Eltap,Тип товара: Диван; Наименование: Eltap Атланта; Цвет: графит; Материал: велюр; Особенности: дельфин; ТМ: Eltap
2790,3781,s4_852,КО-571-851,Мебель,6800,Кресло операторское Бюрократ CH-571 сетка кресло операторский серая,Тип товара: Кресло операторское; Наименование: Бюрократ CH-571; Материал: сетка; Особенности: кресло операторский серая
2791,3782,s4_853,ПОД-5050-928,Мебель,980,Подушка 50х50 изумруд велюр декоративный; ТМ: Этель,Тип товара: Подушка; Габариты: 50х50; Цвет: изумруд; Материал: велюр; Особенности: декоративный; ТМ: Этель
2792,3783,s4_854,ЛТ-LF-893,Мебель,5800,Люстра Лофт чёрный металл 4 лампы эдисон; ТМ: СветТех,Тип товара: Люстра; Наименование: Лофт; Цвет: чёрный; Материал: металл; Особенности: 4 лампы эдисон; ТМ: СветТех
2793,3784,s4_855,КВ-20029,Мебель,14200,Ковёр 200х290 бежевый шерсть классик; ТМ: Витебск,Тип товара: Ковёр; Габариты: 200х290; Цвет: бежевый; Материал: шерсть; Особенности: классик; ТМ: Витебск
2794,3785,s4_856,МДУЛ-906-A41,Мебель,21700,Витрина Гранд 90х40х210 МДФ; стекло модуль глянец; ТМ: Hoff,Тип товара: Витрина; Наименование: Гранд; Габариты: 90х40х210; Материал: МДФ; стекло; Особенности: модуль глянец; ТМ: Hoff
2795,3786,s4_857,КО-MTT-861,Мебель,42800,Кресло руководителя Метта Samurai S кожа эргон; ТМ: Метта,Тип товара: Кресло руководителя; Наименование: Метта Samurai S; Материал: кожа; Особенности: эргон; ТМ: Метта
2796,3787,s4_858,СТЖ-806-B80,Мебель,6400,Столик журнальный белый МДФ круг d80 глянец; ТМ: Tetchair,Тип товара: Столик журнальный; Цвет: белый; Материал: МДФ; Особенности: круг d80 глянец; ТМ: Tetchair
2797,3788,s4_859,ПУФ-4040-C59,Мебель,3900,Пуф Аделина 40х40х42 слоновая кость экокожа; кожа квадр; ТМ: Lazurit,Тип товара: Пуф; Наименование: Аделина; Габариты: 40х40х42; Цвет: слоновая кость; Материал: экокожа; кожа; Особенности: квадр; ТМ: Lazurit
2798,3789,s4_860,ШП-905-944,Мебель,15800,Шкаф платяной Капитошка 90х50х190 белый/розовый ЛДСП ТМ: Mr. Doors,Тип товара: Шкаф платяной; Наименование: Капитошка; Габариты: 90х50х190; Цвет: белый/розовый; Материал: ЛДСП; Особенности: ТМ: Mr. Doors
2799,3790,s4_861,КГ-OS-A09,Мебель,48400,Кухонн. Шеф XL 160х90х90 дуб МДФ остров; ТМ: Stolline,Тип товара: Кухонн.; Наименование: Шеф XL; Габариты: 160х90х90; Цвет: дуб; Материал: МДФ; Особенности: остров; ТМ: Stolline
2800,3791,s4_862,СТ-1406-C94,Мебель,6400,Стол письменный 140х60 белый ЛДСП ТМ: Anrex,Тип товара: Стол письменный; Габариты: 140х60; Цвет: белый; Материал: ЛДСП; Особенности: ТМ: Anrex
2801,3792,s4_863,КГ-3200-D63,Мебель,72400,Кухня Манхэттен 3.2м серый МДФ модульный 3 2 м матовый; ТМ: Stolline,Тип товара: Кухня; Наименование: Манхэттен; Габариты: 3.2м; Цвет: серый; Материал: МДФ; Особенности: модульный 3 2 м матовый; ТМ: Stolline
2802,3793,s4_864,СЕЙ-505-B51,Мебель,22400,Сейф 50х40х50 чёрный металл офисный ключ замок; ТМ: Практик,Тип товара: Сейф; Габариты: 50х40х50; Цвет: чёрный; Материал: металл; Особенности: офисный ключ замок; ТМ: Практик
2803,3794,s4_865,ПОД-6060-085,Мебель,1450,Подушка велюр декоративный круг 60 желтый; ТМ: Этель,Тип товара: Подушка; Материал: велюр; Особенности: декоративный круг 60 желтый; ТМ: Этель
2804,3795,s4_866,КР-1620-961,Мебель,36800,Кровать Лагуна 160х200 белый МДФ дв глянец; ТМ: Anrex,Тип товара: Кровать; Наименование: Лагуна; Габариты: 160х200; Цвет: белый; Материал: МДФ; Особенности: дв глянец; ТМ: Anrex
2805,3796,s4_867,КОМ-1205-C30,Мебель,18900,Комод Прованс 120х45х95 бежевый МДФ 5-ящик матовый; ТМ: Лером,Тип товара: Комод; Наименование: Прованс; Габариты: 120х45х95; Цвет: бежевый; Материал: МДФ; Особенности: 5-ящик матовый; ТМ: Лером
2806,3797,s4_868,КОМ-1205-228,Мебель,28400,Комод Дакота 120х50х95 дуб массив дуб 4-ящик; ТМ: Mebelain,Тип товара: Комод; Наименование: Дакота; Габариты: 120х50х95; Цвет: дуб; Материал: массив дуб; Особенности: 4-ящик; ТМ: Mebelain
2807,3798,s4_869,КР-1820-F28,Мебель,58700,Кровать Афина 180х200 ясень массив ясень дв; ТМ: Mebelain,Тип товара: Кровать; Наименование: Афина; Габариты: 180х200; Цвет: ясень; Материал: массив ясень; Особенности: дв; ТМ: Mebelain
2808,3799,s4_870,ДН-2400-D30,Мебель,67400,Диван Pushe Гранд коричневый кожа еврокнижка премиум; ТМ: Pushe,Тип товара: Диван; Наименование: Pushe Гранд; Цвет: коричневый; Материал: кожа; Особенности: еврокнижка премиум; ТМ: Pushe
2809,3800,s4_871,КО-MTT-A85,Мебель,48400,Кресло Метта Y-4DF экокожа; кожа геймер эргон RGB; ТМ: Метта,Тип товара: Кресло; Наименование: Метта Y-4DF; Материал: экокожа; кожа; Особенности: геймер эргон RGB; ТМ: Метта
2810,3801,s4_872,КШ-1206-518,Мебель,19800,Шкаф 120х35х200 венге МДФ книжн 3-дверный; ТМ: Сокол,Тип товара: Шкаф; Габариты: 120х35х200; Цвет: венге; Материал: МДФ; Особенности: книжн 3-дверный; ТМ: Сокол
2811,3802,s4_873,ШК-1806-505,Мебель,36800,Шкаф-купе Лофт 180х60х220 венге 2-дверный; ТМ: Eltap,Тип товара: Шкаф-купе; Наименование: Лофт; Габариты: 180х60х220; Цвет: венге; Особенности: 2-дверный; ТМ: Eltap
2812,3803,s4_874,ДЕТ-ЮН-005,Мебель,18900,Шкаф платяной Юниор 90х50х200 белый 2-дверный /мята; ТМ: Любимый дом,Тип товара: Шкаф платяной; Наименование: Юниор; Габариты: 90х50х200; Цвет: белый; Особенности: 2-дверный /мята; ТМ: Любимый дом
2813,3804,s4_875,ТВ-1604-C65,Мебель,13400,Тумба ТВ Карина 160х45х50 графит МДФ ТМ: Lazurit,Тип товара: Тумба ТВ; Наименование: Карина; Габариты: 160х45х50; Цвет: графит; Материал: МДФ; Особенности: ТМ: Lazurit
2814,3805,s4_876,КОМ-805-953,Мебель,6200,Комод Школьник 80х40х80 ЛДСП 3-ящик бук; ТМ: Любимый дом,Тип товара: Комод; Наименование: Школьник; Габариты: 80х40х80; Материал: ЛДСП; Особенности: 3-ящик бук; ТМ: Любимый дом
2815,3806,s4_877,ТВ-1804-755,Мебель,13800,Тумба ТВ Гранд 180х45х50 МДФ модульный глянец; ТМ: Hoff,Тип товара: Тумба ТВ; Наименование: Гранд; Габариты: 180х45х50; Материал: МДФ; Особенности: модульный глянец; ТМ: Hoff
2816,3807,s4_878,КГ-2600-B53,Мебель,52400,Кухня Кантри 2.6м бежевый МДФ модульный 2 6 м матовый; ТМ: Stolline,Тип товара: Кухня; Наименование: Кантри; Габариты: 2.6м; Цвет: бежевый; Материал: МДФ; Особенности: модульный 2 6 м матовый; ТМ: Stolline
2817,3808,s4_879,ЯР-А3-921,Мебель,1600,Ящик 45х35х30 архивн картон А3 (5 шт); ТМ: Практик,Тип товара: Ящик; Габариты: 45х35х30; Особенности: архивн картон А3 (5 шт); ТМ: Практик
2818,3809,s4_880,ДЕТ-TET-018,Мебель,4400,Тумба прикроватная Tetris 45х40х50 дуб ЛДСП тумба прикроватный артизан; ТМ: Mr. Doors,Тип товара: Тумба прикроватная; Наименование: Tetris; Габариты: 45х40х50; Цвет: дуб; Материал: ЛДСП; Особенности: тумба прикроватный артизан; ТМ: Mr. Doors
2819,3810,s4_881,ДН-2200-D41,Мебель,58900,Диван Eltap Гавана серый рогожка модульный 4-секц; ТМ: Eltap,Тип товара: Диван; Наименование: Eltap Гавана; Цвет: серый; Материал: рогожка; Особенности: модульный 4-секц; ТМ: Eltap
2820,3811,s4_882,КГ-2400-A05,Мебель,67400,Кухня Лофт 2.4х1.6м венге ЛДСП угловой 2 4х1 6 м; ТМ: Stolline,Тип товара: Кухня; Наименование: Лофт; Габариты: 2.4х1.6м; Цвет: венге; Материал: ЛДСП; Особенности: угловой 2 4х1 6 м; ТМ: Stolline
2821,3812,s4_883,ВИТ-906-541,Мебель,31800,«премиум» Премиум 90х40х210 дуб шпон; стекло витрина; ТМ: Лером,Тип товара: «премиум»; Наименование: Премиум; Габариты: 90х40х210; Цвет: дуб; Материал: шпон; стекло; Особенности: витрина; ТМ: Лером
2822,3813,s4_884,ТП-4040-998,Мебель,3400,Тумба прикроватная Капитошка 40х40х45 белый/розовый тумба прикроватный дет; ТМ: Mr. Doors,Тип товара: Тумба прикроватная; Наименование: Капитошка; Габариты: 40х40х45; Цвет: белый/розовый; Особенности: тумба прикроватный дет; ТМ: Mr. Doors
2823,3814,s4_885,ШП-1806-C31,Мебель,52400,Шкаф платяной Прованс 180х60х230 бежевый МДФ 4-дверный; ТМ: Лером,Тип товара: Шкаф платяной; Наименование: Прованс; Габариты: 180х60х230; Цвет: бежевый; Материал: МДФ; Особенности: 4-дверный; ТМ: Лером
2824,3815,s4_886,МТР-0820-D09,Мебель,14800,Матрас Vegas Soft 80х200 пена мемори беспружинный; ТМ: Vegas,Тип товара: Матрас; Наименование: Vegas Soft; Габариты: 80х200; Материал: пена мемори; Особенности: беспружинный; ТМ: Vegas
2825,3816,s4_887,ХР-ЭТЛ-010,Мебель,970,Набор серый/бежевый ткань корзин 3 шт с ручкой; ТМ: Этель,Тип товара: Набор; Цвет: серый/бежевый; Материал: ткань; Особенности: корзин 3 шт с ручкой; ТМ: Этель
2826,3817,s4_888,ХР-ЭТЛ-007,Мебель,380,Корзина 35х25х25 бежевый текстиль для хран; ТМ: Этель,Тип товара: Корзина; Габариты: 35х25х25; Цвет: бежевый; Материал: текстиль; Особенности: для хран; ТМ: Этель
2827,3818,s4_889,КАК-8080-D43,Мебель,22400,Кресло Pushe Релакс экокожа; кожа поворотный с подножк; ТМ: Pushe,Тип товара: Кресло; Наименование: Pushe Релакс; Материал: экокожа; кожа; Особенности: поворотный с подножк; ТМ: Pushe
2828,3819,s4_890,ОБ-1606-228,Мебель,26900,Стол обеденный 160х90 массив бук ТМ: Stolline,Тип товара: Стол обеденный; Габариты: 160х90; Материал: массив бук; Особенности: ТМ: Stolline
2829,3820,s4_891,КАК-7080-335,Мебель,28900,Кресло-качалка бежевый ротанг ТМ: Tetchair,Тип товара: Кресло-качалка; Цвет: бежевый; Материал: ротанг; Особенности: ТМ: Tetchair
2830,3821,s4_892,СТО-1807-973,Мебель,19400,Стол офисный 180х90 венге ЛДСП перегов; ТМ: Бюрократ,Тип товара: Стол офисный; Габариты: 180х90; Цвет: венге; Материал: ЛДСП; Особенности: перегов; ТМ: Бюрократ
2831,3822,s4_893,ВН-АКТ-E26,Мебель,10800,Зеркало-шкаф Лондон 70х80 серый МДФ LED; ТМ: Aquaton,Тип товара: Зеркало-шкаф; Наименование: Лондон; Габариты: 70х80; Цвет: серый; Материал: МДФ; Особенности: LED; ТМ: Aquaton
2832,3823,s4_894,КВ-30040,Мебель,38400,Ковёр 300х400 бежевый шерсть классик большой; ТМ: Витебск,Тип товара: Ковёр; Габариты: 300х400; Цвет: бежевый; Материал: шерсть; Особенности: классик большой; ТМ: Витебск
2833,3824,s4_895,ПР-ИКР-007,Мебель,4800,Вешалка Норд 80х30х200 белый ЛДСП стойка; ТМ: Икар,Тип товара: Вешалка; Наименование: Норд; Габариты: 80х30х200; Цвет: белый; Материал: ЛДСП; Особенности: стойка; ТМ: Икар
2834,3825,s4_896,КО-512-854,Мебель,7900,Кресло операторское Бюрократ CH-512 чёрный сетка кресло операторский,Тип товара: Кресло операторское; Наименование: Бюрократ CH-512; Цвет: чёрный; Материал: сетка; Особенности: кресло операторский
2835,3826,s4_897,ОТТ-9090-C27,Мебель,9800,Оттоманка Манхэттен 90х90х45 графит рогожка ТМ: Сонум,Тип товара: Оттоманка; Наименование: Манхэттен; Габариты: 90х90х45; Цвет: графит; Материал: рогожка; Особенности: ТМ: Сонум
2836,3827,s4_898,КР-1820-C38,Мебель,58700,Кровать Афина 180х200 белый; ясень массив ясень дв; ТМ: Mebelain,Тип товара: Кровать; Наименование: Афина; Габариты: 180х200; Цвет: белый; ясень; Материал: массив ясень; Особенности: дв; ТМ: Mebelain
2837,3828,s4_899,ДН-2200-D27,Мебель,71800,Диван Сонум Лофт XL коричневый экокожа; кожа еврокнижка; ТМ: Сонум,Тип товара: Диван; Наименование: Сонум Лофт XL; Цвет: коричневый; Материал: экокожа; кожа; Особенности: еврокнижка; ТМ: Сонум
2838,3829,s4_900,ЗЕР-7090-022,Мебель,4900,Зеркало Берлин 70х90 дуб сонома настенный рама; ТМ: Hoff,Тип товара: Зеркало; Наименование: Берлин; Габариты: 70х90; Цвет: дуб сонома; Особенности: настенный рама; ТМ: Hoff
2839,3830,s4_901,БАН-1004-163,Мебель,5800,Банкетка 100х35х45 коричневый экокожа; кожа прихожая; ТМ: Tetchair,Тип товара: Банкетка; Габариты: 100х35х45; Цвет: коричневый; Материал: экокожа; кожа; Особенности: прихожая; ТМ: Tetchair
2840,3831,s4_902,ИЗГ-1820-C10,Мебель,18900,Изголовье Версаль 180х200 слоновая кость экокожа; кожа мяг; ТМ: Lazurit,Тип товара: Изголовье; Наименование: Версаль; Габариты: 180х200; Цвет: слоновая кость; Материал: экокожа; кожа; Особенности: мяг; ТМ: Lazurit
2841,3832,s4_903,ТП-4540-964,Мебель,6400,Тумба прикроватная Лагуна 45х40х50 белый МДФ тумба прикроватный глянец; ТМ: Anrex,Тип товара: Тумба прикроватная; Наименование: Лагуна; Габариты: 45х40х50; Цвет: белый; Материал: МДФ; Особенности: тумба прикроватный глянец; ТМ: Anrex
2842,3833,s4_904,КШ-9080-F25,Мебель,7400,Шкаф кухонный 90х60х85 бежевый МДФ напольный; ТМ: Stolline,Тип товара: Шкаф кухонный; Габариты: 90х60х85; Цвет: бежевый; Материал: МДФ; Особенности: напольный; ТМ: Stolline
2843,3834,s4_905,БС-4585-114,Мебель,5300,Стул 45х45х85 экокожа; кожа барн вращ белая; ТМ: Tetchair,Тип товара: Стул; Габариты: 45х45х85; Материал: экокожа; кожа; Особенности: барн вращ белая; ТМ: Tetchair
2844,3835,s4_906,КО-MTT-A84,Мебель,14700,Кресло операторское Метта BK-8 чёрный ткань кресло операторский; ТМ: Метта,Тип товара: Кресло операторское; Наименование: Метта BK-8; Цвет: чёрный; Материал: ткань; Особенности: кресло операторский; ТМ: Метта
2845,3836,s4_907,КШ-6080-D72,Мебель,7400,Шкаф кухонный 60х60х85 бежевый МДФ сушка; ТМ: Stolline,Тип товара: Шкаф кухонный; Габариты: 60х60х85; Цвет: бежевый; Материал: МДФ; Особенности: сушка; ТМ: Stolline
2846,3837,s4_908,КОМ-1205-407,Мебель,17400,Комод 120х40х90 МДФ с зеркал глянец; ТМ: Lazurit,Тип товара: Комод; Габариты: 120х40х90; Материал: МДФ; Особенности: с зеркал глянец; ТМ: Lazurit
2847,3838,s4_909,КГ-2200-A06,Мебель,42800,Кухня Эко 2.2м МДФ прямой 2 2 м зелён матовый; ТМ: Stolline,Тип товара: Кухня; Наименование: Эко; Габариты: 2.2м; Материал: МДФ; Особенности: прямой 2 2 м зелён матовый; ТМ: Stolline
2848,3839,s4_910,КОВ-Р-992,Мебель,4700,Ковровая дорожка 70х200 бежевый шерсть классик; ТМ: Витебск,Тип товара: Ковровая дорожка; Габариты: 70х200; Цвет: бежевый; Материал: шерсть; Особенности: классик; ТМ: Витебск
2849,3840,s4_911,СТО-1407-B48,Мебель,18700,Стол офисный венге ЛДСП перегов круг d140; ТМ: Бюрократ,Тип товара: Стол офисный; Цвет: венге; Материал: ЛДСП; Особенности: перегов круг d140; ТМ: Бюрократ
2850,3841,s4_912,БРА-100-896,Мебель,1700,Лампа бежевый текстиль бра классический 1 абажур; ТМ: СветТех,Тип товара: Лампа; Цвет: бежевый; Материал: текстиль; Особенности: бра классический 1 абажур; ТМ: СветТех
2851,3842,s4_913,МТР-1220-D03,Мебель,14400,Матрас Optima 120х200 пружинный независимый эконом; ТМ: Аскона,Тип товара: Матрас; Наименование: Optima; Габариты: 120х200; Особенности: пружинный независимый эконом; ТМ: Аскона
2852,3843,s4_914,МТР-0920-D02,Мебель,10800,Матрас Optima 90х200 пружинный независимый эконом; ТМ: Аскона,Тип товара: Матрас; Наименование: Optima; Габариты: 90х200; Особенности: пружинный независимый эконом; ТМ: Аскона
2853,3844,s4_915,КО-2027-141,Мебель,6900,Кресло чёрный посет кожзам (комплект 2 шт); ТМ: Бюрократ,Тип товара: Кресло; Цвет: чёрный; Особенности: посет кожзам (комплект 2 шт); ТМ: Бюрократ
2854,3845,s4_916,МТР-0820-842,Мебель,12400,Матрас 80х200 латекс детский беспружинный гипоаллерг; ТМ: Promtex,Тип товара: Матрас; Габариты: 80х200; Материал: латекс; Особенности: детский беспружинный гипоаллерг; ТМ: Promtex
2855,3846,s4_917,ВН-АКТ-E32,Мебель,14800,«северная Северная Венеция 40х32х175 МДФ пенал глянец; ТМ: Aquaton,Тип товара: «северная; Наименование: Северная Венеция; Габариты: 40х32х175; Материал: МДФ; Особенности: пенал глянец; ТМ: Aquaton
2856,3847,s4_918,ОБВ-906-C72,Мебель,6400,«гомель» Гомель 90х30х100 дуб ЛДСП обувница; ТМ: Anrex,Тип товара: «гомель»; Наименование: Гомель; Габариты: 90х30х100; Цвет: дуб; Материал: ЛДСП; Особенности: обувница; ТМ: Anrex
2857,3848,s4_919,КО-BR-D94,Мебель,9800,Кресло Бюрократ KB-12 розовый сетка детский регулир; ТМ: Бюрократ,Тип товара: Кресло; Наименование: Бюрократ KB-12; Цвет: розовый; Материал: сетка; Особенности: детский регулир; ТМ: Бюрократ
2858,3849,s4_920,МТР-1820-832,Мебель,32700,Матрас Баланс 180х200 пружинный независимый кокос; ТМ: Аскона,Тип товара: Матрас; Наименование: Баланс; Габариты: 180х200; Особенности: пружинный независимый кокос; ТМ: Аскона
2859,3850,s4_921,КО-CHR-A87,Мебель,12400,Кресло операторское Chairman 696 сетка кресло операторский серая эргон; ТМ: Chairman,Тип товара: Кресло операторское; Наименование: Chairman 696; Материал: сетка; Особенности: кресло операторский серая эргон; ТМ: Chairman
2860,3851,s4_922,МТР-1420-D18,Мебель,34800,Матрас Promtex Gold 140х200 латекс гибрид мемори+; ТМ: Promtex,Тип товара: Матрас; Наименование: Promtex Gold; Габариты: 140х200; Материал: латекс; Особенности: гибрид мемори+; ТМ: Promtex
2861,3852,s4_923,ЛТ-LED-905,Мебель,1800,Светильник потолоч накладной LED 24Вт круг; ТМ: Navigator,Тип товара: Светильник; Особенности: потолоч накладной LED 24Вт круг; ТМ: Navigator
2862,3853,s4_924,ДЕТ-ШК-010,Мебель,12700,Кровать Школьник 90х190 белый/бежевый ЛДСП односпал; ТМ: Любимый дом,Тип товара: Кровать; Наименование: Школьник; Габариты: 90х190; Цвет: белый/бежевый; Материал: ЛДСП; Особенности: односпал; ТМ: Любимый дом
2863,3854,s4_925,КОМ-1205-C13,Мебель,14800,Комод Лион 120х45х95 дуб ЛДСП 5-ящик артизан; ТМ: Mr. Doors,Тип товара: Комод; Наименование: Лион; Габариты: 120х45х95; Цвет: дуб; Материал: ЛДСП; Особенности: 5-ящик артизан; ТМ: Mr. Doors
2864,3855,s4_926,МТР-0920-839,Мебель,11800,Матрас 90х200 натуральный детский беспружинный кокос; ТМ: Орматек,Тип товара: Матрас; Габариты: 90х200; Цвет: натуральный; Особенности: детский беспружинный кокос; ТМ: Орматек
2865,3856,s4_927,ПР-ИКР-009,Мебель,5700,Зеркало Уют 60х30х110 венге ЛДСП с полкой; ТМ: Икар,Тип товара: Зеркало; Наименование: Уют; Габариты: 60х30х110; Цвет: венге; Материал: ЛДСП; Особенности: с полкой; ТМ: Икар
2866,3857,s4_928,СТЖ-1108-055,Мебель,13800,Столик журнальный 110х80 ЛДСП трансформ; ТМ: Tetchair,Тип товара: Столик журнальный; Габариты: 110х80; Материал: ЛДСП; Особенности: трансформ; ТМ: Tetchair
2867,3858,s4_929,КРН-ТКЛ-B24,Мебель,960,Короб для хранения 30х30х30 бежевый ткань короб для хран (3 шт); ТМ: Этель,Тип товара: Короб для хранения; Габариты: 30х30х30; Цвет: бежевый; Материал: ткань; Особенности: короб для хран (3 шт); ТМ: Этель
2868,3859,s4_930,ШО-906-E41,Мебель,10800,Шкаф офисный 90х40х200 белый ЛДСП с замком; ТМ: Бюрократ,Тип товара: Шкаф офисный; Габариты: 90х40х200; Цвет: белый; Материал: ЛДСП; Особенности: с замком; ТМ: Бюрократ
2869,3860,s4_931,КШ-906-714,Мебель,13700,Шкаф Стокгольм 90х35х200 дуб сонома книжн 2-дверный; ТМ: Anrex,Тип товара: Шкаф; Наименование: Стокгольм; Габариты: 90х35х200; Цвет: дуб сонома; Особенности: книжн 2-дверный; ТМ: Anrex
2870,3861,s4_932,ВТ-906-C82,Мебель,5200,Вешалка Атриум 90х30х200 венге ЛДСП стойка; ТМ: Сокол,Тип товара: Вешалка; Наименование: Атриум; Габариты: 90х30х200; Цвет: венге; Материал: ЛДСП; Особенности: стойка; ТМ: Сокол
2871,3862,s4_933,ВН-АКТ-E25,Мебель,18900,Тумба под раковину Лондон 70х46х85 серый МДФ тумба под раковина; ТМ: Aquaton,Тип товара: Тумба под раковину; Наименование: Лондон; Габариты: 70х46х85; Цвет: серый; Материал: МДФ; Особенности: тумба под раковина; ТМ: Aquaton
2872,3863,s4_934,ПР-1606-B27,Мебель,23800,Прихожая Уют XL 160х35х215 венге ЛДСП ТМ: Сокол,Тип товара: Прихожая; Наименование: Уют XL; Габариты: 160х35х215; Цвет: венге; Материал: ЛДСП; Особенности: ТМ: Сокол
2873,3864,s4_935,МТР-1220-D11,Мебель,22400,Матрас Vegas Soft 120х200 пена мемори беспружинный; ТМ: Vegas,Тип товара: Матрас; Наименование: Vegas Soft; Габариты: 120х200; Материал: пена мемори; Особенности: беспружинный; ТМ: Vegas
2874,3865,s4_936,ЛТ-LED-E05,Мебель,1500,Светильник белый линейн LED 40Вт 120см; ТМ: ЭкономСвет,Тип товара: Светильник; Цвет: белый; Особенности: линейн LED 40Вт 120см; ТМ: ЭкономСвет
2875,3866,s4_937,СВТ-1606-606,Мебель,28900,Сервант 160х40х210 МДФ с витр глянец; ТМ: Сокол,Тип товара: Сервант; Габариты: 160х40х210; Материал: МДФ; Особенности: с витр глянец; ТМ: Сокол
2876,3867,s4_938,КШ-906-B76,Мебель,17400,Шкаф 90х35х210 венге МДФ книжн 2-дверный с витр; ТМ: Сокол,Тип товара: Шкаф; Габариты: 90х35х210; Цвет: венге; Материал: МДФ; Особенности: книжн 2-дверный с витр; ТМ: Сокол
2877,3868,s4_939,ЛТ-PND-908,Мебель,4700,Подвес стекло тройн 3 лампы шар прозр; ТМ: ЭкономСвет,Тип товара: Подвес; Материал: стекло; Особенности: тройн 3 лампы шар прозр; ТМ: ЭкономСвет
2878,3869,s4_940,КР-1820-702,Мебель,37900,Кровать Орхидея 180х200 дуб ЛДСП дв молочн; ТМ: Лером,Тип товара: Кровать; Наименование: Орхидея; Габариты: 180х200; Цвет: дуб; Материал: ЛДСП; Особенности: дв молочн; ТМ: Лером
2879,3870,s4_941,КР-1820-722,Мебель,42100,Кровать Карина 180х200 графит экокожа; кожа дв; ТМ: Lazurit,Тип товара: Кровать; Наименование: Карина; Габариты: 180х200; Цвет: графит; Материал: экокожа; кожа; Особенности: дв; ТМ: Lazurit
2880,3871,s4_942,КР-1820-E53,Мебель,28400,Кровать 180х200 дуб ЛДСП дв артизан; ТМ: MebelKing,Тип товара: Кровать; Габариты: 180х200; Цвет: дуб; Материал: ЛДСП; Особенности: дв артизан; ТМ: MebelKing
2881,3872,s4_943,КО-T898-856,Мебель,22400,Кресло руководителя Бюрократ T-898 чёрный кожа хром,Тип товара: Кресло руководителя; Наименование: Бюрократ T-898; Цвет: чёрный; Материал: кожа; Особенности: хром
2882,3873,s4_944,СТ-1606-318,Мебель,11200,Стол письменный 160х70 дуб ЛДСП с тумбой; ТМ: Anrex,Тип товара: Стол письменный; Габариты: 160х70; Цвет: дуб; Материал: ЛДСП; Особенности: с тумбой; ТМ: Anrex
2883,3874,s4_945,МДУЛ-3206-D51,Мебель,62400,Гостиная Гранд 3.2м белый МДФ 3 2 м глянец; ТМ: Hoff,Тип товара: Гостиная; Наименование: Гранд; Габариты: 3.2м; Цвет: белый; Материал: МДФ; Особенности: 3 2 м глянец; ТМ: Hoff
2884,3875,s4_946,ССТ-806-713,Мебель,7800,Стеллаж Стокгольм 80х30х190 дуб сонома 5 полок; ТМ: Anrex,Тип товара: Стеллаж; Наименование: Стокгольм; Габариты: 80х30х190; Цвет: дуб сонома; Особенности: 5 полок; ТМ: Anrex
2885,3876,s4_947,МДУЛ-2406-D49,Мебель,42800,Гостиная Гранд 2.4м венге ЛДСП стенка 2 4 м; ТМ: Hoff,Тип товара: Гостиная; Наименование: Гранд; Габариты: 2.4м; Цвет: венге; Материал: ЛДСП; Особенности: стенка 2 4 м; ТМ: Hoff
2886,3877,s4_948,БРА-180-E10,Мебель,2700,Бра LED 12Вт сенсор хром поворотный; ТМ: Camelion,Тип товара: Бра; Особенности: LED 12Вт сенсор хром поворотный; ТМ: Camelion
2887,3878,s4_949,КОМ-1004-E47,Мебель,14800,Комод 100х40х95 белый МДФ 5-ящик глянец; ТМ: Lazurit,Тип товара: Комод; Габариты: 100х40х95; Цвет: белый; Материал: МДФ; Особенности: 5-ящик глянец; ТМ: Lazurit
2888,3879,s4_950,КО-CHR-865,Мебель,14800,Кресло руководителя Chairman 800 чёрный экокожа; кожа ТМ: Chairman,Тип товара: Кресло руководителя; Наименование: Chairman 800; Цвет: чёрный; Материал: экокожа; кожа; Особенности: ТМ: Chairman
2889,3880,s4_951,ШУ-906-329,Мебель,17800,Шкаф 90х90х220 венге ЛДСП угловой; ТМ: Anrex,Тип товара: Шкаф; Габариты: 90х90х220; Цвет: венге; Материал: ЛДСП; Особенности: угловой; ТМ: Anrex
2890,3881,s4_952,ЗЕР-7090-B35,Мебель,5400,Зеркало 70х90 чёрный металл настенный рама; ТМ: Икар,Тип товара: Зеркало; Габариты: 70х90; Цвет: чёрный; Материал: металл; Особенности: настенный рама; ТМ: Икар
2891,3882,s4_953,КР-1620-F14,Мебель,42800,Кровать Прованс 160х200 бежевый МДФ дв с ящик подъём; ТМ: Лером,Тип товара: Кровать; Наименование: Прованс; Габариты: 160х200; Цвет: бежевый; Материал: МДФ; Особенности: дв с ящик подъём; ТМ: Лером
2892,3883,s4_954,КАК-7070-823,Мебель,14700,Кресло Скандик бежевый велюр деревянный ножки; ТМ: Pushe,Тип товара: Кресло; Наименование: Скандик; Цвет: бежевый; Материал: велюр; Особенности: деревянный ножки; ТМ: Pushe
2893,3884,s4_955,БАН-1204-A27,Мебель,11400,Банкетка Карина 120х45х48 графит экокожа; кожа XL; ТМ: Lazurit,Тип товара: Банкетка; Наименование: Карина; Габариты: 120х45х48; Цвет: графит; Материал: экокожа; кожа; Особенности: XL; ТМ: Lazurit
2894,3885,s4_956,СТ-1606-C98,Мебель,7700,Стол письменный 160х60 дуб сонома ЛДСП ТМ: Anrex,Тип товара: Стол письменный; Габариты: 160х60; Цвет: дуб сонома; Материал: ЛДСП; Особенности: ТМ: Anrex
2895,3886,s4_957,ОБ-1808-B71,Мебель,26400,Стол обеденный 220х90 дуб сонома МДФ раздв 180; ТМ: Stolline,Тип товара: Стол обеденный; Габариты: 220х90; Цвет: дуб сонома; Материал: МДФ; Особенности: раздв 180; ТМ: Stolline
2896,3887,s4_958,БАН-1004-303,Мебель,8900,Банкетка Прага 100х40х48 бежевый ткань ТМ: Mebelain,Тип товара: Банкетка; Наименование: Прага; Габариты: 100х40х48; Цвет: бежевый; Материал: ткань; Особенности: ТМ: Mebelain
2897,3888,s4_959,КУШ-2008-D45,Мебель,29400,Кушетка Pushe Уют 200х85х70 серый микровельвет ТМ: Pushe,Тип товара: Кушетка; Наименование: Pushe Уют; Габариты: 200х85х70; Цвет: серый; Материал: микровельвет; Особенности: ТМ: Pushe
2898,3889,s4_960,ТП-4040-736,Мебель,3100,Тумба прикроватная Юниор 40х40х45 белый тумба прикроватный /бирюз; ТМ: Любимый дом,Тип товара: Тумба прикроватная; Наименование: Юниор; Габариты: 40х40х45; Цвет: белый; Особенности: тумба прикроватный /бирюз; ТМ: Любимый дом
2899,3890,s4_961,МТР-0820-D15,Мебель,19800,Матрас Promtex Gold 80х200 латекс гибрид мемори+; ТМ: Promtex,Тип товара: Матрас; Наименование: Promtex Gold; Габариты: 80х200; Материал: латекс; Особенности: гибрид мемори+; ТМ: Promtex
2900,3891,s4_962,КО-687-D87,Мебель,7400,Кресло Бюрократ CH-687 чёрный экокожа; кожа конф (2 шт),Тип товара: Кресло; Наименование: Бюрократ CH-687; Цвет: чёрный; Материал: экокожа; кожа; Особенности: конф (2 шт)
2901,3892,s4_963,ЛТ-LED-D97,Мебель,3800,Светильник чёрный трек LED 30Вт (комплект 3 шт); ТМ: Camelion,Тип товара: Светильник; Цвет: чёрный; Особенности: трек LED 30Вт (комплект 3 шт); ТМ: Camelion
2902,3893,s4_964,ПР-1806-782,Мебель,28400,Прихожая Аркада 180х35х215 дуб ЛДСП с зерк; ТМ: Сокол,Тип товара: Прихожая; Наименование: Аркада; Габариты: 180х35х215; Цвет: дуб; Материал: ЛДСП; Особенности: с зерк; ТМ: Сокол
2903,3894,s4_965,ДН-1800-813,Мебель,28400,Диван Бруклин ткань дет кушетка мятная; ТМ: Аскона,Тип товара: Диван; Наименование: Бруклин; Материал: ткань; Особенности: дет кушетка мятная; ТМ: Аскона
2904,3895,s4_966,ДН-2200-A60,Мебель,36400,Диван Pushe Лайт рогожка книжка терракот; ТМ: Pushe,Тип товара: Диван; Наименование: Pushe Лайт; Материал: рогожка; Особенности: книжка терракот; ТМ: Pushe
2905,3896,s4_967,ИЗГ-1820-C46,Мебель,17800,Изголовье Орхидея 180х220 дуб экокожа; кожа XXL мол; ТМ: Лером,Тип товара: Изголовье; Наименование: Орхидея; Габариты: 180х220; Цвет: дуб; Материал: экокожа; кожа; Особенности: XXL мол; ТМ: Лером
2906,3897,s4_968,ПУФ-3535-452,Мебель,1800,Пуф 35х35 детский круг рис звёзды; ТМ: Этель,Тип товара: Пуф; Габариты: 35х35; Особенности: детский круг рис звёзды; ТМ: Этель
2907,3898,s4_969,ШП-1806-743,Мебель,64700,Шкаф платяной Флоренция 180х60х225 ясень 3-дверный; ТМ: Mebelain,Тип товара: Шкаф платяной; Наименование: Флоренция; Габариты: 180х60х225; Цвет: ясень; Особенности: 3-дверный; ТМ: Mebelain
2908,3899,s4_970,ШП-0806-229,Мебель,14700,Шкаф платяной 80х55х200 венге 1-дверный с ящик; ТМ: Anrex,Тип товара: Шкаф платяной; Габариты: 80х55х200; Цвет: венге; Особенности: 1-дверный с ящик; ТМ: Anrex
2909,3900,s4_971,КО-BR-A92,Мебель,8700,Кресло операторское Бюрократ CH-1300 сетка кресло операторский серая; ТМ: Бюрократ,Тип товара: Кресло операторское; Наименование: Бюрократ CH-1300; Материал: сетка; Особенности: кресло операторский серая; ТМ: Бюрократ
2910,3901,s4_972,ЛТ-SP-B02,Мебель,2200,Светильник белый спот накладной LED 8Вт 4шт; ТМ: Camelion,Тип товара: Светильник; Цвет: белый; Особенности: спот накладной LED 8Вт 4шт; ТМ: Camelion
2911,3902,s4_973,КВ-18025,Мебель,14800,Ковёр 180х250 бежево-зелёный шерсть классик; ТМ: Витебск,Тип товара: Ковёр; Габариты: 180х250; Цвет: бежево-зелёный; Материал: шерсть; Особенности: классик; ТМ: Витебск
2912,3903,s4_974,ВН-АКТ-E14,Мебель,19800,Тумба под раковину Йорк 80х48х85 белый МДФ тумба под раковина; ТМ: Aquaton,Тип товара: Тумба под раковину; Наименование: Йорк; Габариты: 80х48х85; Цвет: белый; Материал: МДФ; Особенности: тумба под раковина; ТМ: Aquaton
2913,3904,s4_975,ВН-АКТ-E21,Мебель,21800,Тумба Сильва 80х48х85 венге МДФ напольный; ТМ: Aquaton,Тип товара: Тумба; Наименование: Сильва; Габариты: 80х48х85; Цвет: венге; Материал: МДФ; Особенности: напольный; ТМ: Aquaton
2914,3905,s4_976,КО-868-005,Мебель,7600,Кресло офисное Бюрократ CH-868 чёрный сетка кресло офисный,Тип товара: Кресло офисное; Наименование: Бюрократ CH-868; Цвет: чёрный; Материал: сетка; Особенности: кресло офисный
2915,3906,s4_977,БРА-220-485,Мебель,1600,Бра чёрный металл настенный поворотный; ТМ: Эра,Тип товара: Бра; Цвет: чёрный; Материал: металл; Особенности: настенный поворотный; ТМ: Эра
2916,3907,s4_978,СТО-1407-975,Мебель,22800,Стол офисный 140х70х110 белый ЛДСП ресепш; ТМ: Бюрократ,Тип товара: Стол офисный; Габариты: 140х70х110; Цвет: белый; Материал: ЛДСП; Особенности: ресепш; ТМ: Бюрократ
2917,3908,s4_979,ДН-2400-812,Мебель,57800,Диван Симфония серо-бежевый шенилл еврокнижка; ТМ: Аскона,Тип товара: Диван; Наименование: Симфония; Цвет: серо-бежевый; Материал: шенилл; Особенности: еврокнижка; ТМ: Аскона
2918,3909,s4_980,ЗЕР-6011-C75,Мебель,7800,Зеркало Гомель 60х170 дуб ЛДСП напольный; ТМ: Anrex,Тип товара: Зеркало; Наименование: Гомель; Габариты: 60х170; Цвет: дуб; Материал: ЛДСП; Особенности: напольный; ТМ: Anrex
2919,3910,s4_981,МДУЛ-3806-F22,Мебель,67800,Гостиная Атриум 3.8м белый МДФ XL 3 8 м глянец; ТМ: Mebelain,Тип товара: Гостиная; Наименование: Атриум; Габариты: 3.8м; Цвет: белый; Материал: МДФ; Особенности: XL 3 8 м глянец; ТМ: Mebelain
2920,3911,s5_1,,Мебель,3800,"Шторы 150х270 тёмно-серый 2 полотна, блэкаут, готовые","Тип товара: Шторы; Габариты: 150х270; Цвет: тёмно-серый; Особенности: 2 полотна, блэкаут, готовые"
2921,3912,s5_2,,Мебель,3400,"Барный стул белая экокожа с подножкой, высокий","Тип товара: Барный стул; Цвет: белая; Материал: экокожа; Особенности: с подножкой, высокий"
2922,3913,s5_3,,Мебель,7100,"Кроватка белая для новорождённого, с маятником, классический","Тип товара: Кроватка; Цвет: белая; Особенности: для новорождённого, с маятником, классический"
2923,3914,s5_4,,Мебель,2700,"Гирлянда белая 200 ламп, с пультом, на окно","Тип товара: Гирлянда; Цвет: белая; Особенности: 200 ламп, с пультом, на окно"
2924,3915,s5_5,,Мебель,28460,"Кровать 160х200 светлый дуб на платформе татами, низкий, японская","Тип товара: Кровать; Габариты: 160х200; Цвет: светлый дуб; Особенности: на платформе татами, низкий, японская"
2925,3916,s5_6,,Мебель,15700,"Шкаф тёмно-синий 3-секционный, детский, космические ракеты","Тип товара: Шкаф; Цвет: тёмно-синий; Особенности: 3-секционный, детский, космические ракеты"
2926,3917,s5_7,,Мебель,13740,"Комод состаренный сосна, металл лофт, с металлическими ручками","Тип товара: Комод; Цвет: состаренный; Материал: сосна, металл; Особенности: лофт, с металлическими ручками"
2927,3918,s5_8,,Мебель,3650,"Скамья изумрудный велюр для спальни, на ножках, круглая","Тип товара: Скамья; Цвет: изумрудный; Материал: велюр; Особенности: для спальни, на ножках, круглая"
2928,3919,s5_9,,Мебель,28400,"Кровать-чердак 90х200 белый для двоих детей, с лестницей","Тип товара: Кровать-чердак; Габариты: 90х200; Цвет: белый; Особенности: для двоих детей, с лестницей"
2929,3920,s5_10,,Мебель,5700,Прикроватный столик графит с зарядной станцией,Тип товара: Прикроватный столик; Цвет: графит; Особенности: с зарядной станцией
2930,3921,s5_11,,Мебель,11200,Комод-витрина белый стекло с 2 стеклянными дверцами,Тип товара: Комод-витрина; Цвет: белый; Материал: стекло; Особенности: с 2 стеклянными дверцами
2931,3922,s5_12,,Мебель,5400,"Прикроватный столик тёмно-серый с подстаканником, USB","Тип товара: Прикроватный столик; Цвет: тёмно-серый; Особенности: с подстаканником, USB"
2932,3923,s5_13,,Мебель,14210,Кресло изумрудный велюр с высокой спинкой,Тип товара: Кресло; Цвет: изумрудный; Материал: велюр; Особенности: с высокой спинкой
2933,3924,s5_14,,Мебель,3400,Прикроватный столик белый на колёсиках,Тип товара: Прикроватный столик; Цвет: белый; Особенности: на колёсиках
2934,3925,s5_15,,Мебель,7400,"Кроватка натуральный бук для новорождённого, с маятником, съёмным бортиком","Тип товара: Кроватка; Цвет: натуральный бук; Особенности: для новорождённого, с маятником, съёмным бортиком"
2935,3926,s5_16,,Мебель,38900,Кровать-карета 160х200 белая с золотыми элементами двуспальная,Тип товара: Кровать-карета; Габариты: 160х200; Цвет: белая с золотыми элементами; Особенности: двуспальная
2936,3927,s5_17,,Мебель,5800,"Пенал 30 см белый глянец с пятью полками, высокий, глянец","Тип товара: Пенал; Габариты: 30 см; Цвет: белый глянец; Особенности: с пятью полками, высокий, глянец"
2937,3928,s5_18,,Мебель,3400,"Корзина светлый ротанг для белья, с крышкой","Тип товара: Корзина; Цвет: светлый; Материал: ротанг; Особенности: для белья, с крышкой"
2938,3929,s5_19,,Мебель,38700,"Велотренажёр чёрный с красным спин-байк, профессиональный","Тип товара: Велотренажёр; Цвет: чёрный с красным; Особенности: спин-байк, профессиональный"
2939,3930,s5_20,,Мебель,26800,Кровать-карета 90х200 розовая с золотом,Тип товара: Кровать-карета; Габариты: 90х200; Цвет: розовая с золотом
2940,3931,s5_21,,Мебель,8100,Кроватка 90х200 дуб сонома для подростка,Тип товара: Кроватка; Габариты: 90х200; Цвет: дуб сонома; Особенности: для подростка
2941,3932,s5_22,,Мебель,6700,Комод 40 см белый для маленькой комнаты,Тип товара: Комод; Габариты: 40 см; Цвет: белый; Особенности: для маленькой комнаты
2942,3933,s5_23,,Мебель,3800,Сундук бежевая для хранения,Тип товара: Сундук; Цвет: бежевая; Особенности: для хранения
2943,3934,s5_24,,Мебель,5460,Стеллаж бежевый для кошки,Тип товара: Стеллаж; Цвет: бежевый; Особенности: для кошки
2944,3935,s5_25,,Мебель,28900,"Эллиптический тренажёр чёрный магнитный, домашний","Тип товара: Эллиптический тренажёр; Цвет: чёрный; Особенности: магнитный, домашний"
2945,3936,s5_26,,Мебель,5800,Спальный мешок тёмно-зелёный с подушками,Тип товара: Спальный мешок; Цвет: тёмно-зелёный; Особенности: с подушками
2946,3937,s5_27,,Мебель,28400,Кровать-домик дуб трёхместная,Тип товара: Кровать-домик; Цвет: дуб; Особенности: трёхместная
2947,3938,s5_28,,Мебель,2200,Подставка золото металл в виде дерева,Тип товара: Подставка; Цвет: золото; Материал: металл; Особенности: в виде дерева
2948,3939,s5_29,,Мебель,2400,"Сушилка белый для белья, складной, раздвижной","Тип товара: Сушилка; Цвет: белый; Особенности: для белья, складной, раздвижной"
2949,3940,s5_30,,Мебель,6480,Стеллаж чёрный матовый металл матовый,Тип товара: Стеллаж; Цвет: чёрный матовый; Материал: металл; Особенности: матовый
2950,3941,s5_31,,Мебель,36400,Двухъярусная кровать пыльно-розовый велюр для троих,Тип товара: Двухъярусная кровать; Цвет: пыльно-розовый; Материал: велюр; Особенности: для троих
2951,3942,s5_32,,Мебель,19460,"Прихожая дуб сонома с зеркалом, угловой, модульный","Тип товара: Прихожая; Цвет: дуб сонома; Особенности: с зеркалом, угловой, модульный"
2952,3943,s5_33,,Мебель,17800,Кухонный уголок бежевая экокожа угловой,Тип товара: Кухонный уголок; Цвет: бежевая; Материал: экокожа; Особенности: угловой
2953,3944,s5_34,,Мебель,26790,Шкаф-купе дуб молочный,Тип товара: Шкаф-купе; Цвет: дуб молочный
2954,3945,s5_35,,Мебель,2400,Вешалка бамбук для обуви,Тип товара: Вешалка; Материал: бамбук; Особенности: для обуви
2955,3946,s5_36,,Мебель,3430,"Светильник графитовый подвесной, лофт, 3 плафона","Тип товара: Светильник; Цвет: графитовый; Особенности: подвесной, лофт, 3 плафона"
2956,3947,s5_37,,Мебель,19400,Кровать-чердак 80х180 белый низкий,Тип товара: Кровать-чердак; Габариты: 80х180; Цвет: белый; Особенности: низкий
2957,3948,s5_38,,Мебель,1850,Корзина белая джут детскую,Тип товара: Корзина; Цвет: белая; Материал: джут; Особенности: детскую
2958,3949,s5_39,,Мебель,9800,Беседка 3х3 м оливковая складной,Тип товара: Беседка; Габариты: 3х3 м; Цвет: оливковая; Особенности: складной
2959,3950,s5_40,,Мебель,6790,Шкаф белый для лоджии,Тип товара: Шкаф; Цвет: белый; Особенности: для лоджии
2960,3951,s5_41,,Мебель,11490,Кухонные стулья белая экокожа 4 шт,Тип товара: Кухонные стулья; Цвет: белая; Материал: экокожа; Особенности: 4 шт
2961,3952,s5_42,,Мебель,1750,"Лампа белая для школьника, настольный","Тип товара: Лампа; Цвет: белая; Особенности: для школьника, настольный"
2962,3953,s5_43,,Мебель,3400,Пуф тёмно-синий велюр для хранения,Тип товара: Пуф; Цвет: тёмно-синий; Материал: велюр; Особенности: для хранения
2963,3954,s5_44,,Мебель,6510,Скамья 120 см бежевый лён,Тип товара: Скамья; Габариты: 120 см; Цвет: бежевый; Материал: лён
2964,3955,s5_45,,Мебель,6800,Стеллаж 200 см графит высокий,Тип товара: Стеллаж; Габариты: 200 см; Цвет: графит; Особенности: высокий
2965,3956,s5_46,,Мебель,1820,"Пуф 40 см пудровый велюр круглый, туалетный","Тип товара: Пуф; Габариты: 40 см; Цвет: пудровый; Материал: велюр; Особенности: круглый, туалетный"
2966,3957,s5_47,,Мебель,1850,Подставка орех дерево складной,Тип товара: Подставка; Цвет: орех; Материал: дерево; Особенности: складной
2967,3958,s5_48,,Мебель,4900,Кровать 190 см серая раскладная,Тип товара: Кровать; Габариты: 190 см; Цвет: серая; Особенности: раскладная
2968,3959,s5_49,,Мебель,9810,Стул натуральный дерево 4 шт,Тип товара: Стул; Цвет: натуральный; Материал: дерево; Особенности: 4 шт
2969,3960,s5_50,,Мебель,14470,"Барная стойка белый глянец с дубом с подсветкой, глянец","Тип товара: Барная стойка; Цвет: белый глянец с дубом; Особенности: с подсветкой, глянец"
2970,3961,s5_51,,Мебель,52400,Гарнитур белый трансформер,Тип товара: Гарнитур; Цвет: белый; Особенности: трансформер
2971,3962,s5_52,,Мебель,5990,"Зеркало 60 см мятный настольное, визажное, led-подсветкой","Тип товара: Зеркало; Габариты: 60 см; Цвет: мятный; Особенности: настольное, визажное, led-подсветкой"
2972,3963,s5_53,,Мебель,2400,Свеча золото металл 3 шт,Тип товара: Свеча; Цвет: золото; Материал: металл; Особенности: 3 шт
2973,3964,s5_54,,Мебель,6100,Стеллаж белый влагостойкий,Тип товара: Стеллаж; Цвет: белый влагостойкий
2974,3965,s5_55,,Мебель,1450,Подставка дерево бамбук бамбук настольный,Тип товара: Подставка; Цвет: дерево бамбук; Материал: бамбук; Особенности: настольный
2975,3966,s5_56,,Мебель,14690,"Перегородка белая японская, раздвижной","Тип товара: Перегородка; Цвет: белая; Особенности: японская, раздвижной"
2976,3967,s5_57,,Мебель,3400,Дорожка 80х250 бежевая с орнаментом,Тип товара: Дорожка; Габариты: 80х250; Цвет: бежевая с орнаментом
2977,3968,s5_58,,Мебель,3900,Барный стул коричневая экокожа,Тип товара: Барный стул; Цвет: коричневая; Материал: экокожа
2978,3969,s5_59,,Мебель,13900,Кресло,Тип товара: Кресло
2979,3970,s5_60,,Мебель,7340,Скамья горчичный велюр для гостиной,Тип товара: Скамья; Цвет: горчичный; Материал: велюр; Особенности: для гостиной
2980,3971,s5_61,,Мебель,7900,"Кроватка для новорождённого, с маятником","Тип товара: Кроватка; Особенности: для новорождённого, с маятником"
2981,3972,s5_62,,Мебель,9740,Лампа 100х70 золото матовое матовое,Тип товара: Лампа; Габариты: 100х70; Цвет: золото матовое; Особенности: матовое
2982,3973,s5_63,,Мебель,15490,Стул коричневый металл 4 шт,Тип товара: Стул; Цвет: коричневый; Материал: металл; Особенности: 4 шт
2983,3974,s5_64,,Мебель,850,"Подушка розовая для детской, с принтом","Тип товара: Подушка; Цвет: розовая; Особенности: для детской, с принтом"
2984,3975,s5_65,,Мебель,28760,"Кресло бежевый велюр для пожилых, высокое","Тип товара: Кресло; Цвет: бежевый; Материал: велюр; Особенности: для пожилых, высокое"
2985,3976,s5_66,,Мебель,13900,Кресло бежевая ротанг,Тип товара: Кресло; Цвет: бежевая; Материал: ротанг
2986,3977,s5_67,,Мебель,14800,Стул тёмный шоколад ротанг,Тип товара: Стул; Цвет: тёмный шоколад; Материал: ротанг
2987,3978,s5_68,,Мебель,25400,Кухонный уголок бежевый лён угловой,Тип товара: Кухонный уголок; Цвет: бежевый; Материал: лён; Особенности: угловой
2988,3979,s5_69,,Мебель,11440,Тумба 140 см белый,Тип товара: Тумба; Габариты: 140 см; Цвет: белый
2989,3980,s5_70,,Мебель,5400,Гамак тёмно-синий с подушкой,Тип товара: Гамак; Цвет: тёмно-синий; Особенности: с подушкой
2990,3981,s5_71,,Мебель,13800,"Полка графит для подростка, с подсветкой, угловой","Тип товара: Полка; Цвет: графит; Особенности: для подростка, с подсветкой, угловой"
2991,3982,s5_72,,Мебель,13480,"Туалетный столик белый матовый с подсветкой, круглым, матовый","Тип товара: Туалетный столик; Цвет: белый матовый; Особенности: с подсветкой, круглым, матовый"
2992,3983,s5_73,,Мебель,3410,Подставка золото матовое матовое,Тип товара: Подставка; Цвет: золото матовое; Особенности: матовое
2993,3984,s5_74,,Мебель,13860,Стеллаж 200 см тёмное дерево,Тип товара: Стеллаж; Габариты: 200 см; Цвет: тёмное дерево
2994,3985,s5_75,,Мебель,3260,Когтеточка бежевый с серым для котят,Тип товара: Когтеточка; Цвет: бежевый с серым; Особенности: для котят
2995,3986,s5_76,,Мебель,28900,Кровать 160х200 бежевая,Тип товара: Кровать; Габариты: 160х200; Цвет: бежевая
2996,3987,s5_77,,Мебель,7200,Шезлонг белый,Тип товара: Шезлонг; Цвет: белый
2997,3988,s5_78,,Мебель,29800,Кухонный уголок серая,Тип товара: Кухонный уголок; Цвет: серая
2998,3989,s5_79,,Мебель,3900,Плед 200х220 бежевый крупная вязка,Тип товара: Плед; Габариты: 200х220; Цвет: бежевый; Особенности: крупная вязка
2999,3990,s5_80,,Мебель,42800,"Двухъярусная кровать серая рогожка рогожка для троих, угловым","Тип товара: Двухъярусная кровать; Цвет: серая рогожка; Материал: рогожка; Особенности: для троих, угловым"
3000,3991,s5_81,,Мебель,5800,Скамья 100 см серая для прихожей,Тип товара: Скамья; Габариты: 100 см; Цвет: серая; Особенности: для прихожей
3001,3992,s5_82,,Мебель,15900,Кровать 80х170,Тип товара: Кровать; Габариты: 80х170
3002,3993,s5_83,,Мебель,3200,"Зеркало 70 см чёрное металл настенное, круглое","Тип товара: Зеркало; Габариты: 70 см; Цвет: чёрное; Материал: металл; Особенности: настенное, круглое"
3003,3994,s5_84,,Мебель,18350,Шкаф 100 см мятный с золотом,Тип товара: Шкаф; Габариты: 100 см; Цвет: мятный с золотом
3004,3995,s5_85,,Мебель,21900,"Кроватка 140х200 пыльно-розовый велюр двуспальная, подъёмным механизмом","Тип товара: Кроватка; Габариты: 140х200; Цвет: пыльно-розовый; Материал: велюр; Особенности: двуспальная, подъёмным механизмом"
3005,3996,s5_86,,Мебель,14200,Стол 160х80 белый на колёсиках,Тип товара: Стол; Габариты: 160х80; Цвет: белый; Особенности: на колёсиках
3006,3997,s5_87,,Мебель,3200,"Картина Лес туманный настенная, модульный","Тип товара: Картина; Наименование: Лес туманный; Особенности: настенная, модульный"
3007,3998,s5_88,,Мебель,18950,Кровать-ракета 80х170 тёмно-синий с белым космический,Тип товара: Кровать-ракета; Габариты: 80х170; Цвет: тёмно-синий с белым; Особенности: космический
3008,3999,s5_89,,Мебель,5990,"Зеркало 60 см золото матовое настольное, матовое, визажное, led-подсветкой","Тип товара: Зеркало; Габариты: 60 см; Цвет: золото матовое; Особенности: настольное, матовое, визажное, led-подсветкой"
3009,4000,s5_90,,Мебель,36400,Балдахин 180х200 слоновая кость балдахином,Тип товара: Балдахин; Габариты: 180х200; Цвет: слоновая кость; Особенности: балдахином
3010,4001,s5_91,,Мебель,26710,Шкаф-купе дуб сонома угловой,Тип товара: Шкаф-купе; Цвет: дуб сонома; Особенности: угловой
3011,4002,s5_92,,Мебель,26440,"Гардеробная белый с серым угловой, модульный","Тип товара: Гардеробная; Цвет: белый с серым; Особенности: угловой, модульный"
3012,4003,s5_93,,Мебель,2830,"Прикроватная тумба 35х35 белый матовый высоких, матовый","Тип товара: Прикроватная тумба; Габариты: 35х35; Цвет: белый матовый; Особенности: высоких, матовый"
3013,4004,s5_94,,Мебель,4800,Столик графит,Тип товара: Столик; Цвет: графит
3014,4005,s5_95,,Мебель,17900,"Шкаф-купе город 160 см 2-дверный, для подростка, с фотопечатью","Тип товара: Шкаф-купе; Наименование: город; Габариты: 160 см; Особенности: 2-дверный, для подростка, с фотопечатью"
3015,4006,s5_96,,Мебель,2680,Кресло-мешок жёлтый с чёрным с принтом тигра,Тип товара: Кресло-мешок; Цвет: жёлтый с чёрным; Особенности: с принтом тигра
3016,4007,s5_97,,Мебель,33710,Стенка дуб сонома с белым для гостиной,Тип товара: Стенка; Цвет: дуб сонома с белым; Особенности: для гостиной
3017,4008,s5_98,,Мебель,9800,Кровать-домик 70х140 белая с крышей,Тип товара: Кровать-домик; Габариты: 70х140; Цвет: белая с крышей
3018,4009,s5_99,,Мебель,24710,Диван 180 см меланж велюр для гостиной,Тип товара: Диван; Габариты: 180 см; Цвет: меланж; Материал: велюр; Особенности: для гостиной
3019,4010,s5_100,,Мебель,13790,"Стул дуб с серым 4 шт, круглой","Тип товара: Стул; Цвет: дуб с серым; Особенности: 4 шт, круглой"
3020,4011,s5_101,,Мебель,5800,Гладильная доска графитовый,Тип товара: Гладильная доска; Цвет: графитовый
3021,4012,s5_102,,Мебель,9890,Горка 130 см голубой с белым складной,Тип товара: Горка; Габариты: 130 см; Цвет: голубой с белым; Особенности: складной
3022,4013,s5_103,,Мебель,14700,"Шезлонг бежевый плед в комплекте для гостиной, в комплекте","Тип товара: Шезлонг; Цвет: бежевый плед в комплекте; Особенности: для гостиной, в комплекте"
3023,4014,s5_104,,Мебель,19700,Кровать-домик 90х200 белая с лестницей,Тип товара: Кровать-домик; Габариты: 90х200; Цвет: белая; Особенности: с лестницей
3024,4015,s5_105,,Мебель,7900,Шкаф 40 см белый влагостойкий для лоджии,Тип товара: Шкаф; Габариты: 40 см; Цвет: белый влагостойкий; Особенности: для лоджии
3025,4016,s5_106,,Мебель,6700,Шезлонг натуральный для дачи,Тип товара: Шезлонг; Цвет: натуральный; Особенности: для дачи
3026,4017,s5_107,,Мебель,8400,Шатёр 3х3 белый для дачи,Тип товара: Шатёр; Габариты: 3х3; Цвет: белый; Особенности: для дачи
3027,4018,s5_108,,Мебель,21800,Кресло ротанг подвесное,Тип товара: Кресло; Материал: ротанг; Особенности: подвесное
3028,4019,s5_109,,Мебель,3400,Корзина серый бежевый круглая,Тип товара: Корзина; Цвет: серый бежевый; Особенности: круглая
3029,4020,s5_110,,Мебель,4700,"Корзина 70 см серый ротанг ротанг для белья, на колёсиках","Тип товара: Корзина; Габариты: 70 см; Цвет: серый ротанг; Материал: ротанг; Особенности: для белья, на колёсиках"
3030,4021,s5_111,,Мебель,31790,Шкаф-купе 240 см венге,Тип товара: Шкаф-купе; Габариты: 240 см; Цвет: венге
3031,4022,s5_112,,Мебель,6700,"Сушилка серый для белья, подогревом","Тип товара: Сушилка; Цвет: серый; Особенности: для белья, подогревом"
3032,4023,s5_113,,Мебель,7390,Стеллаж чёрный с золотом стекло,Тип товара: Стеллаж; Цвет: чёрный с золотом; Материал: стекло
3033,4024,s5_114,,Мебель,26410,Кушетка 170 см бархат изумрудный с пуговицами для гостиной,Тип товара: Кушетка; Габариты: 170 см; Цвет: бархат изумрудный с пуговицами; Особенности: для гостиной
3034,4025,s5_115,,Мебель,5260,"Стойка белый матовый высокий, матовый","Тип товара: Стойка; Цвет: белый матовый; Особенности: высокий, матовый"
3035,4026,s5_116,,Мебель,2950,Столик,Тип товара: Столик
3036,4027,s5_117,,Мебель,2200,Свеча 25 см стекло,Тип товара: Свеча; Габариты: 25 см; Материал: стекло
3037,4028,s5_118,,Мебель,2490,Ночник белый,Тип товара: Ночник; Цвет: белый
3038,4029,s5_119,,Мебель,48790,"Балдахин Сон императора 180х200 мореный палисандр резная, балдахином","Тип товара: Балдахин; Наименование: Сон императора; Габариты: 180х200; Цвет: мореный палисандр; Особенности: резная, балдахином"
3039,4030,s5_120,,Мебель,13410,Стол белый с золотом раскладной,Тип товара: Стол; Цвет: белый с золотом; Особенности: раскладной
3040,4031,s5_121,,Мебель,850,Подушка 45х45 горчичный велюр квадратная,Тип товара: Подушка; Габариты: 45х45; Цвет: горчичный; Материал: велюр; Особенности: квадратная
3041,4032,s5_122,,Мебель,24500,"Двухъярусная кровать дуб молочный для двоих детей, с лестницей-комодом","Тип товара: Двухъярусная кровать; Цвет: дуб молочный; Особенности: для двоих детей, с лестницей-комодом"
3042,4033,s5_123,,Мебель,7800,Компьютерный стол 120 см венге,Тип товара: Компьютерный стол; Габариты: 120 см; Цвет: венге
3043,4034,s5_124,,Мебель,54420,"Диван коричневая экокожа трёхместный, электрорегулировкой","Тип товара: Диван; Цвет: коричневая; Материал: экокожа; Особенности: трёхместный, электрорегулировкой"
3044,4035,s5_125,,Мебель,22500,Диван серая рогожка угловой,Тип товара: Диван; Цвет: серая; Материал: рогожка; Особенности: угловой
3045,4036,s5_126,,Мебель,31200,Кровать 160х200 орех сосна двуспальная,Тип товара: Кровать; Габариты: 160х200; Цвет: орех; Материал: сосна; Особенности: двуспальная
3046,4037,s5_127,,Мебель,1750,Ковёр 60х90 тёмно-серый,Тип товара: Ковёр; Габариты: 60х90; Цвет: тёмно-серый
3047,4038,s5_128,,Мебель,9650,"Шкаф 120х40х60 светлый дуб для гостиной, низкий, японский","Тип товара: Шкаф; Габариты: 120х40х60; Цвет: светлый дуб; Особенности: для гостиной, низкий, японский"
3048,4039,s5_129,,Мебель,21400,Кухонный уголок горчичный велюр,Тип товара: Кухонный уголок; Цвет: горчичный; Материал: велюр
3049,4040,s5_130,,Мебель,38700,"Кровать 160х200 белый глянец двуспальная, глянец","Тип товара: Кровать; Габариты: 160х200; Цвет: белый глянец; Особенности: двуспальная, глянец"
3050,4041,s5_131,,Мебель,11400,Беседка бежевый тент,Тип товара: Беседка; Цвет: бежевый тент
3051,4042,s5_132,,Мебель,3470,Подставка золото матовое матовое,Тип товара: Подставка; Цвет: золото матовое; Особенности: матовое
3052,4043,s5_133,,Мебель,48700,Кровать 180х200 натуральный массив дуба двуспальная,Тип товара: Кровать; Габариты: 180х200; Цвет: натуральный; Материал: массив дуба; Особенности: двуспальная
3053,4044,s5_134,,Мебель,6700,Скамья 120 см,Тип товара: Скамья; Габариты: 120 см
3054,4045,s5_135,,Мебель,26900,"Шкаф-купе 240 см дуб сонома 3-дверный, с зеркалом","Тип товара: Шкаф-купе; Габариты: 240 см; Цвет: дуб сонома; Особенности: 3-дверный, с зеркалом"
3055,4046,s5_136,,Мебель,11900,Кресло коричневый ротанг,Тип товара: Кресло; Цвет: коричневый; Материал: ротанг
3056,4047,s5_137,,Мебель,6440,Парта 80 см белый с голубым детский,Тип товара: Парта; Габариты: 80 см; Цвет: белый с голубым; Особенности: детский
3057,4048,s5_138,,Мебель,28400,Шкаф 240 см белый с зеркалом,Тип товара: Шкаф; Габариты: 240 см; Цвет: белый; Особенности: с зеркалом
3058,4049,s5_139,,Мебель,3200,Стеллаж дерево,Тип товара: Стеллаж; Материал: дерево
3059,4050,s5_140,,Мебель,3400,Бра патина лён,Тип товара: Бра; Цвет: патина; Материал: лён
3060,4051,s5_141,,Мебель,3600,Стул серый металл барный,Тип товара: Стул; Цвет: серый; Материал: металл; Особенности: барный
3061,4052,s5_142,,Мебель,28780,Кровать 80х180 серебристый с синим,Тип товара: Кровать; Габариты: 80х180; Цвет: серебристый с синим
3062,4053,s5_143,,Мебель,19900,Кровать-чердак белый детскую,Тип товара: Кровать-чердак; Цвет: белый; Особенности: детскую
3063,4054,s5_144,,Мебель,9650,"Шкаф 120х40х60 венге для гостиной, низкий, японский","Тип товара: Шкаф; Габариты: 120х40х60; Цвет: венге; Особенности: для гостиной, низкий, японский"
3064,4055,s5_145,,Мебель,1700,"Бра бежевый ткань классическое, настенное","Тип товара: Бра; Цвет: бежевый; Материал: ткань; Особенности: классическое, настенное"
3065,4056,s5_146,,Мебель,5700,Гладильная доска синяя,Тип товара: Гладильная доска; Цвет: синяя
3066,4057,s5_147,,Мебель,39800,"Кровать 220 см серый велюр двуспальная, круглая","Тип товара: Кровать; Габариты: 220 см; Цвет: серый; Материал: велюр; Особенности: двуспальная, круглая"
3067,4058,s5_148,,Мебель,14700,"Кресло шоколад для гостиной, подвесной","Тип товара: Кресло; Цвет: шоколад; Особенности: для гостиной, подвесной"
3068,4059,s5_149,,Мебель,16400,"Туалетный столик белый с золотом для макияжа, круглым, led","Тип товара: Туалетный столик; Цвет: белый с золотом; Особенности: для макияжа, круглым, led"
3069,4060,s5_150,,Мебель,2400,Корзина 50 см натуральный джут высокий,Тип товара: Корзина; Габариты: 50 см; Цвет: натуральный; Материал: джут; Особенности: высокий
3070,4061,s5_151,,Мебель,14400,Шкаф голубой,Тип товара: Шкаф; Цвет: голубой
3071,4062,s5_152,,Мебель,21400,Кровать-чердак 80х170 белая с розовым балдахином,Тип товара: Кровать-чердак; Габариты: 80х170; Цвет: белая с розовым; Особенности: балдахином
3072,4063,s5_153,,Мебель,24700,"Кровать-чердак 90х200 графит для подростка, с лестницей-комодом","Тип товара: Кровать-чердак; Габариты: 90х200; Цвет: графит; Особенности: для подростка, с лестницей-комодом"
3073,4064,s5_154,,Мебель,3900,Корзина белый на колёсиках,Тип товара: Корзина; Цвет: белый; Особенности: на колёсиках
3074,4065,s5_155,,Мебель,13400,Кушетка 90х200 светло-серый велюр,Тип товара: Кушетка; Габариты: 90х200; Цвет: светло-серый; Материал: велюр
3075,4066,s5_156,,Мебель,19450,Кушетка 180 см бирюзовый велюр с подушками,Тип товара: Кушетка; Габариты: 180 см; Цвет: бирюзовый; Материал: велюр; Особенности: с подушками
3076,4067,s5_157,,Мебель,8490,"Стеллаж 100х30 чёрный с дубом металл, дерево лофт","Тип товара: Стеллаж; Габариты: 100х30; Цвет: чёрный с дубом; Материал: металл, дерево; Особенности: лофт"
3077,4068,s5_158,,Мебель,7400,Стол 150х80 прямоугольный,Тип товара: Стол; Габариты: 150х80; Особенности: прямоугольный
3078,4069,s5_159,,Мебель,4400,Стул натуральный дерево 4 шт,Тип товара: Стул; Цвет: натуральный; Материал: дерево; Особенности: 4 шт
3079,4070,s5_160,,Мебель,3100,"Стол 80 см венге для лоджии, складной","Тип товара: Стол; Габариты: 80 см; Цвет: венге; Особенности: для лоджии, складной"
3080,4071,s5_161,,Мебель,3400,Пуф изумрудный велюр для подростка,Тип товара: Пуф; Цвет: изумрудный; Материал: велюр; Особенности: для подростка
3081,4072,s5_162,,Мебель,3400,Прикроватный столик 60х40 светлый дуб,Тип товара: Прикроватный столик; Габариты: 60х40; Цвет: светлый дуб
3082,4073,s5_163,,Мебель,5460,Стеллаж шоколад для кошки,Тип товара: Стеллаж; Цвет: шоколад; Особенности: для кошки
3083,4074,s5_164,,Мебель,4400,Плед 150х200 горчица,Тип товара: Плед; Габариты: 150х200; Цвет: горчица
3084,4075,s5_165,,Мебель,6400,Прихожая 80 см венге с зеркалом,Тип товара: Прихожая; Габариты: 80 см; Цвет: венге; Особенности: с зеркалом
3085,4076,s5_166,,Мебель,1100,"Корзина ткань для детской, складной, с принтом","Тип товара: Корзина; Материал: ткань; Особенности: для детской, складной, с принтом"
3086,4077,s5_167,,Мебель,7400,Кровать 80х200 серый,Тип товара: Кровать; Габариты: 80х200; Цвет: серый
3087,4078,s5_168,,Мебель,5400,Стеллаж белый детскую,Тип товара: Стеллаж; Цвет: белый; Особенности: детскую
3088,4079,s5_169,,Мебель,13800,Кровать 80х160 синяя,Тип товара: Кровать; Габариты: 80х160; Цвет: синяя
3089,4080,s5_170,,Мебель,3400,Домик-палатка розовый ткань детскую,Тип товара: Домик-палатка; Цвет: розовый; Материал: ткань; Особенности: детскую
3090,4081,s5_171,,Мебель,13400,"Шкаф розовый с белым 2-дверный, детский, с принтом","Тип товара: Шкаф; Цвет: розовый с белым; Особенности: 2-дверный, детский, с принтом"
3091,4082,s5_172,,Мебель,5400,Торшер графитовый ткань,Тип товара: Торшер; Цвет: графитовый; Материал: ткань
3092,4083,s5_173,,Мебель,1450,Свеча,Тип товара: Свеча
3093,4084,s5_174,,Мебель,9740,Стул натуральная сосна сосна 6 шт,Тип товара: Стул; Цвет: натуральная сосна; Материал: сосна; Особенности: 6 шт
3094,4085,s5_175,,Мебель,8700,"Шкаф 50 см белый матовый для лоджии, высокий, матовый","Тип товара: Шкаф; Габариты: 50 см; Цвет: белый матовый; Особенности: для лоджии, высокий, матовый"
3095,4086,s5_176,,Мебель,18950,Кровать-ракета 80х170 серебристый с синим космический,Тип товара: Кровать-ракета; Габариты: 80х170; Цвет: серебристый с синим; Особенности: космический
3096,4087,s5_177,,Мебель,8940,Комод белый с принтом облачков,Тип товара: Комод; Цвет: белый; Особенности: с принтом облачков
3097,4088,s5_178,,Мебель,4200,"Пуф 90 см белый плюш детскую, модульный","Тип товара: Пуф; Габариты: 90 см; Цвет: белый; Материал: плюш; Особенности: детскую, модульный"
3098,4089,s5_179,,Мебель,15400,"Туалетный столик розовый для макияжа, круглым","Тип товара: Туалетный столик; Цвет: розовый; Особенности: для макияжа, круглым"
3099,4090,s5_180,,Мебель,19720,Шкаф-купе 160 см белый с цветным,Тип товара: Шкаф-купе; Габариты: 160 см; Цвет: белый с цветным
3100,4091,s5_181,,Мебель,3420,"Прикроватная тумба дуб сонома двухъярусной, на колёсиках","Тип товара: Прикроватная тумба; Цвет: дуб сонома; Особенности: двухъярусной, на колёсиках"
3101,4092,s5_182,,Мебель,2920,Прикроватный столик 40х35 дуб сонома металл,Тип товара: Прикроватный столик; Габариты: 40х35; Цвет: дуб сонома; Материал: металл
3102,4093,s5_183,,Мебель,9400,Кроватка бук для новорождённого,Тип товара: Кроватка; Цвет: бук; Особенности: для новорождённого
3103,4094,s5_184,,Мебель,7440,"Стол 120х30 чёрный матовый для прихожей, с зеркалом, матовый","Тип товара: Стол; Габариты: 120х30; Цвет: чёрный матовый; Особенности: для прихожей, с зеркалом, матовый"
3104,4095,s5_185,,Мебель,5400,"Раскладушка для дачи, ортопедической","Тип товара: Раскладушка; Особенности: для дачи, ортопедической"
3105,4096,s5_186,,Мебель,14900,Кровать-домик 90х200 белый детскую,Тип товара: Кровать-домик; Габариты: 90х200; Цвет: белый; Особенности: детскую
3106,4097,s5_187,,Мебель,2900,Столик 70 см круглый,Тип товара: Столик; Габариты: 70 см; Особенности: круглый
3107,4098,s5_188,,Мебель,15800,Подушка 50х50 серый велюр,Тип товара: Подушка; Габариты: 50х50; Цвет: серый; Материал: велюр
3108,4099,s5_189,,Мебель,3470,Подставка медь,Тип товара: Подставка; Цвет: медь
3109,4100,s5_190,,Мебель,33500,"Кровать Аделина 160х200 тёмно-серая экокожа двуспальная, подъёмным механизмом","Тип товара: Кровать; Наименование: Аделина; Габариты: 160х200; Цвет: тёмно-серая; Материал: экокожа; Особенности: двуспальная, подъёмным механизмом"
3110,4101,s5_191,,Мебель,38900,Беговая дорожка чёрный складной,Тип товара: Беговая дорожка; Цвет: чёрный; Особенности: складной
3111,4102,s5_192,,Мебель,2400,Пуф 40 см изумрудный велюр круглый,Тип товара: Пуф; Габариты: 40 см; Цвет: изумрудный; Материал: велюр; Особенности: круглый
3112,4103,s5_193,,Мебель,19400,Кресло бежевый подвесное,Тип товара: Кресло; Цвет: бежевый; Особенности: подвесное
3113,4104,s5_194,,Мебель,6900,Кровать 90х200 складной,Тип товара: Кровать; Габариты: 90х200; Особенности: складной
3114,4105,s5_195,,Мебель,11410,Комод беленый дуб,Тип товара: Комод; Цвет: беленый дуб
3115,4106,s5_196,,Мебель,15600,Кровать 80х170 красно-чёрный детский,Тип товара: Кровать; Габариты: 80х170; Цвет: красно-чёрный; Особенности: детский
3116,4107,s5_197,,Мебель,5800,Шезлонг коричневый ротанг складной,Тип товара: Шезлонг; Цвет: коричневый; Материал: ротанг; Особенности: складной
3117,4108,s5_198,,Мебель,11900,Кресло серый ротанг,Тип товара: Кресло; Цвет: серый; Материал: ротанг
3118,4109,s5_199,,Мебель,31400,Кресло коричневый ротанг подвесной,Тип товара: Кресло; Цвет: коричневый; Материал: ротанг; Особенности: подвесной
3119,4110,s5_200,,Мебель,26460,"Кровать 160х200 белый раздвижной, трансформер","Тип товара: Кровать; Габариты: 160х200; Цвет: белый; Особенности: раздвижной, трансформер"
3120,4111,s5_201,,Мебель,6700,"Пуф 3 шт, модульные","Тип товара: Пуф; Особенности: 3 шт, модульные"
3121,4112,s5_202,,Мебель,6400,Стеллаж белый с яркими,Тип товара: Стеллаж; Цвет: белый с яркими
3122,4113,s5_203,,Мебель,68900,Диван 220 см коричневая экокожа электрорегулировкой,Тип товара: Диван; Габариты: 220 см; Цвет: коричневая; Материал: экокожа; Особенности: электрорегулировкой
3123,4114,s5_204,,Мебель,7700,"Кроватка белый для новорождённого, с маятником","Тип товара: Кроватка; Цвет: белый; Особенности: для новорождённого, с маятником"
3124,4115,s5_205,,Мебель,5900,Стол 120х70 белый прямоугольный,Тип товара: Стол; Габариты: 120х70; Цвет: белый; Особенности: прямоугольный
3125,4116,s5_206,,Мебель,3400,"Корзина 60 см бежевая для белья, с крышкой, высокий","Тип товара: Корзина; Габариты: 60 см; Цвет: бежевая; Особенности: для белья, с крышкой, высокий"
3126,4117,s5_207,,Мебель,19400,Кровать-чердак 80х170 белая с розовым балдахином,Тип товара: Кровать-чердак; Габариты: 80х170; Цвет: белая с розовым; Особенности: балдахином
3127,4118,s5_208,,Мебель,14500,Кресло-кровать Аккорд серый велюр раскладное,Тип товара: Кресло-кровать; Наименование: Аккорд; Цвет: серый; Материал: велюр; Особенности: раскладное
3128,4119,s5_209,,Мебель,6400,Ящик белый дерево,Тип товара: Ящик; Цвет: белый; Материал: дерево
3129,4120,s5_210,,Мебель,26780,Шкаф кремовый с патиной резными,Тип товара: Шкаф; Цвет: кремовый с патиной; Особенности: резными
3130,4121,s5_211,,Мебель,31500,"Балдахин 160х200 белый прованс двуспальная, балдахином","Тип товара: Балдахин; Габариты: 160х200; Цвет: белый прованс; Особенности: двуспальная, балдахином"
3131,4122,s5_212,,Мебель,14400,"Туалетный столик белый для макияжа, led","Тип товара: Туалетный столик; Цвет: белый; Особенности: для макияжа, led"
3132,4123,s5_213,,Мебель,5400,Тумба 45х40х75 светлый дуб,Тип товара: Тумба; Габариты: 45х40х75; Цвет: светлый дуб
3133,4124,s5_214,,Мебель,11470,Кухонный шкаф белый с дубом высокий,Тип товара: Кухонный шкаф; Цвет: белый с дубом; Особенности: высокий
3134,4125,s5_215,,Мебель,1850,Корзина тёмно-серый складной,Тип товара: Корзина; Цвет: тёмно-серый; Особенности: складной
3135,4126,s5_216,,Мебель,3100,Прикроватная тумба дуб сонома,Тип товара: Прикроватная тумба; Цвет: дуб сонома
3136,4127,s5_217,,Мебель,1750,"Корзина бежевая для хранения, с крышкой","Тип товара: Корзина; Цвет: бежевая; Особенности: для хранения, с крышкой"
3137,4128,s5_218,,Мебель,17800,"Кровать 90х200 чёрная для подростка, USB-портами, с подсветкой","Тип товара: Кровать; Габариты: 90х200; Цвет: чёрная; Особенности: для подростка, USB-портами, с подсветкой"
3138,4129,s5_219,,Мебель,26700,"Кровать 160х200 серая рогожка, ткань с ящиками, двуспальная","Тип товара: Кровать; Габариты: 160х200; Цвет: серая; Материал: рогожка, ткань; Особенности: с ящиками, двуспальная"
3139,4130,s5_220,,Мебель,33400,"Кушетка тёмно-серая рогожка двухъярусная, раскладным","Тип товара: Кушетка; Цвет: тёмно-серая; Материал: рогожка; Особенности: двухъярусная, раскладным"
3140,4131,s5_221,,Мебель,7800,Стеллаж 4х4 для детской,Тип товара: Стеллаж; Габариты: 4х4; Особенности: для детской
3141,4132,s5_222,,Мебель,2700,Подставка чёрная,Тип товара: Подставка; Цвет: чёрная
3142,4133,s5_223,,Мебель,14200,"Кровать 120х200 графит с ящиками, двуспальная, подростковый","Тип товара: Кровать; Габариты: 120х200; Цвет: графит; Особенности: с ящиками, двуспальная, подростковый"
3143,4134,s5_224,,Мебель,11200,Кроватка 80х160 белый,Тип товара: Кроватка; Габариты: 80х160; Цвет: белый
3144,4135,s5_225,,Мебель,19450,Кушетка 180 см изумрудный велюр с подушками,Тип товара: Кушетка; Габариты: 180 см; Цвет: изумрудный; Материал: велюр; Особенности: с подушками
3145,4136,s5_226,,Мебель,8900,Стол 160 см дуб сонома подростков,Тип товара: Стол; Габариты: 160 см; Цвет: дуб сонома; Особенности: подростков
3146,4137,s5_227,,Мебель,2200,Кронштейн белый подвесных,Тип товара: Кронштейн; Цвет: белый; Особенности: подвесных
3147,4138,s5_228,,Мебель,5790,Комод тёмное дерево с патиной дерево для прихожей,Тип товара: Комод; Цвет: тёмное дерево с патиной; Материал: дерево; Особенности: для прихожей
3148,4139,s5_229,,Мебель,2200,Бра дерево ткань,Тип товара: Бра; Цвет: дерево; Материал: ткань
3149,4140,s5_230,,Мебель,19800,Двухъярусная кровать ольха для двоих детей,Тип товара: Двухъярусная кровать; Цвет: ольха; Особенности: для двоих детей
3150,4141,s5_231,,Мебель,850,Подушка 40х40 бежевая с принтом кота смешного 40 на 40,Тип товара: Подушка; Габариты: 40х40; Цвет: бежевая; Особенности: с принтом кота смешного 40 на 40
3151,4142,s5_232,,Мебель,14200,Кресло Кокон горчичный,Тип товара: Кресло; Наименование: Кокон; Цвет: горчичный
3152,4143,s5_233,,Мебель,13960,"Кресло пыльно-розовый велюр, дерево","Тип товара: Кресло; Цвет: пыльно-розовый; Материал: велюр, дерево"
3153,4144,s5_234,,Мебель,26400,Кухонный уголок бежевый угловым,Тип товара: Кухонный уголок; Цвет: бежевый; Особенности: угловым
3154,4145,s5_235,,Мебель,3800,Корзина джут для хранения,Тип товара: Корзина; Материал: джут; Особенности: для хранения
3155,4146,s5_236,,Мебель,3700,Пуф 60 см графитовый,Тип товара: Пуф; Габариты: 60 см; Цвет: графитовый
3156,4147,s5_237,,Мебель,5400,"Кресло розовая ткань детское, компьютерный","Тип товара: Кресло; Цвет: розовая; Материал: ткань; Особенности: детское, компьютерный"
3157,4148,s5_238,,Мебель,19400,"Кресло металл для гостиной, подвесное","Тип товара: Кресло; Материал: металл; Особенности: для гостиной, подвесное"
3158,4149,s5_239,,Мебель,4400,Банкетка 90 см бежевая складной,Тип товара: Банкетка; Габариты: 90 см; Цвет: бежевая; Особенности: складной
3159,4150,s5_240,,Мебель,5200,"Барный стул 2 шт, барные","Тип товара: Барный стул; Особенности: 2 шт, барные"
3160,4151,s5_241,,Мебель,5700,Домик-палатка белый,Тип товара: Домик-палатка; Цвет: белый
3161,4152,s5_242,,Мебель,3160,Стол 70х40 белый со складными ножками складными,Тип товара: Стол; Габариты: 70х40; Цвет: белый со складными ножками; Особенности: складными
3162,4153,s5_243,,Мебель,9800,Кресло орех дерево классический,Тип товара: Кресло; Цвет: орех; Материал: дерево; Особенности: классический
3163,4154,s5_244,,Мебель,25400,Кухонный уголок Кантри бежевый с белым цветочная обивка,Тип товара: Кухонный уголок; Наименование: Кантри; Цвет: бежевый с белым; Особенности: цветочная обивка
3164,4155,s5_245,,Мебель,6420,Журнальный столик чёрный с золотыми ножками 2 шт,Тип товара: Журнальный столик; Цвет: чёрный с золотыми ножками; Особенности: 2 шт
3165,4156,s5_246,,Мебель,2900,Гамак разноцветная полоска ткань подвесной,Тип товара: Гамак; Цвет: разноцветная полоска; Материал: ткань; Особенности: подвесной
3166,4157,s5_247,,Мебель,6700,"Письменный стол 100х100 белый для маленькой комнаты, угловой","Тип товара: Письменный стол; Габариты: 100х100; Цвет: белый; Особенности: для маленькой комнаты, угловой"
3167,4158,s5_248,,Мебель,18700,Туалетный столик белый матовый матовый,Тип товара: Туалетный столик; Цвет: белый матовый; Особенности: матовый
3168,4159,s5_249,,Мебель,4400,Гладильная доска бежевая,Тип товара: Гладильная доска; Цвет: бежевая
3169,4160,s5_250,,Мебель,13710,Стол 110 см натуральный круглый,Тип товара: Стол; Габариты: 110 см; Цвет: натуральный; Особенности: круглый
3170,4161,s5_251,,Мебель,5400,Стол 120х40 дуб сонома барная,Тип товара: Стол; Габариты: 120х40; Цвет: дуб сонома; Особенности: барная
3171,4162,s5_252,,Мебель,16470,Кровать 80х170 красная детский,Тип товара: Кровать; Габариты: 80х170; Цвет: красная; Особенности: детский
3172,4163,s5_253,,Мебель,17400,Кровать 80х170 синяя гоночная с подсветкой,Тип товара: Кровать; Габариты: 80х170; Цвет: синяя гоночная; Особенности: с подсветкой
3173,4164,s5_254,,Мебель,19620,Симпатичный серый велюр круглым,Тип товара: Симпатичный; Цвет: серый; Материал: велюр; Особенности: круглым
3174,4165,s5_255,,Мебель,9400,"Гамак полосатая бежевая с белым ткань, металл с навесом","Тип товара: Гамак; Цвет: полосатая бежевая с белым; Материал: ткань, металл; Особенности: с навесом"
3175,4166,s5_256,,Мебель,4200,Шезлонг синий в полоску складное,Тип товара: Шезлонг; Цвет: синий в полоску; Особенности: складное
3176,4167,s5_257,,Мебель,7400,Гамак ткань подвесной,Тип товара: Гамак; Материал: ткань; Особенности: подвесной
3177,4168,s5_258,,Мебель,14790,"Стол 170 см беленый дуб раздвижной, круглый","Тип товара: Стол; Габариты: 170 см; Цвет: беленый дуб; Особенности: раздвижной, круглый"
3178,4169,s5_259,,Мебель,12400,"Туалетный столик белый с зеркалом, угловой","Тип товара: Туалетный столик; Цвет: белый; Особенности: с зеркалом, угловой"
3179,4170,s5_260,,Мебель,2860,"Зеркало розовое золото настенное, с короной","Тип товара: Зеркало; Цвет: розовое золото; Особенности: настенное, с короной"
3180,4171,s5_261,,Мебель,1950,Кровать-чердак розовый ткань балдахин,Тип товара: Кровать-чердак; Цвет: розовый; Материал: ткань; Особенности: балдахин
3181,4172,s5_262,,Мебель,3800,Стол 90х30 белый для прихожей,Тип товара: Стол; Габариты: 90х30; Цвет: белый; Особенности: для прихожей
3182,4173,s5_263,,Мебель,6900,Тумба белый дуб бежевый,Тип товара: Тумба; Цвет: белый дуб бежевый
3183,4174,s5_264,,Мебель,3470,Подставка белый,Тип товара: Подставка; Цвет: белый
3184,4175,s5_265,,Мебель,7890,Столик чёрный с золотом на колёсиках,Тип товара: Столик; Цвет: чёрный с золотом; Особенности: на колёсиках
3185,4176,s5_266,,Мебель,5400,Стул белый металл металл складной,Тип товара: Стул; Цвет: белый металл; Материал: металл; Особенности: складной
3186,4177,s5_267,,Мебель,48740,"Кресло коричневая экокожа электроприводом, подогревом, реклайнер","Тип товара: Кресло; Цвет: коричневая; Материал: экокожа; Особенности: электроприводом, подогревом, реклайнер"
3187,4178,s5_268,,Мебель,6800,Торшер чёрный,Тип товара: Торшер; Цвет: чёрный
3188,4179,s5_269,,Мебель,5700,Гладильная доска 130х40 белая с серым,Тип товара: Гладильная доска; Габариты: 130х40; Цвет: белая с серым
3189,4180,s5_270,,Мебель,7200,Кроватка белая для новорождённого,Тип товара: Кроватка; Цвет: белая; Особенности: для новорождённого
3190,4181,s5_271,,Мебель,7360,"Стеллаж натуральная сосна сосна, керамика для книг, угловой, низкий, японский","Тип товара: Стеллаж; Цвет: натуральная сосна; Материал: сосна, керамика; Особенности: для книг, угловой, низкий, японский"
3191,4182,s5_272,,Мебель,5400,Пуф 100 см молочный плюш модульный,Тип товара: Пуф; Габариты: 100 см; Цвет: молочный; Материал: плюш; Особенности: модульный
3192,4183,s5_273,,Мебель,1450,Подушка 50 см бежевый лён,Тип товара: Подушка; Габариты: 50 см; Цвет: бежевый; Материал: лён
3193,4184,s5_274,,Мебель,7200,Стеллаж белый детскую,Тип товара: Стеллаж; Цвет: белый; Особенности: детскую
3194,4185,s5_275,,Мебель,2710,Пуф 50 см кремовый круглый,Тип товара: Пуф; Габариты: 50 см; Цвет: кремовый; Особенности: круглый
3195,4186,s5_276,,Мебель,9720,Стол 120 см чёрный с фиолетовым с подсветкой,Тип товара: Стол; Габариты: 120 см; Цвет: чёрный с фиолетовым; Особенности: с подсветкой
3196,4187,s5_277,,Мебель,6200,Тумба 120 см белый глянец,Тип товара: Тумба; Габариты: 120 см; Цвет: белый; Особенности: глянец
3197,4188,s5_278,,Мебель,5900,Зеркало золото,Тип товара: Зеркало; Цвет: золото
3198,4189,s5_279,,Мебель,5470,Банкетка 140 см пыльно-розовый велюр для спальни,Тип товара: Банкетка; Габариты: 140 см; Цвет: пыльно-розовый; Материал: велюр; Особенности: для спальни
3199,4190,s5_280,,Мебель,4400,Гладильная доска бежевая,Тип товара: Гладильная доска; Цвет: бежевая
3200,4191,s5_281,,Мебель,9700,Шкаф 80 см дуб сонома,Тип товара: Шкаф; Габариты: 80 см; Цвет: дуб сонома
3201,4192,s5_282,,Мебель,18910,"Изголовье 160х200 чёрный матовый металл матовый, лофт","Тип товара: Изголовье; Габариты: 160х200; Цвет: чёрный матовый; Материал: металл; Особенности: матовый, лофт"
3202,4193,s5_283,,Мебель,7800,Шкаф 70 см белый с подсветкой,Тип товара: Шкаф; Габариты: 70 см; Цвет: белый; Особенности: с подсветкой
3203,4194,s5_284,,Мебель,15700,Велотренажёр чёрный,Тип товара: Велотренажёр; Цвет: чёрный
3204,4195,s5_285,,Мебель,24680,"Диван 200 см изумрудный велюр с подушками, низкий","Тип товара: Диван; Габариты: 200 см; Цвет: изумрудный; Материал: велюр; Особенности: с подушками, низкий"
3205,4196,s5_286,,Мебель,2420,Журнальный столик бук складными,Тип товара: Журнальный столик; Цвет: бук; Особенности: складными
3206,4197,s5_287,,Мебель,34900,Кровать 140х200 венге,Тип товара: Кровать; Габариты: 140х200; Цвет: венге
3207,4198,s5_288,,Мебель,13500,Кресло подвесное,Тип товара: Кресло; Особенности: подвесное
3208,4199,s5_289,,Мебель,8400,Шезлонг белый с синим на колёсиках,Тип товара: Шезлонг; Цвет: белый с синим; Особенности: на колёсиках
3209,4200,s5_290,,Мебель,24800,"Кровать-чердак 90х200 ольха светлая с лестницей-комодом, угловой","Тип товара: Кровать-чердак; Габариты: 90х200; Цвет: ольха светлая; Особенности: с лестницей-комодом, угловой"
3210,4201,s5_291,,Мебель,3200,Органайзер белый с розовым настольный,Тип товара: Органайзер; Цвет: белый с розовым; Особенности: настольный
3211,4202,s5_292,,Мебель,17400,Велотренажёр белый,Тип товара: Велотренажёр; Цвет: белый
3212,4203,s5_293,,Мебель,3910,Подушка шоколад прямоугольная,Тип товара: Подушка; Цвет: шоколад; Особенности: прямоугольная
3213,4204,s5_294,,Мебель,19800,Стул сосна раскладная,Тип товара: Стул; Материал: сосна; Особенности: раскладная
3214,4205,s5_295,,Мебель,24890,Прихожая дуб сонома,Тип товара: Прихожая; Цвет: дуб сонома
3215,4206,s5_296,,Мебель,2870,"Тумба белый матовый USB-разъёмами, подвесная, матовый","Тип товара: Тумба; Цвет: белый матовый; Особенности: USB-разъёмами, подвесная, матовый"
3216,4207,s5_297,,Мебель,9700,Шезлонг коричневый ротанг,Тип товара: Шезлонг; Цвет: коричневый; Материал: ротанг
3217,4208,s5_298,,Мебель,3720,Вешалка чёрный матовый матовый,Тип товара: Вешалка; Цвет: чёрный матовый; Особенности: матовый
3218,4209,s5_299,,Мебель,2150,Кресло-мешок ярко-зелёный для детской,Тип товара: Кресло-мешок; Цвет: ярко-зелёный; Особенности: для детской
3219,4210,s5_300,,Мебель,39820,Кровать 200 см серебристый круглым,Тип товара: Кровать; Габариты: 200 см; Цвет: серебристый; Особенности: круглым
3220,4211,s5_301,,Мебель,6400,Кровать,Тип товара: Кровать
3221,4212,s5_302,,Мебель,1810,Кровать молочный для кошки,Тип товара: Кровать; Цвет: молочный; Особенности: для кошки
3222,4213,s5_303,,Мебель,13800,Кресло серый велюр,Тип товара: Кресло; Цвет: серый; Материал: велюр
3223,4214,s5_304,,Мебель,1640,Полка дерево настенная,Тип товара: Полка; Материал: дерево; Особенности: настенная
3224,4215,s5_305,,Мебель,5400,Стол 90х90 складной,Тип товара: Стол; Габариты: 90х90; Особенности: складной
3225,4216,s5_306,,Мебель,4900,Плед 180х220 пыльно-розовый,Тип товара: Плед; Габариты: 180х220; Цвет: пыльно-розовый
3226,4217,s5_307,,Мебель,2460,Корзина для хранения,Тип товара: Корзина; Особенности: для хранения
3227,4218,s5_308,,Мебель,19800,"Диван Мини 180 см бежевая рогожка еврокнижка, компактный","Тип товара: Диван; Наименование: Мини; Габариты: 180 см; Цвет: бежевая; Материал: рогожка; Особенности: еврокнижка, компактный"
3228,4219,s5_309,,Мебель,21400,"Эллиптический тренажёр белый матовый складной, матовый","Тип товара: Эллиптический тренажёр; Цвет: белый матовый; Особенности: складной, матовый"
3229,4220,s5_310,,Мебель,38940,Гарнитур белый с золотом классический,Тип товара: Гарнитур; Цвет: белый с золотом; Особенности: классический
3230,4221,s5_311,,Мебель,9700,Тумба 180 см дуб сонома с ящиками,Тип товара: Тумба; Габариты: 180 см; Цвет: дуб сонома; Особенности: с ящиками
3231,4222,s5_312,,Мебель,14920,"Шкаф Принцесса розово-белый с принтом с волшебным замком, волшебный замок","Тип товара: Шкаф; Наименование: Принцесса; Цвет: розово-белый; Особенности: с принтом с волшебным замком, волшебный замок"
3232,4223,s5_313,,Мебель,28900,"Кровать 180х200 белый с ортопедическим основанием, двуспальная","Тип товара: Кровать; Габариты: 180х200; Цвет: белый; Особенности: с ортопедическим основанием, двуспальная"
3233,4224,s5_314,,Мебель,23800,Кухонный уголок горчичный велюр круглой,Тип товара: Кухонный уголок; Цвет: горчичный; Материал: велюр; Особенности: круглой
3234,4225,s5_315,,Мебель,2700,Бра дерево,Тип товара: Бра; Материал: дерево
3235,4226,s5_316,,Мебель,17400,"Велотренажёр белый матовый матовый, магнитный","Тип товара: Велотренажёр; Цвет: белый матовый; Особенности: матовый, магнитный"
3236,4227,s5_317,,Мебель,9700,"Стол 140 см белый для подростка, с подсветкой, led","Тип товара: Стол; Габариты: 140 см; Цвет: белый; Особенности: для подростка, с подсветкой, led"
3237,4228,s5_318,,Мебель,4400,Корзина натуральный бежевый для белья,Тип товара: Корзина; Цвет: натуральный бежевый; Особенности: для белья
3238,4229,s5_319,,Мебель,2150,Стойка орех дерево настольный,Тип товара: Стойка; Цвет: орех; Материал: дерево; Особенности: настольный
3239,4230,s5_320,,Мебель,5700,"Пуф Облако 80х80 белый плюш для детской, модульный","Тип товара: Пуф; Наименование: Облако; Габариты: 80х80; Цвет: белый; Материал: плюш; Особенности: для детской, модульный"
3240,4231,s5_321,,Мебель,13700,Изголовье 90х200 серый велюр двуспальная,Тип товара: Изголовье; Габариты: 90х200; Цвет: серый; Материал: велюр; Особенности: двуспальная
3241,4232,s5_322,,Мебель,1900,"Кровать серый на колёсиках, прозрачной","Тип товара: Кровать; Цвет: серый; Особенности: на колёсиках, прозрачной"
3242,4233,s5_323,,Мебель,1450,"Кронштейн чёрный подвесных, настенный","Тип товара: Кронштейн; Цвет: чёрный; Особенности: подвесных, настенный"
3243,4234,s5_324,,Мебель,9800,Кровать 70х190 белая,Тип товара: Кровать; Габариты: 70х190; Цвет: белая
3244,4235,s5_325,,Мебель,9800,Кресло коричневый,Тип товара: Кресло; Цвет: коричневый
3245,4236,s5_326,,Мебель,6800,Стеллаж белый с серым ткань для хранения,Тип товара: Стеллаж; Цвет: белый с серым; Материал: ткань; Особенности: для хранения
3246,4237,s5_327,,Мебель,9890,Горка 130 см розовый с белым складной,Тип товара: Горка; Габариты: 130 см; Цвет: розовый с белым; Особенности: складной
3247,4238,s5_328,,Мебель,4900,Столик бук настенный,Тип товара: Столик; Цвет: бук; Особенности: настенный
3248,4239,s5_329,,Мебель,5800,Стол 90х90 белый угловой,Тип товара: Стол; Габариты: 90х90; Цвет: белый; Особенности: угловой
3249,4240,s5_330,,Мебель,6700,Качели подвесные,Тип товара: Качели; Особенности: подвесные
3250,4241,s5_331,,Мебель,9700,Стенка берёза,Тип товара: Стенка; Цвет: берёза
3251,4242,s5_332,,Мебель,2900,Пуф бежевый лён квадратный,Тип товара: Пуф; Цвет: бежевый; Материал: лён; Особенности: квадратный
3252,4243,s5_333,,Мебель,2900,Корзина 3 шт,Тип товара: Корзина; Особенности: 3 шт
3253,4244,s5_334,,Мебель,4200,"Гладильная доска белый настенная, компактная, складной","Тип товара: Гладильная доска; Цвет: белый; Особенности: настенная, компактная, складной"
3254,4245,s5_335,,Мебель,14200,Кровать 80х160 синяя с жёлтым,Тип товара: Кровать; Габариты: 80х160; Цвет: синяя с жёлтым
3255,4246,s5_336,,Мебель,13900,Кресло рогожка рогожка,Тип товара: Кресло; Цвет: рогожка; Материал: рогожка
3256,4247,s5_337,,Мебель,3700,Гладильная доска серая обивка складной,Тип товара: Гладильная доска; Цвет: серая обивка; Особенности: складной
3257,4248,s5_338,,Мебель,9880,Комод белый с золотом резными,Тип товара: Комод; Цвет: белый с золотом; Особенности: резными
3258,4249,s5_339,,Мебель,14800,Ящик 90х200 графит велюр с ящиками,Тип товара: Ящик; Габариты: 90х200; Цвет: графит; Материал: велюр; Особенности: с ящиками
3259,4250,s5_340,,Мебель,2960,Балдахин зелёный с белым с принтом листьев и обезьян,Тип товара: Балдахин; Цвет: зелёный с белым; Особенности: с принтом листьев и обезьян
3260,4251,s5_341,,Мебель,4900,"Журнальный столик 60 см металл, стекло круглый","Тип товара: Журнальный столик; Габариты: 60 см; Материал: металл, стекло; Особенности: круглый"
3261,4252,s5_342,,Мебель,26800,Диван-кровать 160 см бежевая ткань прямой,Тип товара: Диван-кровать; Габариты: 160 см; Цвет: бежевая; Материал: ткань; Особенности: прямой
3262,4253,s5_343,,Мебель,4100,"Корзина ротанг бежевый ротанг для белья, на ножках","Тип товара: Корзина; Цвет: ротанг бежевый; Материал: ротанг; Особенности: для белья, на ножках"
3263,4254,s5_344,,Мебель,19580,Стол 180х90 медовый,Тип товара: Стол; Габариты: 180х90; Цвет: медовый
3264,4255,s5_345,,Мебель,22400,Кровать 140х200 пыльно-розовая велюр для белья,Тип товара: Кровать; Габариты: 140х200; Цвет: пыльно-розовая; Материал: велюр; Особенности: для белья
3265,4256,s5_346,,Мебель,27400,"Кухонный уголок серый велюр велюр высокой, круглым","Тип товара: Кухонный уголок; Цвет: серый велюр; Материал: велюр; Особенности: высокой, круглым"
3266,4257,s5_347,,Мебель,2400,Пуф 50 см молочный плюш модульный,Тип товара: Пуф; Габариты: 50 см; Цвет: молочный; Материал: плюш; Особенности: модульный
3267,4258,s5_348,,Мебель,19870,"Столик тёмное дерево низкий, японский, подогревом","Тип товара: Столик; Цвет: тёмное дерево; Особенности: низкий, японский, подогревом"
3268,4259,s5_349,,Мебель,1850,"Стул 2 штуки, складные","Тип товара: Стул; Особенности: 2 штуки, складные"
3269,4260,s5_350,,Мебель,13900,"Туалетный столик белый с пуфом, led-подсветка","Тип товара: Туалетный столик; Цвет: белый; Особенности: с пуфом, led-подсветка"
3270,4261,s5_351,,Мебель,1550,"Лампа чёрный USB, с диммером, настольный","Тип товара: Лампа; Цвет: чёрный; Особенности: USB, с диммером, настольный"
3271,4262,s5_352,,Мебель,11800,"Кроватка белый для новорождённого, трансформер","Тип товара: Кроватка; Цвет: белый; Особенности: для новорождённого, трансформер"
3272,4263,s5_353,,Мебель,14620,"Кресло терракотовый велюр с подушкой, на ножках","Тип товара: Кресло; Цвет: терракотовый; Материал: велюр; Особенности: с подушкой, на ножках"
3273,4264,s5_354,,Мебель,5460,Стеллаж серый для кошки,Тип товара: Стеллаж; Цвет: серый; Особенности: для кошки
3274,4265,s5_355,,Мебель,3200,Столик орех дерево складной,Тип товара: Столик; Цвет: орех; Материал: дерево; Особенности: складной
3275,4266,s5_356,,Мебель,4700,Спальный мешок синий,Тип товара: Спальный мешок; Цвет: синий
3276,4267,s5_357,,Мебель,31460,"Кровать белый матовый с подсветкой, двуспальная, матовый, подсветка по периметру","Тип товара: Кровать; Цвет: белый матовый; Особенности: с подсветкой, двуспальная, матовый, подсветка по периметру"
3277,4268,s5_358,,Мебель,1740,"Подушка красный велюр 2 шт, с принтом цветов","Тип товара: Подушка; Цвет: красный; Материал: велюр; Особенности: 2 шт, с принтом цветов"
3278,4269,s5_359,,Мебель,5800,Стеллаж,Тип товара: Стеллаж
3279,4270,s5_360,,Мебель,18900,Туалетный столик белый с зеркалом,Тип товара: Туалетный столик; Цвет: белый; Особенности: с зеркалом
3280,4271,s5_361,,Мебель,4200,"Корзина бежевый ротанг ткань, ротанг для белья","Тип товара: Корзина; Цвет: бежевый ротанг; Материал: ткань, ротанг; Особенности: для белья"
3281,4272,s5_362,,Мебель,15910,Туалетный столик слоновая кость,Тип товара: Туалетный столик; Цвет: слоновая кость
3282,4273,s5_363,,Мебель,57400,"Диван Малибу серая рогожка еврокнижка, угловой","Тип товара: Диван; Наименование: Малибу; Цвет: серая; Материал: рогожка; Особенности: еврокнижка, угловой"
3283,4274,s5_364,,Мебель,1750,Гирлянда 2х3 м белый,Тип товара: Гирлянда; Габариты: 2х3 м; Цвет: белый
3284,4275,s5_365,,Мебель,22400,"Кровать Орхидея 160х200 белый для белья, с ящиками, двуспальная","Тип товара: Кровать; Наименование: Орхидея; Габариты: 160х200; Цвет: белый; Особенности: для белья, с ящиками, двуспальная"
3285,4276,s5_366,,Мебель,3400,Стол 90х60 белый,Тип товара: Стол; Габариты: 90х60; Цвет: белый
3286,4277,s5_367,,Мебель,33800,Кухонный уголок серый велюр,Тип товара: Кухонный уголок; Цвет: серый; Материал: велюр
3287,4278,s5_368,,Мебель,19860,"Стул изумрудный велюр 6 шт, с высокой спинкой","Тип товара: Стул; Цвет: изумрудный; Материал: велюр; Особенности: 6 шт, с высокой спинкой"
3288,4279,s5_369,,Мебель,2900,"Корзина натуральный для хранения, с крышкой","Тип товара: Корзина; Цвет: натуральный; Особенности: для хранения, с крышкой"
3289,4280,s5_370,,Мебель,3700,Прикроватный столик белый,Тип товара: Прикроватный столик; Цвет: белый
3290,4281,s5_371,,Мебель,2100,Подставка чёрный металл,Тип товара: Подставка; Цвет: чёрный; Материал: металл
3291,4282,s5_372,,Мебель,7240,Журнальный столик 70 см серый мрамор,Тип товара: Журнальный столик; Габариты: 70 см; Цвет: серый мрамор
3292,4283,s5_373,,Мебель,15400,Шкаф светлый дуб с белым 2-дверный,Тип товара: Шкаф; Цвет: светлый дуб с белым; Особенности: 2-дверный
3293,4284,s5_374,,Мебель,2700,"Хлебница светлый бамбук бамбук, дерево","Тип товара: Хлебница; Цвет: светлый бамбук; Материал: бамбук, дерево"
3294,4285,s5_375,,Мебель,19450,Кушетка 180 см горчичный велюр с подушками,Тип товара: Кушетка; Габариты: 180 см; Цвет: горчичный; Материал: велюр; Особенности: с подушками
3295,4286,s5_376,,Мебель,6400,"Кроватка натуральная берёза для новорождённого, с маятником, классический","Тип товара: Кроватка; Цвет: натуральная берёза; Особенности: для новорождённого, с маятником, классический"
3296,4287,s5_377,,Мебель,22400,"Кровать Орхидея 160х200 венге для белья, с ящиками, двуспальная","Тип товара: Кровать; Наименование: Орхидея; Габариты: 160х200; Цвет: венге; Особенности: для белья, с ящиками, двуспальная"
3297,4288,s5_378,,Мебель,15400,Кровать 80х170,Тип товара: Кровать; Габариты: 80х170
3298,4289,s5_379,,Мебель,7350,Письменный стол Эвелина 110 см ясень шимо,Тип товара: Письменный стол; Наименование: Эвелина; Габариты: 110 см; Цвет: ясень шимо
3299,4290,s5_380,,Мебель,14640,Изголовье 220 см тёмно-синий велюр,Тип товара: Изголовье; Габариты: 220 см; Цвет: тёмно-синий; Материал: велюр
3300,4291,s5_381,,Мебель,46810,"Ящик горчичный велюр с ящиками, угловое","Тип товара: Ящик; Цвет: горчичный; Материал: велюр; Особенности: с ящиками, угловое"
3301,4292,s5_382,,Мебель,30400,Кресло металл подвесное,Тип товара: Кресло; Материал: металл; Особенности: подвесное
3302,4293,s5_383,,Мебель,7490,"Мини-батут 100 см розовый детский, домашний","Тип товара: Мини-батут; Габариты: 100 см; Цвет: розовый; Особенности: детский, домашний"
3303,4294,s5_384,,Мебель,1850,Стул голубой детский,Тип товара: Стул; Цвет: голубой; Особенности: детский
3304,4295,s5_385,,Мебель,2700,"Подставка для книг, настенная, в виде дерева","Тип товара: Подставка; Особенности: для книг, настенная, в виде дерева"
3305,4296,s5_386,,Мебель,3450,Журнальный столик 80х50 дуб сонома,Тип товара: Журнальный столик; Габариты: 80х50; Цвет: дуб сонома
3306,4297,s5_387,,Мебель,9700,Кровать 90х210 дуб сонома высокого,Тип товара: Кровать; Габариты: 90х210; Цвет: дуб сонома; Особенности: высокого
3307,4298,s5_388,,Мебель,11400,Изголовье 180 см белое,Тип товара: Изголовье; Габариты: 180 см; Цвет: белое
3308,4299,s5_389,,Мебель,12400,Тренажёр чёрный складной,Тип товара: Тренажёр; Цвет: чёрный; Особенности: складной
3309,4300,s5_390,,Мебель,7210,Стол золото с белым на колёсиках,Тип товара: Стол; Цвет: золото с белым; Особенности: на колёсиках
3310,4301,s5_391,,Мебель,7280,"Стеллаж 80х30 чёрный с дубом металл, дерево лофт","Тип товара: Стеллаж; Габариты: 80х30; Цвет: чёрный с дубом; Материал: металл, дерево; Особенности: лофт"
3311,4302,s5_392,,Мебель,1850,Балдахин голубой детскую,Тип товара: Балдахин; Цвет: голубой; Особенности: детскую
3312,4303,s5_393,,Мебель,2400,"Сушилка хром металл для белья, раздвижной","Тип товара: Сушилка; Цвет: хром; Материал: металл; Особенности: для белья, раздвижной"
3313,4304,s5_394,,Мебель,3700,Прикроватная тумба белый USB-розеткой,Тип товара: Прикроватная тумба; Цвет: белый; Особенности: USB-розеткой
3314,4305,s5_395,,Мебель,16400,Кровать-домик 90х200 розовый балдахином,Тип товара: Кровать-домик; Габариты: 90х200; Цвет: розовый; Особенности: балдахином
3315,4306,s5_396,,Мебель,2900,Бра чёрный с медью,Тип товара: Бра; Цвет: чёрный с медью
3316,4307,s5_397,,Мебель,5490,Столик белый с дубом на колёсиках,Тип товара: Столик; Цвет: белый с дубом; Особенности: на колёсиках
3317,4308,s5_398,,Мебель,3450,Кровать синяя,Тип товара: Кровать; Цвет: синяя
3318,4309,s5_399,,Мебель,5440,"Прикроватный столик светлое дерево для пожилых, подъёмным механизмом","Тип товара: Прикроватный столик; Цвет: светлое дерево; Особенности: для пожилых, подъёмным механизмом"
3319,4310,s5_400,,Мебель,1450,Шкаф серая ткань подвесной,Тип товара: Шкаф; Цвет: серая; Материал: ткань; Особенности: подвесной
3320,4311,s5_401,,Мебель,2100,Ковёр 80х150 молочный,Тип товара: Ковёр; Габариты: 80х150; Цвет: молочный
3321,4312,s5_402,,Мебель,13700,"Туалетный столик дуб сонома с откидным зеркалом, led-подсветкой","Тип товара: Туалетный столик; Цвет: дуб сонома; Особенности: с откидным зеркалом, led-подсветкой"
3322,4313,s5_403,,Мебель,8700,Навес 3х4 тёмно-зелёный для дачи,Тип товара: Навес; Габариты: 3х4; Цвет: тёмно-зелёный; Особенности: для дачи
3323,4314,s5_404,,Мебель,9300,"Стол 160 см белый раскладной, трансформер","Тип товара: Стол; Габариты: 160 см; Цвет: белый; Особенности: раскладной, трансформер"
3324,4315,s5_405,,Мебель,4200,Домик-палатка в комплекте,Тип товара: Домик-палатка; Особенности: в комплекте
3325,4316,s5_406,,Мебель,4900,Гамак ткань,Тип товара: Гамак; Материал: ткань
3326,4317,s5_407,,Мебель,27800,Кровать-чердак графит подростковый,Тип товара: Кровать-чердак; Цвет: графит; Особенности: подростковый
3327,4318,s5_408,,Мебель,2900,"Стул чёрная ткань на колёсиках, офисный","Тип товара: Стул; Цвет: чёрная; Материал: ткань; Особенности: на колёсиках, офисный"
3328,4319,s5_409,,Мебель,33400,"Двухъярусная кровать дуб сонома для белья, трансформер","Тип товара: Двухъярусная кровать; Цвет: дуб сонома; Особенности: для белья, трансформер"
3329,4320,s5_410,,Мебель,38410,Стол 220х100 мореный орех,Тип товара: Стол; Габариты: 220х100; Цвет: мореный орех
3330,4321,s5_411,,Мебель,3400,Спальный мешок тёмно-зелёный,Тип товара: Спальный мешок; Цвет: тёмно-зелёный
3331,4322,s5_412,,Мебель,3900,Стул металл 4 шт,Тип товара: Стул; Материал: металл; Особенности: 4 шт
3332,4323,s5_413,,Мебель,2700,"Корзина натуральный джут для белья, высокий","Тип товара: Корзина; Цвет: натуральный; Материал: джут; Особенности: для белья, высокий"
3333,4324,s5_414,,Мебель,7900,Комод 80х50 белый для новорождённого,Тип товара: Комод; Габариты: 80х50; Цвет: белый; Особенности: для новорождённого
3334,4325,s5_415,,Мебель,4460,Плед 150х200 горчичный шерсть крупная вязка,Тип товара: Плед; Габариты: 150х200; Цвет: горчичный; Материал: шерсть; Особенности: крупная вязка
3335,4326,s5_416,,Мебель,5100,Банкетка 100 см оливковая складной,Тип товара: Банкетка; Габариты: 100 см; Цвет: оливковая; Особенности: складной
3336,4327,s5_417,,Мебель,7460,Скамья 120 см серый велюр,Тип товара: Скамья; Габариты: 120 см; Цвет: серый; Материал: велюр
3337,4328,s5_418,,Мебель,8400,"Кроватка для новорождённого, с маятником, ортопедическим","Тип товара: Кроватка; Особенности: для новорождённого, с маятником, ортопедическим"
3338,4329,s5_419,,Мебель,47810,Стенка 320 см венге с молочным семь секций,Тип товара: Стенка; Габариты: 320 см; Цвет: венге с молочным; Особенности: семь секций
3339,4330,s5_420,,Мебель,12400,Стол 200 см дуб сонома раздвижной,Тип товара: Стол; Габариты: 200 см; Цвет: дуб сонома; Особенности: раздвижной
3340,4331,s5_421,,Мебель,12800,Кровать-домик 80х160 серый,Тип товара: Кровать-домик; Габариты: 80х160; Цвет: серый
3341,4332,s5_422,,Мебель,7490,"Мини-батут 100 см синий детский, домашний","Тип товара: Мини-батут; Габариты: 100 см; Цвет: синий; Особенности: детский, домашний"
3342,4333,s5_423,,Мебель,18350,Шкаф 100 см пудровый с патиной,Тип товара: Шкаф; Габариты: 100 см; Цвет: пудровый с патиной
3343,4334,s5_424,,Мебель,12760,"Кресло натуральная сосна шерсть, сосна, дерево","Тип товара: Кресло; Цвет: натуральная сосна; Материал: шерсть, сосна, дерево"
3344,4335,s5_425,,Мебель,3700,"Ковёр 120х180 с принтом дорога 120 на 180, детскую","Тип товара: Ковёр; Габариты: 120х180; Особенности: с принтом дорога 120 на 180, детскую"
3345,4336,s5_426,,Мебель,3400,Столик,Тип товара: Столик
3346,4337,s5_427,,Мебель,4200,Столик дуб сонома,Тип товара: Столик; Цвет: дуб сонома
3347,4338,s5_428,,Мебель,1450,Стул орех дерево для прихожей,Тип товара: Стул; Цвет: орех; Материал: дерево; Особенности: для прихожей
3348,4339,s5_429,,Мебель,3700,Бра,Тип товара: Бра
3349,4340,s5_430,,Мебель,28700,Кресло тёмный шоколад подвесной,Тип товара: Кресло; Цвет: тёмный шоколад; Особенности: подвесной
3350,4341,s5_431,,Мебель,5840,Столик 100х25 белый с золотом,Тип товара: Столик; Габариты: 100х25; Цвет: белый с золотом
3351,4342,s5_432,,Мебель,5380,"Табурет чёрный матовый металл 4 шт, барные, матовый","Тип товара: Табурет; Цвет: чёрный матовый; Материал: металл; Особенности: 4 шт, барные, матовый"
3352,4343,s5_433,,Мебель,28910,"Кровать 160х200 пыльно-розовый велюр с пуфом, в комплекте","Тип товара: Кровать; Габариты: 160х200; Цвет: пыльно-розовый; Материал: велюр; Особенности: с пуфом, в комплекте"
3353,4344,s5_434,,Мебель,4400,Корзина белая для белья,Тип товара: Корзина; Цвет: белая; Особенности: для белья
3354,4345,s5_435,,Мебель,6800,Кресло металл низкое,Тип товара: Кресло; Материал: металл; Особенности: низкое
3355,4346,s5_436,,Мебель,9820,Комод слоновая кость,Тип товара: Комод; Цвет: слоновая кость
3356,4347,s5_437,,Мебель,5710,Стол светлый бук,Тип товара: Стол; Цвет: светлый бук
3357,4348,s5_438,,Мебель,1450,"Ночник белый меняющий цвет для детской, на пульте","Тип товара: Ночник; Цвет: белый меняющий цвет; Особенности: для детской, на пульте"
3358,4349,s5_439,,Мебель,2400,Ночник бежевый плюш,Тип товара: Ночник; Цвет: бежевый; Материал: плюш
3359,4350,s5_440,,Мебель,11900,Кресло белый ротанг,Тип товара: Кресло; Цвет: белый; Материал: ротанг
3360,4351,s5_441,,Мебель,4800,"Корзина белый матовый угловой, матовый","Тип товара: Корзина; Цвет: белый матовый; Особенности: угловой, матовый"
3361,4352,s5_442,,Мебель,13900,Навес бежевый,Тип товара: Навес; Цвет: бежевый
3362,4353,s5_443,,Мебель,13900,Кровать 80х160 красная с гоночными наклейками,Тип товара: Кровать; Габариты: 80х160; Цвет: красная с гоночными наклейками
3363,4354,s5_444,,Мебель,17460,Кровать 80х170 натуральная сосна сосна,Тип товара: Кровать; Габариты: 80х170; Цвет: натуральная сосна; Материал: сосна
3364,4355,s5_445,,Мебель,7800,"Кроватка белый для новорождённого, с маятником","Тип товара: Кроватка; Цвет: белый; Особенности: для новорождённого, с маятником"
3365,4356,s5_446,,Мебель,9800,"Шкаф 70х70 дуб сонома для прихожей, угловой","Тип товара: Шкаф; Габариты: 70х70; Цвет: дуб сонома; Особенности: для прихожей, угловой"
3366,4357,s5_447,,Мебель,11400,Стенка берёза для подростка,Тип товара: Стенка; Цвет: берёза; Особенности: для подростка
3367,4358,s5_448,,Мебель,950,Подушка серая плюш с принтом совы плюшевая,Тип товара: Подушка; Цвет: серая; Материал: плюш; Особенности: с принтом совы плюшевая
3368,4359,s5_449,,Мебель,31700,Кухонный уголок Венеция изумрудный велюр с резными подлокотниками,Тип товара: Кухонный уголок; Наименование: Венеция; Цвет: изумрудный; Материал: велюр; Особенности: с резными подлокотниками
3369,4360,s5_450,,Мебель,4400,Домик-палатка розовый с белым для детской,Тип товара: Домик-палатка; Цвет: розовый с белым; Особенности: для детской
3370,4361,s5_451,,Мебель,18350,Шкаф 100 см кремовый,Тип товара: Шкаф; Габариты: 100 см; Цвет: кремовый
3371,4362,s5_452,,Мебель,35900,Балдахин 160х200 натуральный балдахином,Тип товара: Балдахин; Габариты: 160х200; Цвет: натуральный; Особенности: балдахином
3372,4363,s5_453,,Мебель,3700,"Корзина 65 см натуральный ротанг ротанг для белья, с крышкой, высокий","Тип товара: Корзина; Габариты: 65 см; Цвет: натуральный ротанг; Материал: ротанг; Особенности: для белья, с крышкой, высокий"
3373,4364,s5_454,,Мебель,14500,Стенка белая с зелёным,Тип товара: Стенка; Цвет: белая с зелёным
3374,4365,s5_455,,Мебель,6700,Тренажёр серебристый компактный,Тип товара: Тренажёр; Цвет: серебристый; Особенности: компактный
3375,4366,s5_456,,Мебель,22400,"Кровать-чердак графит для подростка, высокий","Тип товара: Кровать-чердак; Цвет: графит; Особенности: для подростка, высокий"
3376,4367,s5_457,,Мебель,22400,"Туалетный столик белая лазурь с зеркалом, led-подсветкой","Тип товара: Туалетный столик; Цвет: белая лазурь; Особенности: с зеркалом, led-подсветкой"
3377,4368,s5_458,,Мебель,2700,Ящик голубой на колёсиках,Тип товара: Ящик; Цвет: голубой; Особенности: на колёсиках
3378,4369,s5_459,,Мебель,3760,"Стул чёрный с дубом металл барный, высокий, лофт","Тип товара: Стул; Цвет: чёрный с дубом; Материал: металл; Особенности: барный, высокий, лофт"
3379,4370,s5_460,,Мебель,18700,"Шкаф дуб 3-дверный, для прихожей, с зеркалом","Тип товара: Шкаф; Цвет: дуб; Особенности: 3-дверный, для прихожей, с зеркалом"
3380,4371,s5_461,,Мебель,4200,Стеллаж белый угловой,Тип товара: Стеллаж; Цвет: белый; Особенности: угловой
3381,4372,s5_462,,Мебель,14900,Туалетный столик серый матовый матовый,Тип товара: Туалетный столик; Цвет: серый матовый; Особенности: матовый
3382,4373,s5_463,,Мебель,7430,Этажерка 40 см дуб сонома высокий,Тип товара: Этажерка; Габариты: 40 см; Цвет: дуб сонома; Особенности: высокий
3383,4374,s5_464,,Мебель,19420,Кушетка 90х200 серый велюр,Тип товара: Кушетка; Габариты: 90х200; Цвет: серый; Материал: велюр
3384,4375,s5_465,,Мебель,3210,Полка светлое дерево настенная,Тип товара: Полка; Цвет: светлое дерево; Особенности: настенная
3385,4376,s5_466,,Мебель,15700,Кровать 80х170 красная с лестницей с лестницей,Тип товара: Кровать; Габариты: 80х170; Цвет: красная с лестницей; Особенности: с лестницей
3386,4377,s5_467,,Мебель,3900,Игровой домик белый с принтом звёзд,Тип товара: Игровой домик; Цвет: белый; Особенности: с принтом звёзд
3387,4378,s5_468,,Мебель,1650,"Органайзер белый матовый металл для ванной, настенный, матовый","Тип товара: Органайзер; Цвет: белый матовый; Материал: металл; Особенности: для ванной, настенный, матовый"
3388,4379,s5_469,,Мебель,9800,"Парта белая с розовым для школьника, трансформер","Тип товара: Парта; Цвет: белая с розовым; Особенности: для школьника, трансформер"
3389,4380,s5_470,,Мебель,1850,Пуф 40 см кремовый плюш модульный,Тип товара: Пуф; Габариты: 40 см; Цвет: кремовый; Материал: плюш; Особенности: модульный
3390,4381,s5_471,,Мебель,3900,"Гамак-качели разноцветная ткань для детской, подвесной","Тип товара: Гамак-качели; Цвет: разноцветная; Материал: ткань; Особенности: для детской, подвесной"
3391,4382,s5_472,,Мебель,10800,"Подставка 140 см чёрный геймерской, RGB","Тип товара: Подставка; Габариты: 140 см; Цвет: чёрный; Особенности: геймерской, RGB"
3392,4383,s5_473,,Мебель,3900,"Банкетка 100 см орех дерево для дачи, складной","Тип товара: Банкетка; Габариты: 100 см; Цвет: орех; Материал: дерево; Особенности: для дачи, складной"
3393,4384,s5_474,,Мебель,52800,"Диван Венеция светло-серый рогожка с оттоманкой, угловой","Тип товара: Диван; Наименование: Венеция; Цвет: светло-серый; Материал: рогожка; Особенности: с оттоманкой, угловой"
3394,4385,s5_475,,Мебель,19400,"Геймерское кресло чёрная с зелёным геймерский, реклайнер","Тип товара: Геймерское кресло; Цвет: чёрная с зелёным; Особенности: геймерский, реклайнер"
3395,4386,s5_476,,Мебель,5400,Кресло розовый компьютерный,Тип товара: Кресло; Цвет: розовый; Особенности: компьютерный
3396,4387,s5_477,,Мебель,15700,"Туалетный столик белый с зеркалом, прямоугольный, led-подсветкой","Тип товара: Туалетный столик; Цвет: белый; Особенности: с зеркалом, прямоугольный, led-подсветкой"
3397,4388,s5_478,,Мебель,16710,"Кресло-кровать пыльно-голубой велюр раскладное, ортопедическим","Тип товара: Кресло-кровать; Цвет: пыльно-голубой; Материал: велюр; Особенности: раскладное, ортопедическим"
3398,4389,s5_479,,Мебель,6900,Навес 2.5х2.5 серый металл складной,Тип товара: Навес; Габариты: 2.5х2.5; Цвет: серый; Материал: металл; Особенности: складной
3399,4390,s5_480,,Мебель,15800,"Велотренажёр белый с серым с пультом, компактный","Тип товара: Велотренажёр; Цвет: белый с серым; Особенности: с пультом, компактный"
3400,4391,s5_481,,Мебель,5400,Домик-палатка бежевый с пуговицами для детской,Тип товара: Домик-палатка; Цвет: бежевый с пуговицами; Особенности: для детской
3401,4392,s5_482,,Мебель,7900,"Кроватка 120х60 слоновая кость для новорождённого, с маятником","Тип товара: Кроватка; Габариты: 120х60; Цвет: слоновая кость; Особенности: для новорождённого, с маятником"
3402,4393,s5_483,,Мебель,12700,Шатёр 4х3 м,Тип товара: Шатёр; Габариты: 4х3 м
3403,4394,s5_484,,Мебель,14700,"Стол 160х80 орех сосна, дерево","Тип товара: Стол; Габариты: 160х80; Цвет: орех; Материал: сосна, дерево"
3404,4395,s5_485,,Мебель,14380,"Стол 140х50 белый мрамор барный, высокий","Тип товара: Стол; Габариты: 140х50; Цвет: белый мрамор; Особенности: барный, высокий"
3405,4396,s5_486,,Мебель,2270,Подставка латунь,Тип товара: Подставка; Цвет: латунь
3406,4397,s5_487,,Мебель,16480,Кровать 80х170 натуральная сосна сосна с принтом львов и зебр 80 на 170,Тип товара: Кровать; Габариты: 80х170; Цвет: натуральная сосна; Материал: сосна; Особенности: с принтом львов и зебр 80 на 170
3407,4398,s5_488,,Мебель,3400,"Шторы 200х270 натуральный лён 2 полотна, для гостиной, готовые","Тип товара: Шторы; Габариты: 200х270; Цвет: натуральный; Материал: лён; Особенности: 2 полотна, для гостиной, готовые"
3408,4399,s5_489,,Мебель,19400,Кушетка 190 см серый велюр компактный,Тип товара: Кушетка; Габариты: 190 см; Цвет: серый; Материал: велюр; Особенности: компактный
3409,4400,s5_490,,Мебель,9760,Стойка чёрный с красным металл,Тип товара: Стойка; Цвет: чёрный с красным; Материал: металл
3410,4401,s5_491,,Мебель,13730,"Кресло велюр велюр, дерево","Тип товара: Кресло; Цвет: велюр; Материал: велюр, дерево"
3411,4402,s5_492,,Мебель,33760,Балдахин 160х200 чёрный с золотом металл балдахином,Тип товара: Балдахин; Габариты: 160х200; Цвет: чёрный с золотом; Материал: металл; Особенности: балдахином
3412,4403,s5_493,,Мебель,33400,Кровать-чердак 90х200 серая рогожка угловым,Тип товара: Кровать-чердак; Габариты: 90х200; Цвет: серая; Материал: рогожка; Особенности: угловым
3413,4404,s5_494,,Мебель,2400,"Столик 90х60 натуральная сосна сосна для дачи, прямоугольный, складной","Тип товара: Столик; Габариты: 90х60; Цвет: натуральная сосна; Материал: сосна; Особенности: для дачи, прямоугольный, складной"
3414,4405,s5_495,,Мебель,2260,Подставка белый с пастельным,Тип товара: Подставка; Цвет: белый с пастельным
3415,4406,s5_496,,Мебель,2300,"Стул светлая сосна сосна, дерево для лоджии, складной","Тип товара: Стул; Цвет: светлая сосна; Материал: сосна, дерево; Особенности: для лоджии, складной"
3416,4407,s5_497,,Мебель,6440,Парта 80 см белый с розовым детский,Тип товара: Парта; Габариты: 80 см; Цвет: белый с розовым; Особенности: детский
3417,4408,s5_498,,Мебель,18400,"Спорткомплекс детскую, с горкой и канатом","Тип товара: Спорткомплекс; Особенности: детскую, с горкой и канатом"
3418,4409,s5_499,,Мебель,28790,Шкаф-купе 240 см беленый дуб с зеркалом,Тип товара: Шкаф-купе; Габариты: 240 см; Цвет: беленый дуб; Особенности: с зеркалом
3419,4410,s5_500,,Мебель,17500,"Кровать-чердак белый для детской, с лестницей","Тип товара: Кровать-чердак; Цвет: белый; Особенности: для детской, с лестницей"
3420,4411,s5_501,,Мебель,14800,Подушка подвесные,Тип товара: Подушка; Особенности: подвесные
3421,4412,s5_502,,Мебель,11400,"Письменный стол 130 см чёрный с красным для геймера, RGB","Тип товара: Письменный стол; Габариты: 130 см; Цвет: чёрный с красным; Особенности: для геймера, RGB"
3422,4413,s5_503,,Мебель,850,Корзина светлая ива для мелочей,Тип товара: Корзина; Цвет: светлая ива; Особенности: для мелочей
3423,4414,s5_504,,Мебель,7850,Тумба 140 см венге металл лофт,Тип товара: Тумба; Габариты: 140 см; Цвет: венге; Материал: металл; Особенности: лофт
3424,4415,s5_505,,Мебель,4100,Гладильная доска серая,Тип товара: Гладильная доска; Цвет: серая
3425,4416,s5_506,,Мебель,2730,Лежанка-домик бежевый плюш плюш для кошки,Тип товара: Лежанка-домик; Цвет: бежевый плюш; Материал: плюш; Особенности: для кошки
3426,4417,s5_507,,Мебель,3400,Пуф горчичный плюш,Тип товара: Пуф; Цвет: горчичный; Материал: плюш
3427,4418,s5_508,,Мебель,14380,Шкаф мореный орех стекло для книг,Тип товара: Шкаф; Цвет: мореный орех; Материал: стекло; Особенности: для книг
3428,4419,s5_509,,Мебель,2400,"Кронштейн чёрный высокий, подвесных","Тип товара: Кронштейн; Цвет: чёрный; Особенности: высокий, подвесных"
3429,4420,s5_510,,Мебель,5600,"Зеркало 80х60 тёплый свет для ванной, прямоугольное, led-подсветкой, подсветка по периметру","Тип товара: Зеркало; Габариты: 80х60; Цвет: тёплый свет; Особенности: для ванной, прямоугольное, led-подсветкой, подсветка по периметру"
3430,4421,s5_511,,Мебель,9800,Ковёр 200х300 бежевый,Тип товара: Ковёр; Габариты: 200х300; Цвет: бежевый
3431,4422,s5_512,,Мебель,19800,Велотренажёр белый с синим,Тип товара: Велотренажёр; Цвет: белый с синим
3432,4423,s5_513,,Мебель,15700,Кушетка 160 см серая,Тип товара: Кушетка; Габариты: 160 см; Цвет: серая
3433,4424,s5_514,,Мебель,15400,Шкаф 90х90 дуб молочный угловой,Тип товара: Шкаф; Габариты: 90х90; Цвет: дуб молочный; Особенности: угловой
3434,4425,s5_515,,Мебель,5400,Стол 70 см золотой круглый,Тип товара: Стол; Габариты: 70 см; Цвет: золотой; Особенности: круглый
3435,4426,s5_516,,Мебель,11900,Кресло-кровать Дрёма серый рогожка складное,Тип товара: Кресло-кровать; Наименование: Дрёма; Цвет: серый; Материал: рогожка; Особенности: складное
3436,4427,s5_517,,Мебель,850,Свеча стекло с ароматом,Тип товара: Свеча; Материал: стекло; Особенности: с ароматом
3437,4428,s5_518,,Мебель,1850,Свеча чёрный,Тип товара: Свеча; Цвет: чёрный
3438,4429,s5_519,,Мебель,5900,"Тумба белый для белья, низкий","Тип товара: Тумба; Цвет: белый; Особенности: для белья, низкий"
3439,4430,s5_520,,Мебель,3710,"Столик 80 см белый высокий, складной","Тип товара: Столик; Габариты: 80 см; Цвет: белый; Особенности: высокий, складной"
3440,4431,s5_521,,Мебель,6900,Письменный стол 140 см дуб сонома,Тип товара: Письменный стол; Габариты: 140 см; Цвет: дуб сонома
3441,4432,s5_522,,Мебель,2200,Балдахин,Тип товара: Балдахин
3442,4433,s5_523,,Мебель,3400,Стойка 40 см белый дерево,Тип товара: Стойка; Габариты: 40 см; Цвет: белый; Материал: дерево
3443,4434,s5_524,,Мебель,16400,"Туалетный столик 90 см белый глянец с зеркалом, глянец, led-подсветкой, подсветка по периметру","Тип товара: Туалетный столик; Габариты: 90 см; Цвет: белый глянец; Особенности: с зеркалом, глянец, led-подсветкой, подсветка по периметру"
3444,4435,s5_525,,Мебель,13440,Изголовье 180 см горчичный велюр настенное,Тип товара: Изголовье; Габариты: 180 см; Цвет: горчичный; Материал: велюр; Особенности: настенное
3445,4436,s5_526,,Мебель,13460,"Кроватка розовый с маятником, детский, трансформер","Тип товара: Кроватка; Цвет: розовый; Особенности: с маятником, детский, трансформер"
3446,4437,s5_527,,Мебель,3700,Стеллаж белый металл высокий,Тип товара: Стеллаж; Цвет: белый; Материал: металл; Особенности: высокий
3447,4438,s5_528,,Мебель,11400,Кресло орех дерево,Тип товара: Кресло; Цвет: орех; Материал: дерево
3448,4439,s5_529,,Мебель,3700,Прикроватный столик,Тип товара: Прикроватный столик
3449,4440,s5_530,,Мебель,11800,Изголовье 90х200 пудровый,Тип товара: Изголовье; Габариты: 90х200; Цвет: пудровый
3450,4441,s5_531,,Мебель,2400,Балдахин белый для детской,Тип товара: Балдахин; Цвет: белый; Особенности: для детской
3451,4442,s5_532,,Мебель,3700,Домик-палатка ткань,Тип товара: Домик-палатка; Материал: ткань
3452,4443,s5_533,,Мебель,2700,"Сушилка серая для белья, раздвижной","Тип товара: Сушилка; Цвет: серая; Особенности: для белья, раздвижной"
3453,4444,s5_534,,Мебель,36900,Двухъярусная кровать графит велюр раскладным,Тип товара: Двухъярусная кровать; Цвет: графит; Материал: велюр; Особенности: раскладным
3454,4445,s5_535,,Мебель,9860,"Стул белый металл 6 шт, складные","Тип товара: Стул; Цвет: белый; Материал: металл; Особенности: 6 шт, складные"
3455,4446,s5_536,,Мебель,4900,Домик-палатка для детской,Тип товара: Домик-палатка; Особенности: для детской
3456,4447,s5_537,,Мебель,5900,Перегородка белый компактный,Тип товара: Перегородка; Цвет: белый; Особенности: компактный
3457,4448,s5_538,,Мебель,2400,Ящик натуральный дерево,Тип товара: Ящик; Цвет: натуральный; Материал: дерево
3458,4449,s5_539,,Мебель,14100,Ковёр 200х290 бежевый шерсть классическим,Тип товара: Ковёр; Габариты: 200х290; Цвет: бежевый; Материал: шерсть; Особенности: классическим
3459,4450,s5_540,,Мебель,3400,Бра чёрный с золотом настенное,Тип товара: Бра; Цвет: чёрный с золотом; Особенности: настенное
3460,4451,s5_541,,Мебель,18950,Кровать-ракета 80х170 синий со звёздами космический,Тип товара: Кровать-ракета; Габариты: 80х170; Цвет: синий со звёздами; Особенности: космический
3461,4452,s5_542,,Мебель,3700,Гладильная доска 110х35 бежевый складной,Тип товара: Гладильная доска; Габариты: 110х35; Цвет: бежевый; Особенности: складной
3462,4453,s5_543,,Мебель,1850,Гирлянда на батарейках,Тип товара: Гирлянда; Особенности: на батарейках
3463,4454,s5_544,,Мебель,6400,Ковёр 160х230 молочный,Тип товара: Ковёр; Габариты: 160х230; Цвет: молочный
3464,4455,s5_545,,Мебель,22400,"Кровать Орхидея 160х200 дуб сонома для белья, с ящиками, двуспальная","Тип товара: Кровать; Наименование: Орхидея; Габариты: 160х200; Цвет: дуб сонома; Особенности: для белья, с ящиками, двуспальная"
3465,4456,s5_546,,Мебель,3960,"Мольберт натуральная сосна сосна детский, магнитный","Тип товара: Мольберт; Цвет: натуральная сосна; Материал: сосна; Особенности: детский, магнитный"
3466,4457,s5_547,,Мебель,4900,"Зеркало 60 см белая для макияжа, с подсветкой, круглое","Тип товара: Зеркало; Габариты: 60 см; Цвет: белая; Особенности: для макияжа, с подсветкой, круглое"
3467,4458,s5_548,,Мебель,1750,Ночник розовый,Тип товара: Ночник; Цвет: розовый
3468,4459,s5_549,,Мебель,22480,Шкаф дуб сонома стекло для гостиной,Тип товара: Шкаф; Цвет: дуб сонома; Материал: стекло; Особенности: для гостиной
3469,4460,s5_550,,Мебель,640,"Корзина белый для мелочей, круглая","Тип товара: Корзина; Цвет: белый; Особенности: для мелочей, круглая"
3470,4461,s5_551,,Мебель,3400,Ковёр 80х200 белый,Тип товара: Ковёр; Габариты: 80х200; Цвет: белый
3471,4462,s5_552,,Мебель,1450,Кресло серый велюр,Тип товара: Кресло; Цвет: серый; Материал: велюр
3472,4463,s5_553,,Мебель,2200,Столик натуральное дерево низкий,Тип товара: Столик; Цвет: натуральное дерево; Особенности: низкий
3473,4464,s5_554,,Мебель,6460,Прихожая 80 см белый,Тип товара: Прихожая; Габариты: 80 см; Цвет: белый
3474,4465,s5_555,,Мебель,1850,Плед 150х200 пыльно-розовый плюш,Тип товара: Плед; Габариты: 150х200; Цвет: пыльно-розовый; Материал: плюш
3475,4466,s5_556,,Мебель,6800,Матрас белая ортопедической,Тип товара: Матрас; Цвет: белая; Особенности: ортопедической
3476,4467,s5_557,,Мебель,6790,Камин-портал белый с золотом,Тип товара: Камин-портал; Цвет: белый с золотом
3477,4468,s5_558,,Мебель,3200,Подставка,Тип товара: Подставка
3478,4469,s5_559,,Мебель,13980,Лампа розовое золото,Тип товара: Лампа; Цвет: розовое золото
3479,4470,s5_560,,Мебель,9800,"Кресло для детской, с подушкой, подвесное","Тип товара: Кресло; Особенности: для детской, с подушкой, подвесное"
3480,4471,s5_561,,Мебель,42710,"Кресло серый велюр для пожилых, ортопедический","Тип товара: Кресло; Цвет: серый; Материал: велюр; Особенности: для пожилых, ортопедический"
3481,4472,s5_562,,Мебель,7440,Стул кремовая экокожа высокий,Тип товара: Стул; Цвет: кремовая; Материал: экокожа; Особенности: высокий
3482,4473,s5_563,,Мебель,19800,"Кресло ротанг, металл подвесное","Тип товара: Кресло; Материал: ротанг, металл; Особенности: подвесное"
3483,4474,s5_564,,Мебель,1850,Кронштейн настенный,Тип товара: Кронштейн; Особенности: настенный
3484,4475,s5_565,,Мебель,13720,Изголовье 200 см изумрудный велюр настенное,Тип товара: Изголовье; Габариты: 200 см; Цвет: изумрудный; Материал: велюр; Особенности: настенное
3485,4476,s5_566,,Мебель,6300,Стул светлый бук,Тип товара: Стул; Цвет: светлый бук
3486,4477,s5_567,,Мебель,14800,"Кресло для гостиной, подвесное","Тип товара: Кресло; Особенности: для гостиной, подвесное"
3487,4478,s5_568,,Мебель,13400,Кресло бежевая ротанг для гостиной,Тип товара: Кресло; Цвет: бежевая; Материал: ротанг; Особенности: для гостиной
3488,4479,s5_569,,Мебель,42700,Эллиптический тренажёр чёрный матовый матовый,Тип товара: Эллиптический тренажёр; Цвет: чёрный матовый; Особенности: матовый
3489,4480,s5_570,,Мебель,3450,"Стул металлик с белым металл 4 штуки, складные","Тип товара: Стул; Цвет: металлик с белым; Материал: металл; Особенности: 4 штуки, складные"
3490,4481,s5_571,,Мебель,22400,"Кровать Орхидея 160х200 орех для белья, с ящиками, двуспальная","Тип товара: Кровать; Наименование: Орхидея; Габариты: 160х200; Цвет: орех; Особенности: для белья, с ящиками, двуспальная"
3491,4482,s5_572,,Мебель,14780,Комод молочный высокий,Тип товара: Комод; Цвет: молочный; Особенности: высокий
3492,4483,s5_573,,Мебель,19830,Кресло Думающий тапир горчичный с белым велюр,Тип товара: Кресло; Наименование: Думающий тапир; Цвет: горчичный с белым; Материал: велюр
3493,4484,s5_574,,Мебель,2900,Стеллаж металл три полки,Тип товара: Стеллаж; Материал: металл; Особенности: три полки
3494,4485,s5_575,,Мебель,6200,"Тумба белый с ящиками, на колёсиках","Тип товара: Тумба; Цвет: белый; Особенности: с ящиками, на колёсиках"
3495,4486,s5_576,,Мебель,1840,Прикроватная тумба белый подвесной,Тип товара: Прикроватная тумба; Цвет: белый; Особенности: подвесной
3496,4487,s5_577,,Мебель,29400,Кровать-чердак ольха,Тип товара: Кровать-чердак; Цвет: ольха
3497,4488,s5_578,,Мебель,8900,Туалетный столик белый с зеркалом,Тип товара: Туалетный столик; Цвет: белый; Особенности: с зеркалом
3498,4489,s5_579,,Мебель,38910,Гардеробная белый с серым модульный,Тип товара: Гардеробная; Цвет: белый с серым; Особенности: модульный
3499,4490,s5_580,,Мебель,1850,"Кашпо белое с бежевым 2 шт, подвесное","Тип товара: Кашпо; Цвет: белое с бежевым; Особенности: 2 шт, подвесное"
3500,4491,s5_581,,Мебель,1950,Лампа белый абажур дерево настольный,Тип товара: Лампа; Цвет: белый абажур; Материал: дерево; Особенности: настольный
3501,4492,s5_582,,Мебель,42700,"Кровать-карета 160х200 белая лазурь двуспальная, резная","Тип товара: Кровать-карета; Габариты: 160х200; Цвет: белая лазурь; Особенности: двуспальная, резная"
3502,4493,s5_583,,Мебель,25700,Велотренажёр чёрный матовый матовый,Тип товара: Велотренажёр; Цвет: чёрный матовый; Особенности: матовый
3503,4494,s5_584,,Мебель,6400,Тумба 50х35х80 белый матовый матовый,Тип товара: Тумба; Габариты: 50х35х80; Цвет: белый матовый; Особенности: матовый
3504,4495,s5_585,,Мебель,8400,"Кроватка белый с зелёным для новорождённого, с маятником","Тип товара: Кроватка; Цвет: белый с зелёным; Особенности: для новорождённого, с маятником"
3505,4496,s5_586,,Мебель,4940,"Скамья 140 см натуральная сосна сосна, дерево с подушкой","Тип товара: Скамья; Габариты: 140 см; Цвет: натуральная сосна; Материал: сосна, дерево; Особенности: с подушкой"
3506,4497,s5_587,,Мебель,47800,Диван-кровать серый трансформер,Тип товара: Диван-кровать; Цвет: серый; Особенности: трансформер
3507,4498,s5_588,,Мебель,13490,"Кресло серебристая со звёздами для геймера, с подушками","Тип товара: Кресло; Цвет: серебристая со звёздами; Особенности: для геймера, с подушками"
3508,4499,s5_589,,Мебель,19800,Туалетный столик 120 см белый с золотом,Тип товара: Туалетный столик; Габариты: 120 см; Цвет: белый с золотом
3509,4500,s5_590,,Мебель,1860,Скамья серый велюр,Тип товара: Скамья; Цвет: серый; Материал: велюр
3510,4501,s5_591,,Мебель,1410,Венок терракотово-золотистый настенный,Тип товара: Венок; Цвет: терракотово-золотистый; Особенности: настенный
3511,4502,s5_592,,Мебель,3470,Подставка бронза,Тип товара: Подставка; Цвет: бронза
3512,4503,s5_593,,Мебель,1850,"Стул зелёный 4 штуки, для дачи, складной","Тип товара: Стул; Цвет: зелёный; Особенности: 4 штуки, для дачи, складной"
3513,4504,s5_594,,Мебель,3700,"Кровать серая металл для дачи, раскладная","Тип товара: Кровать; Цвет: серая; Материал: металл; Особенности: для дачи, раскладная"
3514,4505,s5_595,,Мебель,4710,Матрас 100х70 плотная серая,Тип товара: Матрас; Габариты: 100х70; Цвет: плотная серая
3515,4506,s5_596,,Мебель,1850,"Сушилка 80 см белый для белья, настенная, раздвижной","Тип товара: Сушилка; Габариты: 80 см; Цвет: белый; Особенности: для белья, настенная, раздвижной"
3516,4507,s5_597,,Мебель,24800,Кровать 160х200х80 серый велюр подъёмным механизмом,Тип товара: Кровать; Габариты: 160х200х80; Цвет: серый; Материал: велюр; Особенности: подъёмным механизмом
3517,4508,s5_598,,Мебель,2400,"Сушилка металл двухъярусная, настольный","Тип товара: Сушилка; Материал: металл; Особенности: двухъярусная, настольный"
3518,4509,s5_599,,Мебель,9800,Диван 130 см евая жёлтая в горошек плюш детскую,Тип товара: Диван; Габариты: 130 см; Цвет: евая жёлтая в горошек; Материал: плюш; Особенности: детскую
3519,4510,s5_600,,Мебель,57490,Диван Левиафан Прикладной 280 см изумрудный велюр,Тип товара: Диван; Наименование: Левиафан Прикладной; Габариты: 280 см; Цвет: изумрудный; Материал: велюр
3520,4511,s5_601,,Мебель,780,"Органайзер 40х30 бежевый ткань для гардероба, с крышкой","Тип товара: Органайзер; Габариты: 40х30; Цвет: бежевый; Материал: ткань; Особенности: для гардероба, с крышкой"
3521,4512,s5_602,,Мебель,5800,Кровать складной,Тип товара: Кровать; Особенности: складной
3522,4513,s5_603,,Мебель,1450,"Сушилка хром металл для белья, раздвижной","Тип товара: Сушилка; Цвет: хром; Материал: металл; Особенности: для белья, раздвижной"
3523,4514,s5_604,,Мебель,1850,Ночник белый для детской,Тип товара: Ночник; Цвет: белый; Особенности: для детской
3524,4515,s5_605,,Мебель,5400,"Шезлонг бежевый ротанг с подушкой, складной","Тип товара: Шезлонг; Цвет: бежевый; Материал: ротанг; Особенности: с подушкой, складной"
3525,4516,s5_606,,Мебель,3700,Пуф горчичный велюр круглый,Тип товара: Пуф; Цвет: горчичный; Материал: велюр; Особенности: круглый
3526,4517,s5_607,,Мебель,13700,Кровать-домик 80х160 натуральный дуб,Тип товара: Кровать-домик; Габариты: 80х160; Цвет: натуральный дуб
3527,4518,s5_608,,Мебель,7350,Письменный стол Эвелина 110 см дуб сонома,Тип товара: Письменный стол; Наименование: Эвелина; Габариты: 110 см; Цвет: дуб сонома
3528,4519,s5_609,,Мебель,3400,"Сушилка серый металлик металл двухъярусная, для белья","Тип товара: Сушилка; Цвет: серый металлик; Материал: металл; Особенности: двухъярусная, для белья"
3529,4520,s5_610,,Мебель,3900,Стол детский,Тип товара: Стол; Особенности: детский
3530,4521,s5_611,,Мебель,2700,Корзина серая,Тип товара: Корзина; Цвет: серая
3531,4522,s5_612,,Мебель,9790,"Стеллаж 220 см тёмное дерево для книг, высокий","Тип товара: Стеллаж; Габариты: 220 см; Цвет: тёмное дерево; Особенности: для книг, высокий"
3532,4523,s5_613,,Мебель,1450,Свеча стекло 3 шт,Тип товара: Свеча; Материал: стекло; Особенности: 3 шт
3533,4524,s5_614,,Мебель,5700,Плед 200х220 голубой,Тип товара: Плед; Габариты: 200х220; Цвет: голубой
3534,4525,s5_615,,Мебель,15530,Кресло велюр велюр круглой,Тип товара: Кресло; Цвет: велюр; Материал: велюр; Особенности: круглой
3535,4526,s5_616,,Мебель,31700,Кровать-чердак дуб сонома с белым угловой,Тип товара: Кровать-чердак; Цвет: дуб сонома с белым; Особенности: угловой
3536,4527,s5_617,,Мебель,33700,"Эллиптический тренажёр серебристый с регулируемой длиной шага, bluetooth","Тип товара: Эллиптический тренажёр; Цвет: серебристый; Особенности: с регулируемой длиной шага, bluetooth"
3537,4528,s5_618,,Мебель,15400,Кровать 80х170 серая,Тип товара: Кровать; Габариты: 80х170; Цвет: серая
3538,4529,s5_619,,Мебель,21800,Диван Уют 160 см изумрудный велюр прямой,Тип товара: Диван; Наименование: Уют; Габариты: 160 см; Цвет: изумрудный; Материал: велюр; Особенности: прямой
3539,4530,s5_620,,Мебель,4400,Пуф серый меланж модульный,Тип товара: Пуф; Цвет: серый меланж; Особенности: модульный
3540,4531,s5_621,,Мебель,7800,Зеркало вэлюр коричневый дерево,Тип товара: Зеркало; Цвет: вэлюр коричневый; Материал: дерево
3541,4532,s5_622,,Мебель,2900,Подставка чёрная металл высокий,Тип товара: Подставка; Цвет: чёрная; Материал: металл; Особенности: высокий
3542,4533,s5_623,,Мебель,3900,Корзина натуральный для белья,Тип товара: Корзина; Цвет: натуральный; Особенности: для белья
3543,4534,s5_624,,Мебель,38760,Шкаф-купе 280 см беленый дуб,Тип товара: Шкаф-купе; Габариты: 280 см; Цвет: беленый дуб
3544,4535,s5_625,,Мебель,28700,Диван Бостон серый меланж,Тип товара: Диван; Наименование: Бостон; Цвет: серый меланж
3545,4536,s5_626,,Мебель,1850,Полка белый настенная,Тип товара: Полка; Цвет: белый; Особенности: настенная
3546,4537,s5_627,,Мебель,5700,Банкетка 120 см белая экокожа,Тип товара: Банкетка; Габариты: 120 см; Цвет: белая; Материал: экокожа
3547,4538,s5_628,,Мебель,23500,Шкаф дуб молочный 3-дверный,Тип товара: Шкаф; Цвет: дуб молочный; Особенности: 3-дверный
3548,4539,s5_629,,Мебель,22760,"Стенка графит с белым для подростка, модульный","Тип товара: Стенка; Цвет: графит с белым; Особенности: для подростка, модульный"
3549,4540,s5_630,,Мебель,9800,"Зеркало чёрный матовый с подсветкой, матовый","Тип товара: Зеркало; Цвет: чёрный матовый; Особенности: с подсветкой, матовый"
3550,4541,s5_631,,Мебель,19700,Эллипс графит с серебром,Тип товара: Эллипс; Цвет: графит с серебром
3551,4542,s5_632,,Мебель,1850,Подставка дерево двухъярусная,Тип товара: Подставка; Материал: дерево; Особенности: двухъярусная
3552,4543,s5_633,,Мебель,2400,Подставка белая угловой,Тип товара: Подставка; Цвет: белая; Особенности: угловой
3553,4544,s5_634,,Мебель,42410,"Диван-кровать 240 см серый меланж велюр с большим спальным местом, прямой","Тип товара: Диван-кровать; Габариты: 240 см; Цвет: серый меланж; Материал: велюр; Особенности: с большим спальным местом, прямой"
3554,4545,s5_635,,Мебель,57410,"Диван-кровать Манчестер тёмно-серая рогожка с оттоманкой, угловой","Тип товара: Диван-кровать; Наименование: Манчестер; Цвет: тёмно-серая; Материал: рогожка; Особенности: с оттоманкой, угловой"
3555,4546,s5_636,,Мебель,19450,Кушетка 180 см бордовый велюр с подушками,Тип товара: Кушетка; Габариты: 180 см; Цвет: бордовый; Материал: велюр; Особенности: с подушками
3556,4547,s5_637,,Мебель,18900,"Кресло серая рогожка для гостиной, с подушками, подвесное","Тип товара: Кресло; Цвет: серая; Материал: рогожка; Особенности: для гостиной, с подушками, подвесное"
3557,4548,s5_638,,Мебель,24700,Кровать-карета 80х170,Тип товара: Кровать-карета; Габариты: 80х170
3558,4549,s5_639,,Мебель,5700,Стеллаж белый детский,Тип товара: Стеллаж; Цвет: белый; Особенности: детский
3559,4550,s5_640,,Мебель,4200,Картина Город ночной модульный,Тип товара: Картина; Наименование: Город ночной; Особенности: модульный
3560,4551,s5_641,,Мебель,34800,Двухъярусная кровать серый велюр раскладным,Тип товара: Двухъярусная кровать; Цвет: серый; Материал: велюр; Особенности: раскладным
3561,4552,s5_642,,Мебель,1850,"Подставка орех дерево для книг, настольный","Тип товара: Подставка; Цвет: орех; Материал: дерево; Особенности: для книг, настольный"
3562,4553,s5_643,,Мебель,24700,"Кровать-чердак 90х200 венге для подростка, с лестницей-комодом","Тип товара: Кровать-чердак; Габариты: 90х200; Цвет: венге; Особенности: для подростка, с лестницей-комодом"
3563,4554,s5_644,,Мебель,28360,"Кровать 90х200 тёмно-синий для подростка, с подсветкой, космический","Тип товара: Кровать; Габариты: 90х200; Цвет: тёмно-синий; Особенности: для подростка, с подсветкой, космический"
3564,4555,s5_645,,Мебель,26700,Кухонный уголок Скандинавия бежевый лён,Тип товара: Кухонный уголок; Наименование: Скандинавия; Цвет: бежевый; Материал: лён
3565,4556,s5_646,,Мебель,3690,Стул пудровый велюр детский,Тип товара: Стул; Цвет: пудровый; Материал: велюр; Особенности: детский
3566,4557,s5_647,,Мебель,14100,"Шкаф белый с красным 2-дверный, с принтом","Тип товара: Шкаф; Цвет: белый с красным; Особенности: 2-дверный, с принтом"
3567,4558,s5_648,,Мебель,3700,Гамак терракотовый подвесной,Тип товара: Гамак; Цвет: терракотовый; Особенности: подвесной
3568,4559,s5_649,,Мебель,15800,"Навес серая трёхместные, с навесом","Тип товара: Навес; Цвет: серая; Особенности: трёхместные, с навесом"
3569,4560,s5_650,,Мебель,11460,Изголовье 160 см пудровый велюр настенное,Тип товара: Изголовье; Габариты: 160 см; Цвет: пудровый; Материал: велюр; Особенности: настенное
3570,4561,s5_651,,Мебель,26400,Кухонный уголок 200х150 серый велюр угловой,Тип товара: Кухонный уголок; Габариты: 200х150; Цвет: серый; Материал: велюр; Особенности: угловой
3571,4562,s5_652,,Мебель,9700,Кровать 80х190 дуб на колёсиках,Тип товара: Кровать; Габариты: 80х190; Цвет: дуб; Особенности: на колёсиках
3572,4563,s5_653,,Мебель,12700,Изголовье 200 см горчичный велюр настенное,Тип товара: Изголовье; Габариты: 200 см; Цвет: горчичный; Материал: велюр; Особенности: настенное
3573,4564,s5_654,,Мебель,1450,"Табурет белая экокожа для прихожей, квадратная","Тип товара: Табурет; Цвет: белая; Материал: экокожа; Особенности: для прихожей, квадратная"
3574,4565,s5_655,,Мебель,2400,Картина Море 60х90,Тип товара: Картина; Наименование: Море; Габариты: 60х90
3575,4566,s5_656,,Мебель,15410,Кресло молочный шерсть в комплекте,Тип товара: Кресло; Цвет: молочный; Материал: шерсть; Особенности: в комплекте
3576,4567,s5_657,,Мебель,2900,Стол 60х60 белый складной,Тип товара: Стол; Габариты: 60х60; Цвет: белый; Особенности: складной
3577,4568,s5_658,,Мебель,13680,Шкаф орех классический,Тип товара: Шкаф; Цвет: орех; Особенности: классический
3578,4569,s5_659,,Мебель,26400,Кровать 90х200 дуб сонома,Тип товара: Кровать; Габариты: 90х200; Цвет: дуб сонома
3579,4570,s5_660,,Мебель,7350,Письменный стол Эвелина 110 см венге,Тип товара: Письменный стол; Наименование: Эвелина; Габариты: 110 см; Цвет: венге
3580,4571,s5_661,,Мебель,5400,"Сушилка белый для белья, складной, подогревом","Тип товара: Сушилка; Цвет: белый; Особенности: для белья, складной, подогревом"
3581,4572,s5_662,,Мебель,3800,Обувница 80 см белый,Тип товара: Обувница; Габариты: 80 см; Цвет: белый
3582,4573,s5_663,,Мебель,7100,Комод 80х40х90 белый,Тип товара: Комод; Габариты: 80х40х90; Цвет: белый
3583,4574,s5_664,,Мебель,28710,Стол 280х100 дуб сонома,Тип товара: Стол; Габариты: 280х100; Цвет: дуб сонома
3584,4575,s5_665,,Мебель,2900,"Корзина 30 см шоколад для ванной, для белья","Тип товара: Корзина; Габариты: 30 см; Цвет: шоколад; Особенности: для ванной, для белья"
3585,4576,s5_666,,Мебель,7800,Шкаф 50 см дуб сонома,Тип товара: Шкаф; Габариты: 50 см; Цвет: дуб сонома
3586,4577,s5_667,,Мебель,3440,Лежанка серый велюр,Тип товара: Лежанка; Цвет: серый; Материал: велюр
3587,4578,s5_668,,Мебель,4910,Столик 90 см белый,Тип товара: Столик; Габариты: 90 см; Цвет: белый
3588,4579,s5_669,,Мебель,1100,Кровать 80х40х15 белый для хранения,Тип товара: Кровать; Габариты: 80х40х15; Цвет: белый; Особенности: для хранения
3589,4580,s5_670,,Мебель,19410,"Стол 160х80 мореный массив дуба, металл лофт","Тип товара: Стол; Габариты: 160х80; Цвет: мореный; Материал: массив дуба, металл; Особенности: лофт"
3590,4581,s5_671,,Мебель,14400,"Кресло Ракушка велюр, металл","Тип товара: Кресло; Наименование: Ракушка; Материал: велюр, металл"
3591,4582,s5_672,,Мебель,31410,Шкаф-купе 100х100 дуб молочный угловой,Тип товара: Шкаф-купе; Габариты: 100х100; Цвет: дуб молочный; Особенности: угловой
3592,4583,s5_673,,Мебель,2400,Столик 60х40 белый настенный,Тип товара: Столик; Габариты: 60х40; Цвет: белый; Особенности: настенный
3593,4584,s5_674,,Мебель,14700,Беседка бежевый,Тип товара: Беседка; Цвет: бежевый
3594,4585,s5_675,,Мебель,13900,"Прихожая 100х100 венге с дубом с зеркалом, угловой","Тип товара: Прихожая; Габариты: 100х100; Цвет: венге с дубом; Особенности: с зеркалом, угловой"
3595,4586,s5_676,,Мебель,6700,"Стол белый для прихожей, с зеркалом","Тип товара: Стол; Цвет: белый; Особенности: для прихожей, с зеркалом"
3596,4587,s5_677,,Мебель,2480,"Пуф натуральный лён для хранения, квадратный, туалетный","Тип товара: Пуф; Цвет: натуральный; Материал: лён; Особенности: для хранения, квадратный, туалетный"
3597,4588,s5_678,,Мебель,28490,"Кровать 160х200 белый глянец USB-портами, с подсветкой, двуспальная, глянец, подсветка по периметру","Тип товара: Кровать; Габариты: 160х200; Цвет: белый глянец; Особенности: USB-портами, с подсветкой, двуспальная, глянец, подсветка по периметру"
3598,4589,s5_679,,Мебель,24700,"Кровать-чердак 90х200 белый для подростка, с лестницей-комодом","Тип товара: Кровать-чердак; Габариты: 90х200; Цвет: белый; Особенности: для подростка, с лестницей-комодом"
3599,4590,s5_680,,Мебель,4400,Прикроватный столик орех,Тип товара: Прикроватный столик; Цвет: орех
3600,4591,s5_681,,Мебель,4100,"Шезлонг ткань с подушкой, складной","Тип товара: Шезлонг; Материал: ткань; Особенности: с подушкой, складной"
3601,4592,s5_682,,Мебель,24760,Кровать-замок 80х170 розовый с белым,Тип товара: Кровать-замок; Габариты: 80х170; Цвет: розовый с белым
3602,4593,s5_683,,Мебель,2410,Столик натуральное дерево,Тип товара: Столик; Цвет: натуральное дерево
3603,4594,s5_684,,Мебель,15800,Кровать 80х180,Тип товара: Кровать; Габариты: 80х180
3604,4595,s5_685,,Мебель,4800,Прикроватный столик графит,Тип товара: Прикроватный столик; Цвет: графит
3605,4596,s5_686,,Мебель,3900,Стеллаж 80х30х180 белый для книг,Тип товара: Стеллаж; Габариты: 80х30х180; Цвет: белый; Особенности: для книг
3606,4597,s5_687,,Мебель,23400,Кровать-чердак графит для подростка,Тип товара: Кровать-чердак; Цвет: графит; Особенности: для подростка
3607,4598,s5_688,,Мебель,6800,Стул серый велюр 4 шт,Тип товара: Стул; Цвет: серый; Материал: велюр; Особенности: 4 шт
3608,4599,s5_689,,Мебель,14530,Диван Облако в штанах молочный плюш для детской,Тип товара: Диван; Наименование: Облако в штанах; Цвет: молочный; Материал: плюш; Особенности: для детской
3609,4600,s5_690,,Мебель,2210,"Табурет терракотовый с подушкой, низкий, круглый","Тип товара: Табурет; Цвет: терракотовый; Особенности: с подушкой, низкий, круглый"
3610,4601,s5_691,,Мебель,3200,Столик дерево,Тип товара: Столик; Материал: дерево
3611,4602,s5_692,,Мебель,19700,Кровать-чердак 80х180 белый,Тип товара: Кровать-чердак; Габариты: 80х180; Цвет: белый
3612,4603,s5_693,,Мебель,18700,Кровать-чердак 80х170 белая с голубым,Тип товара: Кровать-чердак; Габариты: 80х170; Цвет: белая с голубым
3613,4604,s5_694,,Мебель,3750,Картина модульный,Тип товара: Картина; Особенности: модульный
3614,4605,s5_695,,Мебель,2770,Игровая жёлтый со звёздами складной,Тип товара: Игровая; Цвет: жёлтый со звёздами; Особенности: складной
3615,4606,s5_696,,Мебель,22400,"Туалетный столик слоновая кость с зеркалом, классический","Тип товара: Туалетный столик; Цвет: слоновая кость; Особенности: с зеркалом, классический"
3616,4607,s5_697,,Мебель,9400,Комод 80х40х130 дуб сонома высокий,Тип товара: Комод; Габариты: 80х40х130; Цвет: дуб сонома; Особенности: высокий
3617,4608,s5_698,,Мебель,6700,"Шкаф 50х50 светлое дерево для лоджии, угловой","Тип товара: Шкаф; Габариты: 50х50; Цвет: светлое дерево; Особенности: для лоджии, угловой"
3618,4609,s5_699,,Мебель,33800,"Балдахин 160х200 белый двуспальная, балдахином","Тип товара: Балдахин; Габариты: 160х200; Цвет: белый; Особенности: двуспальная, балдахином"
3619,4610,s5_700,,Мебель,5720,Прикроватная тумба графит,Тип товара: Прикроватная тумба; Цвет: графит
3620,4611,s5_701,,Мебель,14500,Пуф серая велюр с пуфом,Тип товара: Пуф; Цвет: серая; Материал: велюр; Особенности: с пуфом
3621,4612,s5_702,,Мебель,14460,"Стол белый с орехом для гостиной, раздвижной, трансформер","Тип товара: Стол; Цвет: белый с орехом; Особенности: для гостиной, раздвижной, трансформер"
3622,4613,s5_703,,Мебель,14700,Стенка 220 см ясень шимо,Тип товара: Стенка; Габариты: 220 см; Цвет: ясень шимо
3623,4614,s5_704,,Мебель,26800,Кровать 1600х2000 серый велюр подъёмным механизмом,Тип товара: Кровать; Габариты: 1600х2000; Цвет: серый; Материал: велюр; Особенности: подъёмным механизмом
3624,4615,s5_705,,Мебель,6410,"Стеллаж натуральное дерево с принтом обезьян и пальм 5 секций, детскую","Тип товара: Стеллаж; Цвет: натуральное дерево; Особенности: с принтом обезьян и пальм 5 секций, детскую"
3625,4616,s5_706,,Мебель,2100,Корзина бежевая ротанг для хранения,Тип товара: Корзина; Цвет: бежевая; Материал: ротанг; Особенности: для хранения
3626,4617,s5_707,,Мебель,3700,"Корзина бежевый ротанг лён, ротанг для белья","Тип товара: Корзина; Цвет: бежевый ротанг; Материал: лён, ротанг; Особенности: для белья"
3627,4618,s5_708,,Мебель,28400,Кресло подвесное,Тип товара: Кресло; Особенности: подвесное
3628,4619,s5_709,,Мебель,12440,Изголовье 180 см пыльно-розовый велюр настенное,Тип товара: Изголовье; Габариты: 180 см; Цвет: пыльно-розовый; Материал: велюр; Особенности: настенное
3629,4620,s5_710,,Мебель,13400,Диван,Тип товара: Диван
3630,4621,s5_711,,Мебель,3790,Дверца коричневый,Тип товара: Дверца; Цвет: коричневый
3631,4622,s5_712,,Мебель,6800,Тумба белая для белья,Тип товара: Тумба; Цвет: белая; Особенности: для белья
3632,4623,s5_713,,Мебель,1950,Гирлянда,Тип товара: Гирлянда
3633,4624,s5_714,,Мебель,7200,"Кресло с подушкой, подвесные","Тип товара: Кресло; Особенности: с подушкой, подвесные"
3634,4625,s5_715,,Мебель,7350,Письменный стол Эвелина 110 см графит,Тип товара: Письменный стол; Наименование: Эвелина; Габариты: 110 см; Цвет: графит
3635,4626,s5_716,,Мебель,5400,"Лампа чёрная металл 5 ламп, лофт","Тип товара: Лампа; Цвет: чёрная; Материал: металл; Особенности: 5 ламп, лофт"
3636,4627,s5_717,,Мебель,33700,Двухъярусная кровать серая рогожка рогожка,Тип товара: Двухъярусная кровать; Цвет: серая рогожка; Материал: рогожка
3637,4628,s5_718,,Мебель,12800,Спорткомплекс натурал,Тип товара: Спорткомплекс; Цвет: натурал
3638,4629,s5_719,,Мебель,1750,Тюль 500х270 белый,Тип товара: Тюль; Габариты: 500х270; Цвет: белый
3639,4630,s5_720,,Мебель,19710,Кресло горчичный велюр,Тип товара: Кресло; Цвет: горчичный; Материал: велюр
3640,4631,s5_721,,Мебель,19890,Ящик дуб сонома,Тип товара: Ящик; Цвет: дуб сонома
3641,4632,s5_722,,Мебель,26700,Кресло подвесное,Тип товара: Кресло; Особенности: подвесное
3642,4633,s5_723,,Мебель,7200,Тумба 60 см дуб сонома влагостойкий с ящиками,Тип товара: Тумба; Габариты: 60 см; Цвет: дуб сонома влагостойкий; Особенности: с ящиками
3643,4634,s5_724,,Мебель,6400,"Банкетка 120 см зелёная для дачи, складной","Тип товара: Банкетка; Габариты: 120 см; Цвет: зелёная; Особенности: для дачи, складной"
3644,4635,s5_725,,Мебель,4200,Стул белый,Тип товара: Стул; Цвет: белый
3645,4636,s5_726,,Мебель,22400,"Кровать Орхидея 160х200 графит для белья, с ящиками, двуспальная","Тип товара: Кровать; Наименование: Орхидея; Габариты: 160х200; Цвет: графит; Особенности: для белья, с ящиками, двуспальная"
3646,4637,s5_727,,Мебель,3830,Стеллаж белый с зелёным,Тип товара: Стеллаж; Цвет: белый с зелёным
3647,4638,s5_728,,Мебель,23400,Кровать-чердак 90х200 белый,Тип товара: Кровать-чердак; Габариты: 90х200; Цвет: белый
3648,4639,s5_729,,Мебель,2900,Гирлянда 3х3 м белый на окно,Тип товара: Гирлянда; Габариты: 3х3 м; Цвет: белый; Особенности: на окно
3649,4640,s5_730,,Мебель,7810,Шкаф натуральное дерево,Тип товара: Шкаф; Цвет: натуральное дерево
3650,4641,s5_731,,Мебель,14700,Беговая дорожка серая,Тип товара: Беговая дорожка; Цвет: серая
3651,4642,s5_732,,Мебель,7530,Банкетка 160 см графит велюр с каретной стяжкой,Тип товара: Банкетка; Габариты: 160 см; Цвет: графит; Материал: велюр; Особенности: с каретной стяжкой
3652,4643,s5_733,,Мебель,3200,Плед 130х170 серый крупная вязка,Тип товара: Плед; Габариты: 130х170; Цвет: серый; Особенности: крупная вязка
3653,4644,s5_734,,Мебель,13910,Кресло на чёрных ножках велюр,Тип товара: Кресло; Цвет: на чёрных ножках; Материал: велюр
3654,4645,s5_735,,Мебель,4200,"Корзина белый ротанг ротанг для ванной, для белья, с крышкой","Тип товара: Корзина; Цвет: белый ротанг; Материал: ротанг; Особенности: для ванной, для белья, с крышкой"
3655,4646,s5_736,,Мебель,14700,Кровать 80х160 чёрная,Тип товара: Кровать; Габариты: 80х160; Цвет: чёрная
3656,4647,s5_737,,Мебель,18400,"Велотренажёр белый для пожилых, складной","Тип товара: Велотренажёр; Цвет: белый; Особенности: для пожилых, складной"
3657,4648,s5_738,,Мебель,19700,Кухонный уголок Классика белая экокожа,Тип товара: Кухонный уголок; Наименование: Классика; Цвет: белая; Материал: экокожа
3658,4649,s5_739,,Мебель,31400,"Тренажёр чёрно-красный складной, магнитный","Тип товара: Тренажёр; Цвет: чёрно-красный; Особенности: складной, магнитный"
3659,4650,s5_740,,Мебель,9900,"Шкаф 80 см белый 2-дверный, для прихожей","Тип товара: Шкаф; Габариты: 80 см; Цвет: белый; Особенности: 2-дверный, для прихожей"
3660,4651,s5_741,,Мебель,27800,Кровать 160х200 белый прованс,Тип товара: Кровать; Габариты: 160х200; Цвет: белый прованс
3661,4652,s5_742,,Мебель,1850,"Сушилка белый для балкона, для белья, настенная, компактная, складной","Тип товара: Сушилка; Цвет: белый; Особенности: для балкона, для белья, настенная, компактная, складной"
3662,4653,s5_743,,Мебель,1250,Ночник красный с белым детский,Тип товара: Ночник; Цвет: красный с белым; Особенности: детский
3663,4654,s5_744,,Мебель,34800,Двухъярусная кровать 90х200 серая рогожка,Тип товара: Двухъярусная кровать; Габариты: 90х200; Цвет: серая; Материал: рогожка
3664,4655,s5_745,,Мебель,31400,Двухъярусная кровать серая меланж ткань,Тип товара: Двухъярусная кровать; Цвет: серая меланж; Материал: ткань
3665,4656,s5_746,,Мебель,6400,Комод 50х120 белый высокий,Тип товара: Комод; Габариты: 50х120; Цвет: белый; Особенности: высокий
3666,4657,s5_747,,Мебель,9710,Столик 90х90 мореный дуб низкий,Тип товара: Столик; Габариты: 90х90; Цвет: мореный дуб; Особенности: низкий
3667,4658,s5_748,,Мебель,28700,"Кровать-чердак графит с серым для подростка, высокий","Тип товара: Кровать-чердак; Цвет: графит с серым; Особенности: для подростка, высокий"
3668,4659,s5_749,,Мебель,7100,Тумба белый высокий,Тип товара: Тумба; Цвет: белый; Особенности: высокий
3669,4660,s5_750,,Мебель,7900,Шезлонг коричневый ротанг,Тип товара: Шезлонг; Цвет: коричневый; Материал: ротанг
3670,4661,s5_751,,Мебель,3200,Пуф коричневый для прихожей,Тип товара: Пуф; Цвет: коричневый; Особенности: для прихожей
3671,4662,s5_752,,Мебель,42790,"Гарнитур белый глянец с дубом пятисекционный, для гостиной, модульный, глянец","Тип товара: Гарнитур; Цвет: белый глянец с дубом; Особенности: пятисекционный, для гостиной, модульный, глянец"
3672,4663,s5_753,,Мебель,11800,"Геймерское кресло чёрный с синим высокой, геймерский, компьютерный","Тип товара: Геймерское кресло; Цвет: чёрный с синим; Особенности: высокой, геймерский, компьютерный"
3673,4664,s5_754,,Мебель,7800,Столик 90 см белый,Тип товара: Столик; Габариты: 90 см; Цвет: белый
3674,4665,s5_755,,Мебель,19800,Шатёр 4х6 белый прозрачными,Тип товара: Шатёр; Габариты: 4х6; Цвет: белый; Особенности: прозрачными
3675,4666,s5_756,,Мебель,5100,Стеллаж белый для книг,Тип товара: Стеллаж; Цвет: белый; Особенности: для книг
3676,4667,s5_757,,Мебель,1450,"Табурет металл 4 штуки, складной, в комплекте","Тип товара: Табурет; Материал: металл; Особенности: 4 штуки, складной, в комплекте"
3677,4668,s5_758,,Мебель,4400,Полка чёрный матовый матовый,Тип товара: Полка; Цвет: чёрный матовый; Особенности: матовый
3678,4669,s5_759,,Мебель,14820,"Шкаф тёмно-синий со звёздами с принтом планет и звёздных систем, детский","Тип товара: Шкаф; Цвет: тёмно-синий со звёздами; Особенности: с принтом планет и звёздных систем, детский"
3679,4670,s5_760,,Мебель,4200,Банкетка 100 см бежевая,Тип товара: Банкетка; Габариты: 100 см; Цвет: бежевая
3680,4671,s5_761,,Мебель,13420,Компьютерный стол 160х110 дуб сонома с белым угловой,Тип товара: Компьютерный стол; Габариты: 160х110; Цвет: дуб сонома с белым; Особенности: угловой
3681,4672,s5_762,,Мебель,23700,"Кровать 160х200 белый для белья, с ящиками","Тип товара: Кровать; Габариты: 160х200; Цвет: белый; Особенности: для белья, с ящиками"
3682,4673,s5_763,,Мебель,2100,"Лампа бежевая ткань классический, настольный","Тип товара: Лампа; Цвет: бежевая; Материал: ткань; Особенности: классический, настольный"
3683,4674,s5_764,,Мебель,18950,Кровать-ракета 80х170 чёрный со светящимися элементами космический,Тип товара: Кровать-ракета; Габариты: 80х170; Цвет: чёрный со светящимися элементами; Особенности: космический
3684,4675,s5_765,,Мебель,13800,"Шкаф белый 2-дверный, детский, с принтом","Тип товара: Шкаф; Цвет: белый; Особенности: 2-дверный, детский, с принтом"
3685,4676,s5_766,,Мебель,5400,Стол 120 см белый для школьника,Тип товара: Стол; Габариты: 120 см; Цвет: белый; Особенности: для школьника
3686,4677,s5_767,,Мебель,2700,Балдахин кремовый детскую,Тип товара: Балдахин; Цвет: кремовый; Особенности: детскую
3687,4678,s5_768,,Мебель,4410,Вешалка металлик с дубом металл,Тип товара: Вешалка; Цвет: металлик с дубом; Материал: металл
3688,4679,s5_769,,Мебель,17800,"Туалетный столик белый глянец с подсветкой, глянец, подсветка по периметру","Тип товара: Туалетный столик; Цвет: белый глянец; Особенности: с подсветкой, глянец, подсветка по периметру"
3689,4680,s5_770,,Мебель,3700,Домик-палатка синий с красным с принтом гоночная,Тип товара: Домик-палатка; Цвет: синий с красным; Особенности: с принтом гоночная
3690,4681,s5_771,,Мебель,19800,"Шкаф дуб молочный 3-дверный, с зеркалом","Тип товара: Шкаф; Цвет: дуб молочный; Особенности: 3-дверный, с зеркалом"
3691,4682,s5_772,,Мебель,4480,"Светильник золото подвесной, с цветными стёклами","Тип товара: Светильник; Цвет: золото; Особенности: подвесной, с цветными стёклами"
3692,4683,s5_773,,Мебель,2900,Полка чёрный металл настольный,Тип товара: Полка; Цвет: чёрный; Материал: металл; Особенности: настольный
3693,4684,s5_774,,Мебель,6800,"Кроватка белый для новорождённого, с маятником","Тип товара: Кроватка; Цвет: белый; Особенности: для новорождённого, с маятником"
3694,4685,s5_775,,Мебель,19400,Изголовье 140х200 серый велюр двуспальная,Тип товара: Изголовье; Габариты: 140х200; Цвет: серый; Материал: велюр; Особенности: двуспальная
3695,4686,s5_776,,Мебель,26900,"Кровать-домик 90х200 белый двухъярусная, с лестницей","Тип товара: Кровать-домик; Габариты: 90х200; Цвет: белый; Особенности: двухъярусная, с лестницей"
3696,4687,s5_777,,Мебель,11500,Кресло ротанг,Тип товара: Кресло; Материал: ротанг
3697,4688,s5_778,,Мебель,3900,Столик,Тип товара: Столик
3698,4689,s5_779,,Мебель,26800,"Кровать 160х200 бежевая экокожа с каретной стяжкой, двуспальная","Тип товара: Кровать; Габариты: 160х200; Цвет: бежевая; Материал: экокожа; Особенности: с каретной стяжкой, двуспальная"
3699,4690,s5_780,,Мебель,14860,Прихожая белый с венге,Тип товара: Прихожая; Цвет: белый с венге
3700,4691,s5_781,,Мебель,1750,Сушилка белая для белья,Тип товара: Сушилка; Цвет: белая; Особенности: для белья
3701,4692,s5_782,,Мебель,9650,"Шкаф 120х40х60 чёрное дерево для гостиной, низкий, японский","Тип товара: Шкаф; Габариты: 120х40х60; Цвет: чёрное дерево; Особенности: для гостиной, низкий, японский"
3702,4693,s5_783,,Мебель,5700,Стеллаж светлый прозрачными,Тип товара: Стеллаж; Цвет: светлый; Особенности: прозрачными
3703,4694,s5_784,,Мебель,7520,Гамак серый,Тип товара: Гамак; Цвет: серый
3704,4695,s5_785,,Мебель,15400,Спорткомплекс берёза,Тип товара: Спорткомплекс; Цвет: берёза
3705,4696,s5_786,,Мебель,24700,Кухонный уголок Прованс белый с бежевым цветочная обивка,Тип товара: Кухонный уголок; Наименование: Прованс; Цвет: белый с бежевым; Особенности: цветочная обивка
3706,4697,s5_787,,Мебель,5400,Пуф 120 см кремовый плюш детскую,Тип товара: Пуф; Габариты: 120 см; Цвет: кремовый; Материал: плюш; Особенности: детскую
3707,4698,s5_788,,Мебель,14710,Кушетка 90х200 графит подростковый,Тип товара: Кушетка; Габариты: 90х200; Цвет: графит; Особенности: подростковый
3708,4699,s5_789,,Мебель,5420,Мольберт натуральное дерево для подростка,Тип товара: Мольберт; Цвет: натуральное дерево; Особенности: для подростка
3709,4700,s5_790,,Мебель,1450,"Подушка зелёный с белым 2 шт, с принтом","Тип товара: Подушка; Цвет: зелёный с белым; Особенности: 2 шт, с принтом"
3710,4701,s5_791,,Мебель,2200,Стол орех массив дуба,Тип товара: Стол; Цвет: орех; Материал: массив дуба
3711,4702,s5_792,,Мебель,2700,Плед 150х200 тёмно-синий плюш с принтом звёзд 150 на 200,Тип товара: Плед; Габариты: 150х200; Цвет: тёмно-синий; Материал: плюш; Особенности: с принтом звёзд 150 на 200
3712,4703,s5_793,,Мебель,7400,Стенка 3х3 белый,Тип товара: Стенка; Габариты: 3х3; Цвет: белый
3713,4704,s5_794,,Мебель,5400,Шезлонг тёмно-серый складное,Тип товара: Шезлонг; Цвет: тёмно-серый; Особенности: складное
3714,4705,s5_795,,Мебель,4800,"Подушка дерево с подушкой, подвесные","Тип товара: Подушка; Материал: дерево; Особенности: с подушкой, подвесные"
3715,4706,s5_796,,Мебель,8900,"Стол 180 см для дачи, раскладной, трансформер","Тип товара: Стол; Габариты: 180 см; Особенности: для дачи, раскладной, трансформер"
3716,4707,s5_797,,Мебель,9800,"Шкаф 60 см дуб сонома для балкона, высокий","Тип товара: Шкаф; Габариты: 60 см; Цвет: дуб сонома; Особенности: для балкона, высокий"
3717,4708,s5_798,,Мебель,3380,Прикроватная тумба нежно-розовый с короной,Тип товара: Прикроватная тумба; Цвет: нежно-розовый; Особенности: с короной
3718,4709,s5_799,,Мебель,4900,"Скамья 80 см белый для балкона, для хранения","Тип товара: Скамья; Габариты: 80 см; Цвет: белый; Особенности: для балкона, для хранения"
3719,4710,s5_800,,Мебель,14700,"Кроватка белая для новорождённого, с маятником, трансформер","Тип товара: Кроватка; Цвет: белая; Особенности: для новорождённого, с маятником, трансформер"
3720,4711,s5_801,,Мебель,14670,Изголовье 200 см графит велюр настенное,Тип товара: Изголовье; Габариты: 200 см; Цвет: графит; Материал: велюр; Особенности: настенное
3721,4712,s5_802,,Мебель,15790,"Шкаф дуб сонома для прихожей, угловой","Тип товара: Шкаф; Цвет: дуб сонома; Особенности: для прихожей, угловой"
3722,4713,s5_803,,Мебель,3400,"Сушилка серый для белья, на колёсиках","Тип товара: Сушилка; Цвет: серый; Особенности: для белья, на колёсиках"
3723,4714,s5_804,,Мебель,9700,"Шкаф белый 3-секционный, с разноцветными дверцами","Тип товара: Шкаф; Цвет: белый; Особенности: 3-секционный, с разноцветными дверцами"
3724,4715,s5_805,,Мебель,1850,Шкаф металл,Тип товара: Шкаф; Материал: металл
3725,4716,s5_806,,Мебель,4900,Столик 80х60 белый трансформер,Тип товара: Столик; Габариты: 80х60; Цвет: белый; Особенности: трансформер
3726,4717,s5_807,,Мебель,2400,Бра золото настенное,Тип товара: Бра; Цвет: золото; Особенности: настенное
3727,4718,s5_808,,Мебель,5900,Ковёр 160х230 графитовый однотонный,Тип товара: Ковёр; Габариты: 160х230; Цвет: графитовый однотонный
3728,4719,s5_809,,Мебель,15800,Кресло Тюльпан тёмно-зелёный,Тип товара: Кресло; Наименование: Тюльпан; Цвет: тёмно-зелёный
3729,4720,s5_810,,Мебель,4700,Стул белый,Тип товара: Стул; Цвет: белый
3730,4721,s5_811,,Мебель,22400,Эллипс серый складной,Тип товара: Эллипс; Цвет: серый; Особенности: складной
3731,4722,s5_812,,Мебель,5640,Кресло розовый велюр с короной,Тип товара: Кресло; Цвет: розовый; Материал: велюр; Особенности: с короной
3732,4723,s5_813,,Мебель,5460,Стеллаж тёмно-синий для кошки,Тип товара: Стеллаж; Цвет: тёмно-синий; Особенности: для кошки
3733,4724,s5_814,,Мебель,3620,Балансир-доска натуральная берёза дерево,Тип товара: Балансир-доска; Цвет: натуральная берёза; Материал: дерево
3734,4725,s5_815,,Мебель,3470,Подставка чёрный,Тип товара: Подставка; Цвет: чёрный
3735,4726,s5_816,,Мебель,4900,Тумба серый велюр,Тип товара: Тумба; Цвет: серый; Материал: велюр
3736,4727,s5_817,,Мебель,8700,Письменный стол 130 см венге с белым для подростка,Тип товара: Письменный стол; Габариты: 130 см; Цвет: венге с белым; Особенности: для подростка
3737,4728,s5_818,,Мебель,28900,Двухъярусная кровать 90х200,Тип товара: Двухъярусная кровать; Габариты: 90х200
3738,4729,s5_819,,Мебель,17820,Кровать-домик Принцесса 80х160,Тип товара: Кровать-домик; Наименование: Принцесса; Габариты: 80х160
3739,4730,s5_820,,Мебель,15600,Кровать 80х170 синяя детский,Тип товара: Кровать; Габариты: 80х170; Цвет: синяя; Особенности: детский
3740,4731,s5_821,,Мебель,9300,Изголовье 160 см бежевый лён настенное,Тип товара: Изголовье; Габариты: 160 см; Цвет: бежевый; Материал: лён; Особенности: настенное
3741,4732,s5_822,,Мебель,4700,Шатёр белый,Тип товара: Шатёр; Цвет: белый
3742,4733,s5_823,,Мебель,13400,"Кроватка белый для новорождённого, с маятником","Тип товара: Кроватка; Цвет: белый; Особенности: для новорождённого, с маятником"
3743,4734,s5_824,,Мебель,5400,"Беседка 2х2 серая для дачи, складной","Тип товара: Беседка; Габариты: 2х2; Цвет: серая; Особенности: для дачи, складной"
3744,4735,s5_825,,Мебель,7400,Банкетка 160 см серый велюр велюр,Тип товара: Банкетка; Габариты: 160 см; Цвет: серый велюр; Материал: велюр
3745,4736,s5_826,,Мебель,22700,"Кресло классическое, подвесное","Тип товара: Кресло; Особенности: классическое, подвесное"
3746,4737,s5_827,,Мебель,15670,Кровать 80х170 красная детский,Тип товара: Кровать; Габариты: 80х170; Цвет: красная; Особенности: детский
3747,4738,s5_828,,Мебель,5990,"Зеркало 60 см розовый настольное, визажное, led-подсветкой","Тип товара: Зеркало; Габариты: 60 см; Цвет: розовый; Особенности: настольное, визажное, led-подсветкой"
3748,4739,s5_829,,Мебель,1450,"Гирлянда разноцветная с пультом, на батарейках","Тип товара: Гирлянда; Цвет: разноцветная; Особенности: с пультом, на батарейках"
3749,4740,s5_830,,Мебель,9700,Туалетный столик светлый дуб круглым,Тип товара: Туалетный столик; Цвет: светлый дуб; Особенности: круглым
3750,4741,s5_831,,Мебель,19790,Стол 220х100 белый матовый матовый,Тип товара: Стол; Габариты: 220х100; Цвет: белый матовый; Особенности: матовый
3751,4742,s5_832,,Мебель,2350,Прикроватная тумба 40х35х50 дуб сонома,Тип товара: Прикроватная тумба; Габариты: 40х35х50; Цвет: дуб сонома
3752,4743,s5_833,,Мебель,6810,"Стол 120 см белый матовый складной, круглый, матовый","Тип товара: Стол; Габариты: 120 см; Цвет: белый матовый; Особенности: складной, круглый, матовый"
3753,4744,s5_834,,Мебель,42440,Стенка дуб молочный для спальни,Тип товара: Стенка; Цвет: дуб молочный; Особенности: для спальни
3754,4745,s5_835,,Мебель,8400,Изголовье 140 см изумрудный велюр с каретной стяжкой,Тип товара: Изголовье; Габариты: 140 см; Цвет: изумрудный; Материал: велюр; Особенности: с каретной стяжкой
3755,4746,s5_836,,Мебель,1850,"Корзина 60 см серый бежевый ткань для белья, с крышкой, высокий, складной","Тип товара: Корзина; Габариты: 60 см; Цвет: серый бежевый; Материал: ткань; Особенности: для белья, с крышкой, высокий, складной"
3756,4747,s5_837,,Мебель,3400,Корзина натуральный лён для белья,Тип товара: Корзина; Цвет: натуральный; Материал: лён; Особенности: для белья
3757,4748,s5_838,,Мебель,3490,Шкаф металл,Тип товара: Шкаф; Материал: металл
3758,4749,s5_839,,Мебель,5100,Гладильная доска бежевая для белья,Тип товара: Гладильная доска; Цвет: бежевая; Особенности: для белья
3759,4750,s5_840,,Мебель,4500,"Стеллаж дуб сонома 4 полки, подростку","Тип товара: Стеллаж; Цвет: дуб сонома; Особенности: 4 полки, подростку"
3760,4751,s5_841,,Мебель,7900,Шезлонг тёмно-серый,Тип товара: Шезлонг; Цвет: тёмно-серый
3761,4752,s5_842,,Мебель,1250,"Органайзер для хранения, прозрачный","Тип товара: Органайзер; Особенности: для хранения, прозрачный"
3762,4753,s5_843,,Мебель,7800,"Лампа чёрный с золотом 6 ламп, подвесная","Тип товара: Лампа; Цвет: чёрный с золотом; Особенности: 6 ламп, подвесная"
3763,4754,s5_844,,Мебель,14770,Ковёр 200х290 меланж,Тип товара: Ковёр; Габариты: 200х290; Цвет: меланж
3764,4755,s5_845,,Мебель,13900,"Шкаф зелёный с белым с принтом джунглей и зверей, детский","Тип товара: Шкаф; Цвет: зелёный с белым; Особенности: с принтом джунглей и зверей, детский"
3765,4756,s5_846,,Мебель,14690,"Стол Тысяча и одна столешница дуб сонома раздвижной, трансформер","Тип товара: Стол; Наименование: Тысяча и одна столешница; Цвет: дуб сонома; Особенности: раздвижной, трансформер"
3766,4757,s5_847,,Мебель,3800,Пуф тёмно-синий велюр для гостиной,Тип товара: Пуф; Цвет: тёмно-синий; Материал: велюр; Особенности: для гостиной
3767,4758,s5_848,,Мебель,3700,Горшок 45 см бежевый,Тип товара: Горшок; Габариты: 45 см; Цвет: бежевый
3768,4759,s5_849,,Мебель,1700,"Подушка 2 шт, с принтом","Тип товара: Подушка; Особенности: 2 шт, с принтом"
3769,4760,s5_850,,Мебель,1450,Канат 220 см натуральный детскую,Тип товара: Канат; Габариты: 220 см; Цвет: натуральный; Особенности: детскую
3770,4761,s5_851,,Мебель,1860,Подставка,Тип товара: Подставка
3771,4762,s5_852,,Мебель,2700,Кровать синяя,Тип товара: Кровать; Цвет: синяя
3772,4763,s5_853,,Мебель,29800,"Кушетка дуб сонома двухъярусная, для белья","Тип товара: Кушетка; Цвет: дуб сонома; Особенности: двухъярусная, для белья"
3773,4764,s5_854,,Мебель,21490,Кушетка 180 см бордовый узорчатый велюр,Тип товара: Кушетка; Габариты: 180 см; Цвет: бордовый узорчатый; Материал: велюр
3774,4765,s5_855,,Мебель,1760,Гирлянда золотисто-оранжевый,Тип товара: Гирлянда; Цвет: золотисто-оранжевый
3775,4766,s5_856,,Мебель,6800,Стеллаж розовый с белым,Тип товара: Стеллаж; Цвет: розовый с белым
3776,4767,s5_857,,Мебель,4750,Стул складной,Тип товара: Стул; Особенности: складной
3777,4768,s5_858,,Мебель,3400,"Шезлонг тёмно-зелёный для дачи, складной","Тип товара: Шезлонг; Цвет: тёмно-зелёный; Особенности: для дачи, складной"
3778,4769,s5_859,,Мебель,9200,Кушетка 130 см детский,Тип товара: Кушетка; Габариты: 130 см; Особенности: детский
3779,4770,s5_860,,Мебель,3300,"Ящик для хранения, с крышкой, на колёсиках, детских","Тип товара: Ящик; Особенности: для хранения, с крышкой, на колёсиках, детских"
3780,4771,s5_861,,Мебель,1750,"Ночник голубой для детской, на пульте","Тип товара: Ночник; Цвет: голубой; Особенности: для детской, на пульте"
3781,4772,s5_862,,Мебель,7410,"Столик 180х80 белый прямоугольный, складной","Тип товара: Столик; Габариты: 180х80; Цвет: белый; Особенности: прямоугольный, складной"
3782,4773,s5_863,,Мебель,3900,Стойка золото металл,Тип товара: Стойка; Цвет: золото; Материал: металл
3783,4774,s5_864,,Мебель,3400,Прикроватный столик белый,Тип товара: Прикроватный столик; Цвет: белый
3784,4775,s5_865,,Мебель,3490,Столик 90 см зелёный с золотом,Тип товара: Столик; Габариты: 90 см; Цвет: зелёный с золотом
3785,4776,s5_866,,Мебель,1450,Подставка чёрный металл угловой,Тип товара: Подставка; Цвет: чёрный; Материал: металл; Особенности: угловой
3786,4777,s5_867,,Мебель,7860,Подставка натуральное дерево,Тип товара: Подставка; Цвет: натуральное дерево
3787,4778,s5_868,,Мебель,15600,Кровать 80х170 детский,Тип товара: Кровать; Габариты: 80х170; Особенности: детский
3788,4779,s5_869,,Мебель,38900,Диван графит велюр,Тип товара: Диван; Цвет: графит; Материал: велюр
3789,4780,s5_870,,Мебель,7420,Прикроватная тумба белый с дубом высокий,Тип товара: Прикроватная тумба; Цвет: белый с дубом; Особенности: высокий
3790,4781,s5_871,,Мебель,19840,"Спорткомплекс берёза с зелёным домашний, с горкой и канатом","Тип товара: Спорткомплекс; Цвет: берёза с зелёным; Особенности: домашний, с горкой и канатом"
3791,4782,s5_872,,Мебель,15810,Шкаф розово-фиолетовый,Тип товара: Шкаф; Цвет: розово-фиолетовый
3792,4783,s5_873,,Мебель,3200,Кресло плюш детское,Тип товара: Кресло; Материал: плюш; Особенности: детское
3793,4784,s5_874,,Мебель,9870,"Стеллаж 120х30 чёрный с дубом металл, дерево лофт","Тип товара: Стеллаж; Габариты: 120х30; Цвет: чёрный с дубом; Материал: металл, дерево; Особенности: лофт"
3794,4785,s5_875,,Мебель,28400,Шкаф ясень шимо светлый 4-дверный,Тип товара: Шкаф; Цвет: ясень шимо светлый; Особенности: 4-дверный
3795,4786,s5_876,,Мебель,33400,"Диван Лондон 200 см тёмно-серая рогожка еврокнижка, прямой","Тип товара: Диван; Наименование: Лондон; Габариты: 200 см; Цвет: тёмно-серая; Материал: рогожка; Особенности: еврокнижка, прямой"
3796,4787,s5_877,,Мебель,14800,"Кресло для дачи, подвесное","Тип товара: Кресло; Особенности: для дачи, подвесное"
3797,4788,s5_878,,Мебель,2400,Гирлянда 3х3 м белый,Тип товара: Гирлянда; Габариты: 3х3 м; Цвет: белый
3798,4789,s5_879,,Мебель,4490,"Шторы 200х270 графитовый меланж 2 полотна, готовые","Тип товара: Шторы; Габариты: 200х270; Цвет: графитовый меланж; Особенности: 2 полотна, готовые"
3799,4790,s5_880,,Мебель,5900,Пуф графит велюр,Тип товара: Пуф; Цвет: графит; Материал: велюр
3800,4791,s5_881,,Мебель,13700,"Туалетный столик белый угловой, led-подсветкой","Тип товара: Туалетный столик; Цвет: белый; Особенности: угловой, led-подсветкой"
3801,4792,s5_882,,Мебель,14700,"Туалетный столик белый для макияжа, с зеркалом, led-подсветкой","Тип товара: Туалетный столик; Цвет: белый; Особенности: для макияжа, с зеркалом, led-подсветкой"
3802,4793,s5_883,,Мебель,18900,Кресло уши в клетку ткань классическое,Тип товара: Кресло; Наименование: уши; Цвет: в клетку; Материал: ткань; Особенности: классическое
3803,4794,s5_884,,Мебель,1450,"Стул тёмно-зелёный пластик для балкона, компактный, складной","Тип товара: Стул; Цвет: тёмно-зелёный; Материал: пластик; Особенности: для балкона, компактный, складной"
3804,4795,s5_885,,Мебель,31400,Изголовье 180х200 изумрудный велюр высоким,Тип товара: Изголовье; Габариты: 180х200; Цвет: изумрудный; Материал: велюр; Особенности: высоким
3805,4796,s5_886,,Мебель,17480,"Шкаф 160 см белый матовый с зеркалом, матовый","Тип товара: Шкаф; Габариты: 160 см; Цвет: белый матовый; Особенности: с зеркалом, матовый"
3806,4797,s5_887,,Мебель,28400,Эллиптический тренажёр чёрный магнитный,Тип товара: Эллиптический тренажёр; Цвет: чёрный; Особенности: магнитный
3807,4798,s5_888,,Мебель,28700,Кухонный уголок Уют дуб сонома круглым,Тип товара: Кухонный уголок; Наименование: Уют; Цвет: дуб сонома; Особенности: круглым
3808,4799,s5_889,,Мебель,15600,Кровать 80х170 белая с красным крестом детский,Тип товара: Кровать; Габариты: 80х170; Цвет: белая с красным крестом; Особенности: детский
3809,4800,s5_890,,Мебель,15400,"Кресло розовый велюр с подушкой, подвесное","Тип товара: Кресло; Цвет: розовый; Материал: велюр; Особенности: с подушкой, подвесное"
3810,4801,s5_891,,Мебель,3940,Качели натуральное дерево дерево,Тип товара: Качели; Цвет: натуральное дерево; Материал: дерево
3811,4802,s5_892,,Мебель,7350,Письменный стол Эвелина 110 см белый,Тип товара: Письменный стол; Наименование: Эвелина; Габариты: 110 см; Цвет: белый
3812,4803,s5_893,,Мебель,34900,Кровать-чердак 140х200 графит,Тип товара: Кровать-чердак; Габариты: 140х200; Цвет: графит
3813,4804,s5_894,,Мебель,5800,"Стул серый для подростка, ортопедический","Тип товара: Стул; Цвет: серый; Особенности: для подростка, ортопедический"
3814,4805,s5_895,,Мебель,3700,"Качели металл для дачи, подвесные","Тип товара: Качели; Материал: металл; Особенности: для дачи, подвесные"
3815,4806,s5_896,,Мебель,5910,Плед 200х220 тёплый бежевый шерсть,Тип товара: Плед; Габариты: 200х220; Цвет: тёплый бежевый; Материал: шерсть
3816,4807,s5_897,,Мебель,11430,"Стеллаж 150х30 чёрный с дубом металл, дерево лофт","Тип товара: Стеллаж; Габариты: 150х30; Цвет: чёрный с дубом; Материал: металл, дерево; Особенности: лофт"
3817,4808,s5_898,,Мебель,5800,Стул светлое дерево складной,Тип товара: Стул; Цвет: светлое дерево; Особенности: складной
3818,4809,s5_899,,Мебель,3200,Пуф пыльно-розовый велюр,Тип товара: Пуф; Цвет: пыльно-розовый; Материал: велюр
3819,4810,s5_900,,Мебель,7480,"Лампа 80х60 белый 14 ламп, с подсветкой, настенное","Тип товара: Лампа; Габариты: 80х60; Цвет: белый; Особенности: 14 ламп, с подсветкой, настенное"
3820,4811,s5_901,,Мебель,25400,Изголовье капитоне 160х200 велюр двуспальная,Тип товара: Изголовье; Наименование: капитоне; Габариты: 160х200; Материал: велюр; Особенности: двуспальная
3821,4812,s5_902,,Мебель,1850,Кольца детскую,Тип товара: Кольца; Особенности: детскую
3822,4813,s5_903,,Мебель,7400,"Журнальный столик венге раскладной, трансформер","Тип товара: Журнальный столик; Цвет: венге; Особенности: раскладной, трансформер"
3823,4814,s5_904,,Мебель,3740,Прикроватная тумба кремовый,Тип товара: Прикроватная тумба; Цвет: кремовый
3824,4815,s5_905,,Мебель,26500,Кровать-чердак 90х200 дуб сонома,Тип товара: Кровать-чердак; Габариты: 90х200; Цвет: дуб сонома
3825,4816,s5_906,,Мебель,24460,Диван серый велюр,Тип товара: Диван; Цвет: серый; Материал: велюр
3826,4817,s5_907,,Мебель,1850,Столик 60х40 складной,Тип товара: Столик; Габариты: 60х40; Особенности: складной
3827,4818,s5_908,,Мебель,11400,"Кровать 90х200 графит для подростка, с ящиками","Тип товара: Кровать; Габариты: 90х200; Цвет: графит; Особенности: для подростка, с ящиками"
3828,4819,s5_909,,Мебель,15900,Кровать-чердак 70х160 белая с розовым,Тип товара: Кровать-чердак; Габариты: 70х160; Цвет: белая с розовым
3829,4820,s5_910,,Мебель,2800,Столик натуральный бук,Тип товара: Столик; Цвет: натуральный бук
3830,4821,s5_911,,Мебель,14900,Кресло чёрная с красным,Тип товара: Кресло; Цвет: чёрная с красным
3831,4822,s5_912,,Мебель,1750,"Кашпо 3 шт, подвесное, в комплекте","Тип товара: Кашпо; Особенности: 3 шт, подвесное, в комплекте"
3832,4823,s5_913,,Мебель,6700,"Гамак хаки тёмно-зелёный для дачи, подвесной","Тип товара: Гамак; Цвет: хаки тёмно-зелёный; Особенности: для дачи, подвесной"
3833,4824,s5_914,,Мебель,14800,Кухонный уголок 120х80 графит велюр,Тип товара: Кухонный уголок; Габариты: 120х80; Цвет: графит; Материал: велюр
3834,4825,s5_915,,Мебель,2900,"Корзина 30 см белый для ванной, для белья, высокий","Тип товара: Корзина; Габариты: 30 см; Цвет: белый; Особенности: для ванной, для белья, высокий"
3835,4826,s5_916,,Мебель,5400,Навес 120 см белый глянец,Тип товара: Навес; Габариты: 120 см; Цвет: белый; Особенности: глянец
3836,4827,s5_917,,Мебель,34700,Кровать-чердак белый с зелёным двухъярусная,Тип товара: Кровать-чердак; Цвет: белый с зелёным; Особенности: двухъярусная
3837,4828,s5_918,,Мебель,7200,Растущий стул натуральное дерево с зелёным для школьника,Тип товара: Растущий стул; Цвет: натуральное дерево с зелёным; Особенности: для школьника
3838,4829,s5_919,,Мебель,3900,Стул дерева бук складной,Тип товара: Стул; Цвет: дерева бук; Особенности: складной
3839,4830,s5_920,,Мебель,14490,"Матрас 160х200 двуспальной, ортопедический","Тип товара: Матрас; Габариты: 160х200; Особенности: двуспальной, ортопедический"
3840,4831,s5_921,,Мебель,5990,"Зеркало 60 см белый матовый настольное, матовый, визажное, led-подсветкой","Тип товара: Зеркало; Габариты: 60 см; Цвет: белый матовый; Особенности: настольное, матовый, визажное, led-подсветкой"
3841,4832,s5_922,,Мебель,9800,Изголовье 160 см серый велюр,Тип товара: Изголовье; Габариты: 160 см; Цвет: серый; Материал: велюр
3842,4833,s5_923,,Мебель,6700,Стол 110х70 белый раздвижной,Тип товара: Стол; Габариты: 110х70; Цвет: белый; Особенности: раздвижной
3843,4834,s5_924,,Мебель,1450,Подушка серый 2 шт,Тип товара: Подушка; Цвет: серый; Особенности: 2 шт
3844,4835,s5_925,,Мебель,18350,Шкаф 100 см белая лазурь с потёртостями,Тип товара: Шкаф; Габариты: 100 см; Цвет: белая лазурь; Особенности: с потёртостями
3845,4836,s5_926,,Мебель,17910,Кровать 80х170 зелёный с жёлтым,Тип товара: Кровать; Габариты: 80х170; Цвет: зелёный с жёлтым
3846,4837,s5_927,,Мебель,26430,Кровать 80х170 белый со звёздами космический,Тип товара: Кровать; Габариты: 80х170; Цвет: белый со звёздами; Особенности: космический
3847,4838,s5_928,,Мебель,14750,"Шкаф-купе 120 см венге 2-дверный, компактный","Тип товара: Шкаф-купе; Габариты: 120 см; Цвет: венге; Особенности: 2-дверный, компактный"
3848,4839,s5_929,,Мебель,7400,Кроватка бежевый для новорождённого,Тип товара: Кроватка; Цвет: бежевый; Особенности: для новорождённого
3849,4840,s5_930,,Мебель,1950,Сушилка белый для белья,Тип товара: Сушилка; Цвет: белый; Особенности: для белья
3850,4841,s5_931,,Мебель,15400,Кровать 80х170 красная,Тип товара: Кровать; Габариты: 80х170; Цвет: красная
3851,4842,s5_932,,Мебель,23800,Кушетка 180 см изумрудный велюр,Тип товара: Кушетка; Габариты: 180 см; Цвет: изумрудный; Материал: велюр
3852,4843,s5_933,,Мебель,4700,Перегородка 60 см дуб сонома,Тип товара: Перегородка; Габариты: 60 см; Цвет: дуб сонома
3853,4844,s5_934,,Мебель,3780,Полка чёрный с дубом настенная,Тип товара: Полка; Цвет: чёрный с дубом; Особенности: настенная
3854,4845,s5_935,,Мебель,2100,Пуф 45 см пыльно-розовый велюр круглый,Тип товара: Пуф; Габариты: 45 см; Цвет: пыльно-розовый; Материал: велюр; Особенности: круглый
3855,4846,s5_936,,Мебель,9400,"Стол дуб сонома складной, трансформер","Тип товара: Стол; Цвет: дуб сонома; Особенности: складной, трансформер"
3856,4847,s5_937,,Мебель,5400,"Кресло с подушкой, классическое","Тип товара: Кресло; Особенности: с подушкой, классическое"
3857,4848,s5_938,,Мебель,9650,"Шкаф 120х40х60 натуральная сосна сосна для гостиной, низкий, японский","Тип товара: Шкаф; Габариты: 120х40х60; Цвет: натуральная сосна; Материал: сосна; Особенности: для гостиной, низкий, японский"
3858,4849,s5_939,,Мебель,19700,Велотренажёр белый,Тип товара: Велотренажёр; Цвет: белый
3859,4850,s5_940,,Мебель,7200,Прихожая 100 см дуб сонома,Тип товара: Прихожая; Габариты: 100 см; Цвет: дуб сонома
3860,4851,s5_941,,Мебель,4400,"Стеллаж белый для книг, детскую","Тип товара: Стеллаж; Цвет: белый; Особенности: для книг, детскую"
3861,4852,s5_942,,Мебель,14700,Кресло серый велюр,Тип товара: Кресло; Цвет: серый; Материал: велюр
3862,4853,s5_943,,Мебель,15800,Диван серая водоотталкивающая,Тип товара: Диван; Цвет: серая водоотталкивающая
3863,4854,s5_944,,Мебель,13760,Матрас натуральная рисовая солома японский,Тип товара: Матрас; Цвет: натуральная рисовая солома; Особенности: японский
3864,4855,s5_945,,Мебель,5380,"Обувница 60х60 белый матовый угловой, высокий, матовый","Тип товара: Обувница; Габариты: 60х60; Цвет: белый матовый; Особенности: угловой, высокий, матовый"
3865,4856,s5_946,,Мебель,39800,"Эллиптический тренажёр чёрный с серым профессиональный, магнитный","Тип товара: Эллиптический тренажёр; Цвет: чёрный с серым; Особенности: профессиональный, магнитный"
3866,4857,s5_947,,Мебель,13700,Ковёр 240х340 серый меланж,Тип товара: Ковёр; Габариты: 240х340; Цвет: серый меланж
3867,4858,s5_948,,Мебель,15700,"Туалетный столик D60 белый матовый с зеркалом, круглым, матовый, led, в комплекте","Тип товара: Туалетный столик; Габариты: D60; Цвет: белый матовый; Особенности: с зеркалом, круглым, матовый, led, в комплекте"
3868,4859,s5_949,,Мебель,2240,Столик белый,Тип товара: Столик; Цвет: белый
3869,4860,s5_950,,Мебель,3400,"Корзина 70 см натуральный ткань, джут для белья, высокий","Тип товара: Корзина; Габариты: 70 см; Цвет: натуральный; Материал: ткань, джут; Особенности: для белья, высокий"
3870,4861,s5_951,,Мебель,6860,Прикроватный столик дуб сонома для пожилых,Тип товара: Прикроватный столик; Цвет: дуб сонома; Особенности: для пожилых
3871,4862,s5_952,,Мебель,3400,Подставка дуб сонома для книг,Тип товара: Подставка; Цвет: дуб сонома; Особенности: для книг
3872,4863,s5_953,,Мебель,5990,"Зеркало 60 см чёрный настольное, визажное, led-подсветкой","Тип товара: Зеркало; Габариты: 60 см; Цвет: чёрный; Особенности: настольное, визажное, led-подсветкой"
3873,4864,s5_954,,Мебель,750,Свеча бежевая с ароматом,Тип товара: Свеча; Цвет: бежевая; Особенности: с ароматом
3874,4865,s5_955,,Мебель,47900,"Диван Честер коричневая экокожа с каретной стяжкой, прямой, классический","Тип товара: Диван; Наименование: Честер; Цвет: коричневая; Материал: экокожа; Особенности: с каретной стяжкой, прямой, классический"
3875,4866,s5_956,,Мебель,3700,Столик 80 см белый круглый,Тип товара: Столик; Габариты: 80 см; Цвет: белый; Особенности: круглый
3876,4867,s5_957,,Мебель,14700,"Велотренажёр чёрный с серым складной, магнитный","Тип товара: Велотренажёр; Цвет: чёрный с серым; Особенности: складной, магнитный"
3877,4868,s5_958,,Мебель,14260,"Шкаф зелёный с белым с принтом джунглей и тропических листьев, детский","Тип товара: Шкаф; Цвет: зелёный с белым; Особенности: с принтом джунглей и тропических листьев, детский"
3878,4869,s5_959,,Мебель,9800,Письменный стол 140х110 дуб сонома угловой,Тип товара: Письменный стол; Габариты: 140х110; Цвет: дуб сонома; Особенности: угловой
3879,4870,s5_960,,Мебель,17400,Кресло мокко ротанг подвесное,Тип товара: Кресло; Цвет: мокко; Материал: ротанг; Особенности: подвесное
3880,4871,s5_961,,Мебель,3770,Туалетный столик пыльно-розовый велюр туалетного,Тип товара: Туалетный столик; Цвет: пыльно-розовый; Материал: велюр; Особенности: туалетного
3881,4872,s5_962,,Мебель,17900,Кушетка 180 см пыльно-розовый велюр,Тип товара: Кушетка; Габариты: 180 см; Цвет: пыльно-розовый; Материал: велюр
3882,4873,s5_963,,Мебель,6400,Гладильная доска серая,Тип товара: Гладильная доска; Цвет: серая
3883,4874,s5_964,,Мебель,1750,Туалетный столик пудровый туалетного,Тип товара: Туалетный столик; Цвет: пудровый; Особенности: туалетного
3884,4875,s5_965,,Мебель,35800,Кресло чёрное,Тип товара: Кресло; Цвет: чёрное
3885,4876,s5_966,,Мебель,5900,Банкетка 140 см белая экокожа,Тип товара: Банкетка; Габариты: 140 см; Цвет: белая; Материал: экокожа
3886,4877,s5_967,,Мебель,7160,"Барный стул горчичный велюр 2 шт, барные, высокие","Тип товара: Барный стул; Цвет: горчичный; Материал: велюр; Особенности: 2 шт, барные, высокие"
3887,4878,s5_968,,Мебель,2940,Корзина белый,Тип товара: Корзина; Цвет: белый
3888,4879,s5_969,,Мебель,3200,Кровать серый металл,Тип товара: Кровать; Цвет: серый; Материал: металл
3889,4880,s5_970,,Мебель,4700,Столик графит трансформер,Тип товара: Столик; Цвет: графит; Особенности: трансформер
3890,4881,s5_971,,Мебель,1950,"Лестница для детской, подвесная","Тип товара: Лестница; Особенности: для детской, подвесная"
3891,4882,s5_972,,Мебель,33470,"Диван Лиссабон 200 см горчичный велюр еврокнижка, прямой","Тип товара: Диван; Наименование: Лиссабон; Габариты: 200 см; Цвет: горчичный; Материал: велюр; Особенности: еврокнижка, прямой"
3892,4883,s5_973,,Мебель,28400,Диван-кровать 200 см бежевый,Тип товара: Диван-кровать; Габариты: 200 см; Цвет: бежевый
3893,4884,s5_974,,Мебель,24700,"Шкаф белый для спальни, угловой","Тип товара: Шкаф; Цвет: белый; Особенности: для спальни, угловой"
3894,4885,s5_975,,Мебель,1700,Сушилка белый компактная,Тип товара: Сушилка; Цвет: белый; Особенности: компактная
3895,4886,s5_976,,Мебель,18350,Шкаф 100 см слоновая кость,Тип товара: Шкаф; Габариты: 100 см; Цвет: слоновая кость
3896,4887,s5_977,,Мебель,3500,Пуф натуральный ротанг ротанг для хранения,Тип товара: Пуф; Цвет: натуральный ротанг; Материал: ротанг; Особенности: для хранения
3897,4888,s5_978,,Мебель,2790,Велокрепление чёрный настенное,Тип товара: Велокрепление; Цвет: чёрный; Особенности: настенное
3898,4889,s5_979,,Мебель,24700,"Кровать-чердак 90х200 дуб сонома для подростка, с лестницей-комодом","Тип товара: Кровать-чердак; Габариты: 90х200; Цвет: дуб сонома; Особенности: для подростка, с лестницей-комодом"
3899,4890,s5_980,,Мебель,5410,"Столик 70 см тёмное дерево низкий, круглый, с резьбой","Тип товара: Столик; Габариты: 70 см; Цвет: тёмное дерево; Особенности: низкий, круглый, с резьбой"
3900,4891,s5_981,,Мебель,6800,"Кресло чёрный эргономичный, офисный","Тип товара: Кресло; Цвет: чёрный; Особенности: эргономичный, офисный"
3901,4892,s5_982,,Мебель,28940,"Стенка белый матовый модульный, матовый","Тип товара: Стенка; Цвет: белый матовый; Особенности: модульный, матовый"
3902,4893,s5_983,,Мебель,19700,Эллиптический тренажёр белый компактный,Тип товара: Эллиптический тренажёр; Цвет: белый; Особенности: компактный
3903,1939,s3_1,,Furniture,4800,"Christmas tree 150cm slim, pencil, warm, leds, entryway","Product Type: Christmas tree; Dimensions: 150cm; Features: slim, pencil, warm, leds, entryway"
3904,1940,s3_2,,Furniture,1450,"Guitar stand black metal single, foldable, adjustable, padded","Product Type: Guitar stand; Color: black; Material: metal; Features: single, foldable, adjustable, padded"
3905,1941,s3_3,,Furniture,1450,"Monitor stand 50x22x12 wood, walnut","Product Type: Monitor stand; Dimensions: 50x22x12; Material: wood, walnut"
3906,1942,s3_4,,Furniture,5400,"Dining chair black eco-leather, metal set of 2","Product Type: Dining chair; Color: black; Material: eco-leather, metal; Features: set of 2"
3907,1943,s3_5,,Furniture,1450,"Storage basket d=35 cream cotton, rope tassels","Product Type: Storage basket; Dimensions: d=35; Color: cream; Material: cotton, rope; Features: tassels"
3908,1944,s3_6,,Furniture,94400,"Sofa set grey poly-rattan outdoor, l-shape, 7-piece","Product Type: Sofa set; Color: grey; Material: poly-rattan; Features: outdoor, l-shape, 7-piece"
3909,1945,s3_7,,Furniture,2950,Bedspread 180x220 grey microfiber reversible,Product Type: Bedspread; Dimensions: 180x220; Color: grey; Material: microfiber; Features: reversible
3910,1946,s3_8,,Furniture,3200,"Mattress cover 160x200 encasement, waterproof, bedbug-proof","Product Type: Mattress cover; Dimensions: 160x200; Features: encasement, waterproof, bedbug-proof"
3911,1947,s3_9,,Furniture,38400,"Bed Oslo 160x200 natural oak tatami, platform, low-profile","Product Type: Bed; Name: Oslo; Dimensions: 160x200; Color: natural; Material: oak; Features: tatami, platform, low-profile"
3912,1948,s3_10,,Furniture,3200,"Halloween decor 120cm metal witch, yard, set of 3","Product Type: Halloween decor; Dimensions: 120cm; Material: metal; Features: witch, yard, set of 3"
3913,1949,s3_11,,Furniture,3450,"Chest 45x25x30 wood antique, tabletop, hand-carved","Product Type: Chest; Dimensions: 45x25x30; Material: wood; Features: antique, tabletop, hand-carved"
3914,1950,s3_12,,Furniture,5400,"Wall clock d=80 antique-style, round, distressed, roman","Product Type: Wall clock; Dimensions: d=80; Features: antique-style, round, distressed, roman"
3915,1951,s3_13,,Furniture,2400,"Cabinet 3m led, strip, kitchen, under, motion","Product Type: Cabinet; Dimensions: 3m; Features: led, strip, kitchen, under, motion"
3916,1952,s3_14,,Furniture,12400,"Mattress topper 200x200, 7cm memory foam, foam cooling","Product Type: Mattress topper; Dimensions: 200x200, 7cm; Material: memory foam, foam; Features: cooling"
3917,1953,s3_15,,Furniture,72400,"Dining set aluminum, teak patio, 6-seater, top","Product Type: Dining set; Material: aluminum, teak; Features: patio, 6-seater, top"
3918,1954,s3_16,,Furniture,2800,"USB hub Oslo under-desk, clamp, 4-port, charger, pad","Product Type: USB hub; Name: Oslo; Features: under-desk, clamp, 4-port, charger, pad"
3919,1955,s3_17,,Furniture,94200,"Sofa set Oslo brown rattan corner, 6-seater","Product Type: Sofa set; Name: Oslo; Color: brown; Material: rattan; Features: corner, 6-seater"
3920,1956,s3_18,,Furniture,18400,Massage table 70x190 black wood portable,Product Type: Massage table; Dimensions: 70x190; Color: black; Material: wood; Features: portable
3921,1957,s3_19,,Furniture,4200,"Area rug 60x250 beige sisal hallway, runner","Product Type: Area rug; Dimensions: 60x250; Color: beige; Material: sisal; Features: hallway, runner"
3922,1958,s3_20,,Furniture,3450,"LED strip Stella 10m smart, lighting, rgb, tuya, app, gradient","Product Type: LED strip; Name: Stella; Dimensions: 10m; Features: smart, lighting, rgb, tuya, app, gradient"
3923,1959,s3_21,,Furniture,4800,"Bar stool Oslo 50x50x85 gold velvet rose, legs","Product Type: Bar stool; Name: Oslo; Dimensions: 50x50x85; Color: gold; Material: velvet; Features: rose, legs"
3924,1960,s3_22,,Furniture,2800,"Bench Oslo 50x20x20 natural bamboo yoga, foldable, kneeling","Product Type: Bench; Name: Oslo; Dimensions: 50x20x20; Color: natural; Material: bamboo; Features: yoga, foldable, kneeling"
3925,1961,s3_23,,Furniture,2400,"Umbrella Aria 25x25x55 ivory ceramic stand, minimal","Product Type: Umbrella; Name: Aria; Dimensions: 25x25x55; Color: ivory; Material: ceramic; Features: stand, minimal"
3926,1962,s3_24,,Furniture,7400,"Bedside cabinet Verona wood, walnut 1-door, 1-drawer","Product Type: Bedside cabinet; Name: Verona; Material: wood, walnut; Features: 1-door, 1-drawer"
3927,1963,s3_25,,Furniture,9800,"Bed Adeline 140x40x45 champagne velvet bench, end-of, luxe","Product Type: Bed; Name: Adeline; Dimensions: 140x40x45; Color: champagne; Material: velvet; Features: bench, end-of, luxe"
3928,1964,s3_26,,Furniture,19400,Sun lounger white aluminum set of 2,Product Type: Sun lounger; Color: white; Material: aluminum; Features: set of 2
3929,1965,s3_27,,Furniture,94400,"Dining set Adeline brown rattan patio, 8-seater","Product Type: Dining set; Name: Adeline; Color: brown; Material: rattan; Features: patio, 8-seater"
3930,1966,s3_28,,Furniture,980,"Yoga mat natural, sage canvas bag, adjustable, strap","Product Type: Yoga mat; Color: natural, sage; Material: canvas; Features: bag, adjustable, strap"
3931,1967,s3_29,,Furniture,4800,"Bar stool Oslo 50x50x85 navy, gold velvet legs","Product Type: Bar stool; Name: Oslo; Dimensions: 50x50x85; Color: navy, gold; Material: velvet; Features: legs"
3932,1968,s3_30,,Furniture,5800,"Shelf 120cm black rgb, monitor, stand, triple, gaming-desk","Product Type: Shelf; Dimensions: 120cm; Color: black; Features: rgb, monitor, stand, triple, gaming-desk"
3933,1969,s3_31,,Furniture,28400,Coffee table Nord 140x70x40 natural walnut live-edge,Product Type: Coffee table; Name: Nord; Dimensions: 140x70x40; Color: natural; Material: walnut; Features: live-edge
3934,1970,s3_32,,Furniture,6400,"Wine rack Verona 50x30x110 black metal 24-bottle, freestanding","Product Type: Wine rack; Name: Verona; Dimensions: 50x30x110; Color: black; Material: metal; Features: 24-bottle, freestanding"
3935,1971,s3_33,,Furniture,14800,"Gaming chair faux leather, leather ergonomic, rgb","Product Type: Gaming chair; Material: faux leather, leather; Features: ergonomic, rgb"
3936,1972,s3_34,,Furniture,2800,"Cat tree beige sisal compact, wall-mount","Product Type: Cat tree; Color: beige; Material: sisal; Features: compact, wall-mount"
3937,1973,s3_35,,Furniture,31800,"Bed Verona 160x200 sonoma oak sonoma oak, mdf, oak double, headboard, tufted","Product Type: Bed; Name: Verona; Dimensions: 160x200; Color: sonoma oak; Material: sonoma oak, mdf, oak; Features: double, headboard, tufted"
3938,1974,s3_36,,Furniture,9400,"Dog crate 90x60x70 sonoma oak sonoma oak, mdf, oak furniture, end-table","Product Type: Dog crate; Dimensions: 90x60x70; Color: sonoma oak; Material: sonoma oak, mdf, oak; Features: furniture, end-table"
3939,1975,s3_37,,Furniture,4400,"Dog bed Lyon 100x70 beige fabric bolster, large","Product Type: Dog bed; Name: Lyon; Dimensions: 100x70; Color: beige; Material: fabric; Features: bolster, large"
3940,1976,s3_38,,Furniture,5800,Ottoman 80x40 dusty rose velvet tufted,Product Type: Ottoman; Dimensions: 80x40; Color: dusty rose; Material: velvet; Features: tufted
3941,1977,s3_39,,Furniture,9400,"Closet shelves 80x40x180 wood, walnut 5-tier","Product Type: Closet shelves; Dimensions: 80x40x180; Material: wood, walnut; Features: 5-tier"
3942,1978,s3_40,,Furniture,1450,Outdoor cushion 110x40 grey olefin bench,Product Type: Outdoor cushion; Dimensions: 110x40; Color: grey; Material: olefin; Features: bench
3943,1979,s3_41,,Furniture,24500,"Wardrobe 90x90x220 sonoma oak sonoma oak, oak corner","Product Type: Wardrobe; Dimensions: 90x90x220; Color: sonoma oak; Material: sonoma oak, oak; Features: corner"
3944,1980,s3_42,,Furniture,980,"Candle d=12 ivory ceramic holder, pillar","Product Type: Candle; Dimensions: d=12; Color: ivory; Material: ceramic; Features: holder, pillar"
3945,1981,s3_43,,Furniture,2200,Shower curtain Verona 180x200 linen botanical,Product Type: Shower curtain; Name: Verona; Dimensions: 180x200; Material: linen; Features: botanical
3946,1982,s3_44,,Furniture,3450,"Vanity stool pink, gold velvet legs","Product Type: Vanity stool; Color: pink, gold; Material: velvet; Features: legs"
3947,1983,s3_45,,Furniture,4800,"Bench 90x35x45 navy velvet upholstered, hallway","Product Type: Bench; Dimensions: 90x35x45; Color: navy; Material: velvet; Features: upholstered, hallway"
3948,1984,s3_46,,Furniture,380,Yoga strap 240cm natural cotton ring,Product Type: Yoga strap; Dimensions: 240cm; Color: natural; Material: cotton; Features: ring
3949,1985,s3_47,,Furniture,8400,"Bench 120x40x45 solid pine, pine mudroom, hooks","Product Type: Bench; Dimensions: 120x40x45; Material: solid pine, pine; Features: mudroom, hooks"
3950,1986,s3_48,,Furniture,31800,"Bed Verona 160x200 cream mdf double, headboard, tufted","Product Type: Bed; Name: Verona; Dimensions: 160x200; Color: cream; Material: mdf; Features: double, headboard, tufted"
3951,1987,s3_49,,Furniture,9800,"Console table 110x35x80 gold glass, metal top","Product Type: Console table; Dimensions: 110x35x80; Color: gold; Material: glass, metal; Features: top"
3952,1988,s3_50,,Furniture,1280,"Decor pumpkin d=20 ivory ceramic decorative, set of 2","Product Type: Decor pumpkin; Dimensions: d=20; Color: ivory; Material: ceramic; Features: decorative, set of 2"
3953,1989,s3_51,,Furniture,1280,"Storage cube 28x28x28 kids, print, set of 4","Product Type: Storage cube; Dimensions: 28x28x28; Features: kids, print, set of 4"
3954,1990,s3_52,,Furniture,1850,Floor cushion 70x70x15 sage linen meditation,Product Type: Floor cushion; Dimensions: 70x70x15; Color: sage; Material: linen; Features: meditation
3955,1991,s3_53,,Furniture,1450,"Candle 30cm black metal lantern, indoor-outdoor","Product Type: Candle; Dimensions: 30cm; Color: black; Material: metal; Features: lantern, indoor-outdoor"
3956,1992,s3_54,,Furniture,7200,"Dresser 60x40x110 cream mdf, oak chest, drawers","Product Type: Dresser; Dimensions: 60x40x110; Color: cream; Material: mdf, oak; Features: chest, drawers"
3957,1993,s3_55,,Furniture,7800,"Mirror Verona d=100 brass sunburst, antique","Product Type: Mirror; Name: Verona; Dimensions: d=100; Material: brass; Features: sunburst, antique"
3958,1994,s3_56,,Furniture,9400,Accent chair mustard velvet,Product Type: Accent chair; Color: mustard; Material: velvet
3959,1995,s3_57,,Furniture,6800,"Plaid 130x180 burgundy cashmere, blend","Product Type: Plaid; Dimensions: 130x180; Color: burgundy; Features: cashmere, blend"
3960,1996,s3_58,,Furniture,6800,"Coffee table 70x70 black glass, metal square, top","Product Type: Coffee table; Dimensions: 70x70; Color: black; Material: glass, metal; Features: square, top"
3961,1997,s3_59,,Furniture,7400,"Dressing table 80x35x130 white folding, compact","Product Type: Dressing table; Dimensions: 80x35x130; Color: white; Features: folding, compact"
3962,1998,s3_60,,Furniture,2800,Jewelry box grey velvet 3-tier,Product Type: Jewelry box; Color: grey; Material: velvet; Features: 3-tier
3963,1999,s3_61,,Furniture,9800,"Sun bed black metal, mesh outdoor, reclining","Product Type: Sun bed; Color: black; Material: metal, mesh; Features: outdoor, reclining"
3964,2000,s3_62,,Furniture,2800,"Area rug 140x200 cream kids, polypropylene, stars","Product Type: Area rug; Dimensions: 140x200; Color: cream; Features: kids, polypropylene, stars"
3965,2001,s3_63,,Furniture,6800,Bench Norton 110x40x45 natural oak storage,Product Type: Bench; Name: Norton; Dimensions: 110x40x45; Color: natural; Material: oak; Features: storage
3966,2002,s3_64,,Furniture,540,"Fairy lights 5m copper wire, led, battery","Product Type: Fairy lights; Dimensions: 5m; Material: copper; Features: wire, led, battery"
3967,2003,s3_65,,Furniture,3800,"Cart gold metal beauty, trolley, 3-tier, rolling","Product Type: Cart; Color: gold; Material: metal; Features: beauty, trolley, 3-tier, rolling"
3968,2004,s3_66,,Furniture,4800,"Desk Loft 90x45 metal, walnut small, frame","Product Type: Desk; Name: Loft; Dimensions: 90x45; Material: metal, walnut; Features: small, frame"
3969,2005,s3_67,,Furniture,18400,"Styling station 80x40x130 white mdf hair, mirror, led","Product Type: Styling station; Dimensions: 80x40x130; Color: white; Material: mdf; Features: hair, mirror, led"
3970,2006,s3_68,,Furniture,9400,"Dresser 80x40x110 sonoma oak sonoma oak, mdf, oak 5-drawers","Product Type: Dresser; Dimensions: 80x40x110; Color: sonoma oak; Material: sonoma oak, mdf, oak; Features: 5-drawers"
3971,2007,s3_69,,Furniture,2400,"Headset stand black aluminum rgb, gaming, usb, charging, dual","Product Type: Headset stand; Color: black; Material: aluminum; Features: rgb, gaming, usb, charging, dual"
3972,2008,s3_70,,Furniture,28400,Daybed Adeline 100x200 grey velvet storage,Product Type: Daybed; Name: Adeline; Dimensions: 100x200; Color: grey; Material: velvet; Features: storage
3973,2009,s3_71,,Furniture,1280,"Wall shelf 60cm white mdf floating, set of 3","Product Type: Wall shelf; Dimensions: 60cm; Color: white; Material: mdf; Features: floating, set of 3"
3974,2010,s3_72,,Furniture,4400,"Pouf d=70 cream cotton boho, floor, knit, xl, chunky","Product Type: Pouf; Dimensions: d=70; Color: cream; Material: cotton; Features: boho, floor, knit, xl, chunky"
3975,2011,s3_73,,Furniture,128400,"Acoustic pod 100x100x220 navy fabric phone, booth, single, led, vent","Product Type: Acoustic pod; Dimensions: 100x100x220; Color: navy; Material: fabric; Features: phone, booth, single, led, vent"
3976,2012,s3_74,,Furniture,1450,"Fairy lights 20m outdoor, led, waterproof","Product Type: Fairy lights; Dimensions: 20m; Features: outdoor, led, waterproof"
3977,2013,s3_75,,Furniture,9400,"Nesting table gold metal, marble set of 2, top","Product Type: Nesting table; Color: gold; Material: metal, marble; Features: set of 2, top"
3978,2014,s3_76,,Furniture,19800,"Bunk bed 80x190 natural solid pine, pine kids","Product Type: Bunk bed; Dimensions: 80x190; Color: natural; Material: solid pine, pine; Features: kids"
3979,2015,s3_77,,Furniture,19800,"Gaming chair Norton full, neck-lumbar, pillows, rgb, kids","Product Type: Gaming chair; Name: Norton; Features: full, neck-lumbar, pillows, rgb, kids"
3980,2016,s3_78,,Furniture,5800,"Shoe cabinet 80x30x110 sonoma oak sonoma oak, mdf, oak","Product Type: Shoe cabinet; Dimensions: 80x30x110; Color: sonoma oak; Material: sonoma oak, mdf, oak"
3981,2017,s3_79,,Furniture,6400,"Planter Norton 50x50x60 grey concrete outdoor, large","Product Type: Planter; Name: Norton; Dimensions: 50x50x60; Color: grey; Material: concrete; Features: outdoor, large"
3982,2018,s3_80,,Furniture,380,Pillow protector 50x70 microfiber waterproof,Product Type: Pillow protector; Dimensions: 50x70; Material: microfiber; Features: waterproof
3983,2019,s3_81,,Furniture,9400,"Bench Stella 90x35x50 beige velvet piano, storage, hinged","Product Type: Bench; Name: Stella; Dimensions: 90x35x50; Color: beige; Material: velvet; Features: piano, storage, hinged"
3984,2020,s3_82,,Furniture,1280,"Yoga mat 183x61 sage travel, foldable, 5mm","Product Type: Yoga mat; Dimensions: 183x61; Color: sage; Features: travel, foldable, 5mm"
3985,2021,s3_83,,Furniture,9400,"Learning tower natural wood kids, adjustable","Product Type: Learning tower; Color: natural; Material: wood; Features: kids, adjustable"
3986,2022,s3_84,,Furniture,5200,Bedside table Lyon 45x35x55 walnut 2-drawers,Product Type: Bedside table; Name: Lyon; Dimensions: 45x35x55; Material: walnut; Features: 2-drawers
3987,2023,s3_85,,Furniture,78400,"Dining set Verona natural rattan 7-piece, round, cushions","Product Type: Dining set; Name: Verona; Color: natural; Material: rattan; Features: 7-piece, round, cushions"
3988,2024,s3_86,,Furniture,14800,"Area rug 200x300 cream wool carpet, geometric, pattern","Product Type: Area rug; Dimensions: 200x300; Color: cream; Material: wool; Features: carpet, geometric, pattern"
3989,2025,s3_87,,Furniture,14800,Area rug 200x290 beige wool classic,Product Type: Area rug; Dimensions: 200x290; Color: beige; Material: wool; Features: classic
3990,2026,s3_88,,Furniture,4500,"Curtains 140x250 terracotta blackout, pair","Product Type: Curtains; Dimensions: 140x250; Color: terracotta; Features: blackout, pair"
3991,2027,s3_89,,Furniture,4800,"Bar stool Oslo 50x50x85 black, gold velvet legs","Product Type: Bar stool; Name: Oslo; Dimensions: 50x50x85; Color: black, gold; Material: velvet; Features: legs"
3992,2028,s3_90,,Furniture,52400,"Sofa grey fabric corner, left-side, eurokniga","Product Type: Sofa; Color: grey; Material: fabric; Features: corner, left-side, eurokniga"
3993,2029,s3_91,,Furniture,34200,"Bunk bed Milano 90x200 sonoma oak sonoma oak, oak kids, desk","Product Type: Bunk bed; Name: Milano; Dimensions: 90x200; Color: sonoma oak; Material: sonoma oak, oak; Features: kids, desk"
3994,2030,s3_92,,Furniture,7200,"Pet crate 80x55x60 white mdf furniture, end-table","Product Type: Pet crate; Dimensions: 80x55x60; Color: white; Material: mdf; Features: furniture, end-table"
3995,2031,s3_93,,Furniture,3450,"Pouf 45x45x45 cream cube, knit, chunky","Product Type: Pouf; Dimensions: 45x45x45; Color: cream; Features: cube, knit, chunky"
3996,2032,s3_94,,Furniture,38400,"Bed Adeline 160x200 beige velvet double, tufted, lifting","Product Type: Bed; Name: Adeline; Dimensions: 160x200; Color: beige; Material: velvet; Features: double, tufted, lifting"
3997,2033,s3_95,,Furniture,34200,"Bed Oslo OS-160 cream eco-leather double, lifting","Product Type: Bed; Name: Oslo OS-160; Color: cream; Material: eco-leather; Features: double, lifting"
3998,2034,s3_96,,Furniture,4900,Bedspread 200x230 beige velvet quilted,Product Type: Bedspread; Dimensions: 200x230; Color: beige; Material: velvet; Features: quilted
3999,2035,s3_97,,Furniture,6800,"Parasol Verona 2.5m ivory wood fringed, pole, boho","Product Type: Parasol; Name: Verona; Dimensions: 2.5m; Color: ivory; Material: wood; Features: fringed, pole, boho"
4000,2036,s3_98,,Furniture,6400,Curtains Stella 140x270 burgundy velvet blackout,Product Type: Curtains; Name: Stella; Dimensions: 140x270; Color: burgundy; Material: velvet; Features: blackout
4001,2037,s3_99,,Furniture,980,Apron Stella cream linen embroidered,Product Type: Apron; Name: Stella; Color: cream; Material: linen; Features: embroidered
4002,2038,s3_100,,Furniture,14800,Peacock chair Adeline 100x70x150 honey-brown rattan high-back,Product Type: Peacock chair; Name: Adeline; Dimensions: 100x70x150; Color: honey-brown; Material: rattan; Features: high-back
4003,2039,s3_101,,Furniture,1650,"Rack black metal magazine, floor, standing","Product Type: Rack; Color: black; Material: metal; Features: magazine, floor, standing"
4004,2040,s3_102,,Furniture,14800,"Dining table 140x80 sonoma oak sonoma oak, mdf, oak, metal legs","Product Type: Dining table; Dimensions: 140x80; Color: sonoma oak; Material: sonoma oak, mdf, oak, metal; Features: legs"
4005,2041,s3_103,,Furniture,1850,"Smart plug wifi, mini, set of 4, energy, monitoring","Product Type: Smart plug; Features: wifi, mini, set of 4, energy, monitoring"
4006,2042,s3_104,,Furniture,128400,"Acoustic pod 100x100x220 beige fabric phone, booth, single, led, vent","Product Type: Acoustic pod; Dimensions: 100x100x220; Color: beige; Material: fabric; Features: phone, booth, single, led, vent"
4007,2043,s3_105,,Furniture,4800,"Bar stool Oslo 50x50x85 grey, gold velvet legs","Product Type: Bar stool; Name: Oslo; Dimensions: 50x50x85; Color: grey, gold; Material: velvet; Features: legs"
4008,2044,s3_106,,Furniture,4400,"Throw blanket 150x200 white faux, fur, shaggy","Product Type: Throw blanket; Dimensions: 150x200; Color: white; Features: faux, fur, shaggy"
4009,2045,s3_107,,Furniture,88400,"Furniture set Verona grey rattan, rope outdoor, 6-piece, luxe","Product Type: Furniture set; Name: Verona; Color: grey; Material: rattan, rope; Features: outdoor, 6-piece, luxe"
4010,2046,s3_108,,Furniture,7800,"Nesting table Lyon walnut set of 3, hex","Product Type: Nesting table; Name: Lyon; Material: walnut; Features: set of 3, hex"
4011,2047,s3_109,,Furniture,19400,"Desk Loft 160x80x76 wood, iron factory-style, reclaimed, base","Product Type: Desk; Name: Loft; Dimensions: 160x80x76; Material: wood, iron; Features: factory-style, reclaimed, base"
4012,2048,s3_110,,Furniture,7400,"Cage stand 60x40x150 black metal bird, large","Product Type: Cage stand; Dimensions: 60x40x150; Color: black; Material: metal; Features: bird, large"
4013,2049,s3_111,,Furniture,5400,"Curtains 140x270 charcoal thermal, pair","Product Type: Curtains; Dimensions: 140x270; Color: charcoal; Features: thermal, pair"
4014,2050,s3_112,,Furniture,1280,"Wrist rest grey memory foam, foam ergonomic, keyboard, mouse","Product Type: Wrist rest; Color: grey; Material: memory foam, foam; Features: ergonomic, keyboard, mouse"
4015,2051,s3_113,,Furniture,1850,Throw blanket 130x170 terracotta cotton waffle,Product Type: Throw blanket; Dimensions: 130x170; Color: terracotta; Material: cotton; Features: waffle
4016,2052,s3_114,,Furniture,680,Shower curtain 180x200 terracotta peva abstract,Product Type: Shower curtain; Dimensions: 180x200; Color: terracotta; Material: peva; Features: abstract
4017,2053,s3_115,,Furniture,22400,Dining table 180x80 wenge mdf extendable,Product Type: Dining table; Dimensions: 180x80; Color: wenge; Material: mdf; Features: extendable
4018,2054,s3_116,,Furniture,7400,"Cat tree Verona 120cm wood, walnut modern, 3-level","Product Type: Cat tree; Name: Verona; Dimensions: 120cm; Material: wood, walnut; Features: modern, 3-level"
4019,2055,s3_117,,Furniture,11800,"TV stand 180cm wenge floating, wall-mount","Product Type: TV stand; Dimensions: 180cm; Color: wenge; Features: floating, wall-mount"
4020,2056,s3_118,,Furniture,42400,"Credenza 160x45x75 walnut mid-century, tapered, legs, sliding, doors","Product Type: Credenza; Dimensions: 160x45x75; Material: walnut; Features: mid-century, tapered, legs, sliding, doors"
4021,2057,s3_119,,Furniture,5400,"Bookcase 80x30x180 sonoma oak sonoma oak, mdf, oak open","Product Type: Bookcase; Dimensions: 80x30x180; Color: sonoma oak; Material: sonoma oak, mdf, oak; Features: open"
4022,2058,s3_120,,Furniture,1850,Diffuser stand Aria 25x25x40 ivory ceramic pedestal,Product Type: Diffuser stand; Name: Aria; Dimensions: 25x25x40; Color: ivory; Material: ceramic; Features: pedestal
4023,2059,s3_121,,Furniture,1450,"Coat hook 80cm wood, walnut rail","Product Type: Coat hook; Dimensions: 80cm; Material: wood, walnut; Features: rail"
4024,2060,s3_122,,Furniture,980,"Massage ball green peanut, shape, dual","Product Type: Massage ball; Color: green; Features: peanut, shape, dual"
4025,2061,s3_123,,Furniture,82400,"Outdoor sofa Aria grey rattan, rope modular, 5-piece, luxe","Product Type: Outdoor sofa; Name: Aria; Color: grey; Material: rattan, rope; Features: modular, 5-piece, luxe"
4026,2062,s3_124,,Furniture,13800,"Area rug 200x290 persian, style, viscose, wine","Product Type: Area rug; Dimensions: 200x290; Features: persian, style, viscose, wine"
4027,2063,s3_125,,Furniture,42400,"Gaming desk Milano 180x140x76 walnut l-shape, rgb, top-shelf","Product Type: Gaming desk; Name: Milano; Dimensions: 180x140x76; Material: walnut; Features: l-shape, rgb, top-shelf"
4028,2064,s3_126,,Furniture,3450,"Coat rack 170cm walnut mid-century, tripod, 5-hooks","Product Type: Coat rack; Dimensions: 170cm; Material: walnut; Features: mid-century, tripod, 5-hooks"
4029,2065,s3_127,,Furniture,3800,"Area rug 80x150 cream sheepskin, faux","Product Type: Area rug; Dimensions: 80x150; Color: cream; Features: sheepskin, faux"
4030,2066,s3_128,,Furniture,18400,Accent chair white fiberglass egg-style,Product Type: Accent chair; Color: white; Material: fiberglass; Features: egg-style
4031,2067,s3_129,,Furniture,18400,"Chandelier Stella d=70 black sputnik, 8-light, mid-century","Product Type: Chandelier; Name: Stella; Dimensions: d=70; Color: black; Features: sputnik, 8-light, mid-century"
4032,2068,s3_130,,Furniture,1850,"Yoga mat 183x61 purple tpe, 6mm, eco","Product Type: Yoga mat; Dimensions: 183x61; Color: purple; Features: tpe, 6mm, eco"
4033,2069,s3_131,,Furniture,9400,"Mattress topper Norton 140x200, 5cm latex","Product Type: Mattress topper; Name: Norton; Dimensions: 140x200, 5cm; Material: latex"
4034,2070,s3_132,,Furniture,5800,"Kids table white mdf set, chairs","Product Type: Kids table; Color: white; Material: mdf; Features: set, chairs"
4035,2071,s3_133,,Furniture,1450,"Step stool Aria natural bamboo kids, rounded","Product Type: Step stool; Name: Aria; Color: natural; Material: bamboo; Features: kids, rounded"
4036,2072,s3_134,,Furniture,3800,"Frame set black photo, gallery, wall, mixed, sizes","Product Type: Frame set; Color: black; Features: photo, gallery, wall, mixed, sizes"
4037,2073,s3_135,,Furniture,3450,"Plant stand wood, bamboo 4-tier, ladder","Product Type: Plant stand; Material: wood, bamboo; Features: 4-tier, ladder"
4038,2074,s3_136,,Furniture,7800,"Mirror 160x40 black metal floor, standing, frame","Product Type: Mirror; Dimensions: 160x40; Color: black; Material: metal; Features: floor, standing, frame"
4039,2075,s3_137,,Furniture,1850,"Sauna set 35x18 natural wood accessories, headrest, curved","Product Type: Sauna set; Dimensions: 35x18; Color: natural; Material: wood; Features: accessories, headrest, curved"
4040,2076,s3_138,,Furniture,22400,"Bed 160x200 white plastic wooden, headboard","Product Type: Bed; Dimensions: 160x200; Color: white; Material: plastic; Features: wooden, headboard"
4041,2077,s3_139,,Furniture,3800,"Plaid Oslo 130x180 natural linen fringe, minimal","Product Type: Plaid; Name: Oslo; Dimensions: 130x180; Color: natural; Material: linen; Features: fringe, minimal"
4042,2078,s3_140,,Furniture,9800,"Dining set black wrought iron, iron patio, bistro, 3-piece","Product Type: Dining set; Color: black; Material: wrought iron, iron; Features: patio, bistro, 3-piece"
4043,2079,s3_141,,Furniture,9800,Area rug 200x290 natural jute braided,Product Type: Area rug; Dimensions: 200x290; Color: natural; Material: jute; Features: braided
4044,2080,s3_142,,Furniture,1880,"LED strip 10m warm white, white adhesive","Product Type: LED strip; Dimensions: 10m; Color: warm white, white; Features: adhesive"
4045,2081,s3_143,,Furniture,72400,"Dining set grey rattan 5-piece, outdoor","Product Type: Dining set; Color: grey; Material: rattan; Features: 5-piece, outdoor"
4046,2082,s3_144,,Furniture,9400,"Umbrella Lyon 2.5x2.5 olive wood patio, square, pole","Product Type: Umbrella; Name: Lyon; Dimensions: 2.5x2.5; Color: olive; Material: wood; Features: patio, square, pole"
4047,2083,s3_145,,Furniture,820,"Kitchen towel natural linen set of 4, striped","Product Type: Kitchen towel; Color: natural; Material: linen; Features: set of 4, striped"
4048,2084,s3_146,,Furniture,14800,"Chair natural rattan papasan, cushion","Product Type: Chair; Color: natural; Material: rattan; Features: papasan, cushion"
4049,2085,s3_147,,Furniture,1280,"Shower curtain 180x200 polyester, marble print","Product Type: Shower curtain; Dimensions: 180x200; Material: polyester, marble; Features: print"
4050,2086,s3_148,,Furniture,9800,Accent chair black eco-leather tub,Product Type: Accent chair; Color: black; Material: eco-leather; Features: tub
4051,2087,s3_149,,Furniture,19400,"Pendant light d=80 smoke glass cluster, 7-bulb, chandelier","Product Type: Pendant light; Dimensions: d=80; Color: smoke; Material: glass; Features: cluster, 7-bulb, chandelier"
4052,2088,s3_150,,Furniture,4400,"Vanity chair gold velvet rose, legs, slim","Product Type: Vanity chair; Color: gold; Material: velvet; Features: rose, legs, slim"
4053,2089,s3_151,,Furniture,3200,"Desk 80x50 white mdf small, compact","Product Type: Desk; Dimensions: 80x50; Color: white; Material: mdf; Features: small, compact"
4054,2090,s3_152,,Furniture,7800,"Desk 120x60 natural oak, metal hairpin, legs","Product Type: Desk; Dimensions: 120x60; Color: natural; Material: oak, metal; Features: hairpin, legs"
4055,2091,s3_153,,Furniture,2400,"Christmas wreath Verona d=55 eucalyptus, berries","Product Type: Christmas wreath; Name: Verona; Dimensions: d=55; Features: eucalyptus, berries"
4056,2092,s3_154,,Furniture,6800,"Bed 100x40x40 beige linen trunk, lift-top","Product Type: Bed; Dimensions: 100x40x40; Color: beige; Material: linen; Features: trunk, lift-top"
4057,2093,s3_155,,Furniture,620,Throw pillow 40x40 white cotton embroidered,Product Type: Throw pillow; Dimensions: 40x40; Color: white; Material: cotton; Features: embroidered
4058,2094,s3_156,,Furniture,1850,"Bathroom shelf 60x18 walnut floating, set of 3","Product Type: Bathroom shelf; Dimensions: 60x18; Material: walnut; Features: floating, set of 3"
4059,2095,s3_157,,Furniture,5800,Pouf 50x35 natural leather moroccan,Product Type: Pouf; Dimensions: 50x35; Color: natural; Material: leather; Features: moroccan
4060,2096,s3_158,,Furniture,3450,"Monitor light 50cm rgb, bar, usb, wireless","Product Type: Monitor light; Dimensions: 50cm; Features: rgb, bar, usb, wireless"
4061,2097,s3_159,,Furniture,4400,"Pet ramp 1.2m aluminum telescopic, x, max, 50kg","Product Type: Pet ramp; Dimensions: 1.2m; Material: aluminum; Features: telescopic, x, max, 50kg"
4062,2098,s3_160,,Furniture,13800,Sideboard 160x40x85 wenge mdf 3-doors,Product Type: Sideboard; Dimensions: 160x40x85; Color: wenge; Material: mdf; Features: 3-doors
4063,2099,s3_161,,Furniture,28400,"Chair rattan egg, hanging, stand","Product Type: Chair; Material: rattan; Features: egg, hanging, stand"
4064,2100,s3_162,,Furniture,48500,"Massage chair black faux leather, leather recliner","Product Type: Massage chair; Color: black; Material: faux leather, leather; Features: recliner"
4065,2101,s3_163,,Furniture,68500,"Sofa Milano cream fabric modular, 4-seater","Product Type: Sofa; Name: Milano; Color: cream; Material: fabric; Features: modular, 4-seater"
4066,2102,s3_164,,Furniture,4400,"Mirror Stella 40x50 vanity, led, touch, dimmer","Product Type: Mirror; Name: Stella; Dimensions: 40x50; Features: vanity, led, touch, dimmer"
4067,2103,s3_165,,Furniture,1850,"Wine rack Verona 30x20x40 black metal 6-bottle, countertop","Product Type: Wine rack; Name: Verona; Dimensions: 30x20x40; Color: black; Material: metal; Features: 6-bottle, countertop"
4068,2104,s3_166,,Furniture,2400,"Smart bulb led, rgbw, e27, set of 6, wifi, alexa-compatible","Product Type: Smart bulb; Features: led, rgbw, e27, set of 6, wifi, alexa-compatible"
4069,2105,s3_167,,Furniture,15800,Peacock chair Adeline 100x70x150 black-stain rattan high-back,Product Type: Peacock chair; Name: Adeline; Dimensions: 100x70x150; Color: black-stain; Material: rattan; Features: high-back
4070,2106,s3_168,,Furniture,1280,"Bed under, storage, vacuum, bags, set of 6, jumbo","Product Type: Bed; Features: under, storage, vacuum, bags, set of 6, jumbo"
4071,2107,s3_169,,Furniture,28400,"Tulip table d=120 white dining, round, pedestal, saarinen-style","Product Type: Tulip table; Dimensions: d=120; Color: white; Features: dining, round, pedestal, saarinen-style"
4072,2108,s3_170,,Furniture,14800,"Console table 110x35x80 navy mango wood, wood antique","Product Type: Console table; Dimensions: 110x35x80; Color: navy; Material: mango wood, wood; Features: antique"
4073,2109,s3_171,,Furniture,5800,"Area rug 150x230 pastel, pink viscose","Product Type: Area rug; Dimensions: 150x230; Color: pastel, pink; Features: viscose"
4074,2110,s3_172,,Furniture,28800,Chaise lounge Verona 175x80 emerald velvet mid-century,Product Type: Chaise lounge; Name: Verona; Dimensions: 175x80; Color: emerald; Material: velvet; Features: mid-century
4075,2111,s3_173,,Furniture,1850,Coat hook 100cm gold metal rail,Product Type: Coat hook; Dimensions: 100cm; Color: gold; Material: metal; Features: rail
4076,2112,s3_174,,Furniture,14400,"Cart Verona 80x40x85 walnut tea, trolley, mid-century, wheels","Product Type: Cart; Name: Verona; Dimensions: 80x40x85; Material: walnut; Features: tea, trolley, mid-century, wheels"
4077,2113,s3_175,,Furniture,2400,"Shower caddy Milano chrome corner, 4-tier","Product Type: Shower caddy; Name: Milano; Material: chrome; Features: corner, 4-tier"
4078,2114,s3_176,,Furniture,1850,"Stocking holder black metal christmas, set of 4, mantel","Product Type: Stocking holder; Color: black; Material: metal; Features: christmas, set of 4, mantel"
4079,2115,s3_177,,Furniture,3200,"Rack wood, walnut hat, standing, 8-hooks","Product Type: Rack; Material: wood, walnut; Features: hat, standing, 8-hooks"
4080,2116,s3_178,,Furniture,58400,"Recliner brown faux leather, leather massage, heat, zero","Product Type: Recliner; Color: brown; Material: faux leather, leather; Features: massage, heat, zero"
4081,2117,s3_179,,Furniture,7390,"Shelf 100x25x150 black metal, wood pipe, industrial, 4-tier","Product Type: Shelf; Dimensions: 100x25x150; Color: black; Material: metal, wood; Features: pipe, industrial, 4-tier"
4082,2118,s3_180,,Furniture,11200,"Chair brown pu leather, leather executive","Product Type: Chair; Color: brown; Material: pu leather, leather; Features: executive"
4083,2119,s3_181,,Furniture,19800,"Gaming chair grey faux leather, leather recliner, footrest","Product Type: Gaming chair; Color: grey; Material: faux leather, leather; Features: recliner, footrest"
4084,2120,s3_182,,Furniture,14800,"Bookcase Verona metal, wood industrial, pipe, 5-tier","Product Type: Bookcase; Name: Verona; Material: metal, wood; Features: industrial, pipe, 5-tier"
4085,2121,s3_183,,Furniture,16800,"Dressing table Lyon 110x45x150 walnut, velvet","Product Type: Dressing table; Name: Lyon; Dimensions: 110x45x150; Material: walnut, velvet"
4086,2122,s3_184,,Furniture,19800,"Lounge chair Milano emerald, gold velvet legs, accent","Product Type: Lounge chair; Name: Milano; Color: emerald, gold; Material: velvet; Features: legs, accent"
4087,2123,s3_185,,Furniture,1850,"Mattress cover 90x190 encasement, kids, bedwetting","Product Type: Mattress cover; Dimensions: 90x190; Features: encasement, kids, bedwetting"
4088,2124,s3_186,,Furniture,3450,"Outdoor cushion sage olefin deep-seat, set of 6","Product Type: Outdoor cushion; Color: sage; Material: olefin; Features: deep-seat, set of 6"
4089,2125,s3_187,,Furniture,6800,"Mattress topper 160x200 memory foam, foam","Product Type: Mattress topper; Dimensions: 160x200; Material: memory foam, foam"
4090,2126,s3_188,,Furniture,14800,"Bar cart 80x40x80 gold metal vintage, distressed, wheels","Product Type: Bar cart; Dimensions: 80x40x80; Color: gold; Material: metal; Features: vintage, distressed, wheels"
4091,2127,s3_189,,Furniture,68400,"Dining set aluminum, teak patio, 7-piece, top","Product Type: Dining set; Material: aluminum, teak; Features: patio, 7-piece, top"
4092,2128,s3_190,,Furniture,7800,"Bar stool black pu leather, leather set of 2","Product Type: Bar stool; Color: black; Material: pu leather, leather; Features: set of 2"
4093,2129,s3_191,,Furniture,24800,"Chair d=110 natural, ivory rattan hanging, stand, cushion","Product Type: Chair; Dimensions: d=110; Color: natural, ivory; Material: rattan; Features: hanging, stand, cushion"
4094,2130,s3_192,,Furniture,14800,Peacock chair Adeline 100x70x150 natural rattan high-back,Product Type: Peacock chair; Name: Adeline; Dimensions: 100x70x150; Color: natural; Material: rattan; Features: high-back
4095,2131,s3_193,,Furniture,1850,"Pet bed grey cooling, gel, mat, 60xx40, summer, dogs-cats","Product Type: Pet bed; Color: grey; Features: cooling, gel, mat, 60xx40, summer, dogs-cats"
4096,2132,s3_194,,Furniture,5400,"Desk Norton 100x50 white mdf writing, drawer","Product Type: Desk; Name: Norton; Dimensions: 100x50; Color: white; Material: mdf; Features: writing, drawer"
4097,2133,s3_195,,Furniture,7400,"Mirror Aria 70x100 wood antique, arch, distressed","Product Type: Mirror; Name: Aria; Dimensions: 70x100; Material: wood; Features: antique, arch, distressed"
4098,2134,s3_196,,Furniture,14800,Sun lounger beige rattan cushion,Product Type: Sun lounger; Color: beige; Material: rattan; Features: cushion
4099,2135,s3_197,,Furniture,5800,"Dining chair grey fabric, metal set of 2, legs","Product Type: Dining chair; Color: grey; Material: fabric, metal; Features: set of 2, legs"
4100,2136,s3_198,,Furniture,7200,"Bookcase 80x30x180cm, 800x300x1800 wenge mdf","Product Type: Bookcase; Dimensions: 80x30x180cm, 800x300x1800; Color: wenge; Material: mdf"
4101,2137,s3_199,,Furniture,1850,"Foam roller 30cm natural foam, cork half-round","Product Type: Foam roller; Dimensions: 30cm; Color: natural; Material: foam, cork; Features: half-round"
4102,2138,s3_200,,Furniture,980,"Step stool grey metal kids, foldable, kitchen","Product Type: Step stool; Color: grey; Material: metal; Features: kids, foldable, kitchen"
4103,2139,s3_201,,Furniture,9800,"Chest 80x40x40 natural wood storage, trunk, mango, vintage","Product Type: Chest; Dimensions: 80x40x40; Color: natural; Material: wood; Features: storage, trunk, mango, vintage"
4104,2140,s3_202,,Furniture,14200,"Bed 90x200 sonoma oak sonoma oak, mdf, oak single","Product Type: Bed; Dimensions: 90x200; Color: sonoma oak; Material: sonoma oak, mdf, oak; Features: single"
4105,2141,s3_203,,Furniture,3800,"Wall sconce paper-rice japandi, frame, pair set","Product Type: Wall sconce; Material: paper-rice; Features: japandi, frame, pair set"
4106,2142,s3_204,,Furniture,34800,"Bed Orchid 160x200 oak, fabric double, headboard","Product Type: Bed; Name: Orchid; Dimensions: 160x200; Material: oak, fabric; Features: double, headboard"
4107,2143,s3_205,,Furniture,9800,"Tulip chair red fiberglass mid-century, swivel, pedestal","Product Type: Tulip chair; Color: red; Material: fiberglass; Features: mid-century, swivel, pedestal"
4108,2144,s3_206,,Furniture,34800,"Chandelier Verona d=80 gold modern, led, rings","Product Type: Chandelier; Name: Verona; Dimensions: d=80; Color: gold; Features: modern, led, rings"
4109,2145,s3_207,,Furniture,19800,"Office chair Norton black mesh ergonomic, headrest, 4d, armrests","Product Type: Office chair; Name: Norton; Color: black; Material: mesh; Features: ergonomic, headrest, 4d, armrests"
4110,2146,s3_208,,Furniture,48400,"Massage table Oslo beige electric, height-adjust","Product Type: Massage table; Name: Oslo; Color: beige; Features: electric, height-adjust"
4111,2147,s3_209,,Furniture,3450,"Armchair pink velvet kids, mini","Product Type: Armchair; Color: pink; Material: velvet; Features: kids, mini"
4112,2148,s3_210,,Furniture,4800,"Curtains 200x270 navy polyester blackout, pair","Product Type: Curtains; Dimensions: 200x270; Color: navy; Material: polyester; Features: blackout, pair"
4113,2149,s3_211,,Furniture,19800,"Shelf 180x30x180 white modular, system, wall-mount","Product Type: Shelf; Dimensions: 180x30x180; Color: white; Features: modular, system, wall-mount"
4114,2150,s3_212,,Furniture,11400,Dressing table Aria 100x40x140 white mdf mirror,Product Type: Dressing table; Name: Aria; Dimensions: 100x40x140; Color: white; Material: mdf; Features: mirror
4115,2151,s3_213,,Furniture,19800,"Dining chair brown rattan patio, set of 6, stackable","Product Type: Dining chair; Color: brown; Material: rattan; Features: patio, set of 6, stackable"
4116,2152,s3_214,,Furniture,28400,"Cabinet 100x40x180 grey metal industrial, riveted, gunmetal","Product Type: Cabinet; Dimensions: 100x40x180; Color: grey; Material: metal; Features: industrial, riveted, gunmetal"
4117,2153,s3_215,,Furniture,3200,"Accent chair natural canvas, metal butterfly, frame","Product Type: Accent chair; Color: natural; Material: canvas, metal; Features: butterfly, frame"
4118,2154,s3_216,,Furniture,42400,"Wardrobe Aria 200x60x220 white mirror, sliding","Product Type: Wardrobe; Name: Aria; Dimensions: 200x60x220; Color: white; Features: mirror, sliding"
4119,2155,s3_217,,Furniture,42400,"Sofa 200x90x70 natural, oatmeal oak, linen low, japandi, 3-seater","Product Type: Sofa; Dimensions: 200x90x70; Color: natural, oatmeal; Material: oak, linen; Features: low, japandi, 3-seater"
4120,2156,s3_218,,Furniture,6800,"Ottoman Stella 70x40x40 emerald, gold velvet legs","Product Type: Ottoman; Name: Stella; Dimensions: 70x40x40; Color: emerald, gold; Material: velvet; Features: legs"
4121,2157,s3_219,,Furniture,9400,"Bedspread Verona 220x240 champagne velvet luxe, quilted","Product Type: Bedspread; Name: Verona; Dimensions: 220x240; Color: champagne; Material: velvet; Features: luxe, quilted"
4122,2158,s3_220,,Furniture,3450,"Sofa wood, walnut pet, furniture, step, ramp, 3-step","Product Type: Sofa; Material: wood, walnut; Features: pet, furniture, step, ramp, 3-step"
4123,2159,s3_221,,Furniture,2400,"Bookend Lyon marble veined, hex, set of 2","Product Type: Bookend; Name: Lyon; Material: marble; Features: veined, hex, set of 2"
4124,2160,s3_222,,Furniture,13400,Accent chair burgundy velvet club,Product Type: Accent chair; Color: burgundy; Material: velvet; Features: club
4125,2161,s3_223,,Furniture,4800,"Curtains Aria 140x270 natural linen japandi, pair","Product Type: Curtains; Name: Aria; Dimensions: 140x270; Color: natural; Material: linen; Features: japandi, pair"
4126,2162,s3_224,,Furniture,112400,"Acoustic pod Oslo 90x90x215 beige fabric phone, booth, single, sound-proof","Product Type: Acoustic pod; Name: Oslo; Dimensions: 90x90x215; Color: beige; Material: fabric; Features: phone, booth, single, sound-proof"
4127,2163,s3_225,,Furniture,3200,"Drawer unit pastel fabric kids, colorful","Product Type: Drawer unit; Color: pastel; Material: fabric; Features: kids, colorful"
4128,2164,s3_226,,Furniture,12800,"Coffee table d=90 walnut mid-century, round, splayed, legs","Product Type: Coffee table; Dimensions: d=90; Material: walnut; Features: mid-century, round, splayed, legs"
4129,2165,s3_227,,Furniture,5800,"Wall hanging 120x150 natural cotton macrame, boho, xl","Product Type: Wall hanging; Dimensions: 120x150; Color: natural; Material: cotton; Features: macrame, boho, xl"
4130,2166,s3_228,,Furniture,4400,Bar stool 65cm grey fabric backrest,Product Type: Bar stool; Dimensions: 65cm; Color: grey; Material: fabric; Features: backrest
4131,2167,s3_229,,Furniture,3450,"Wine rack Verona 40x25x70 black metal 12-bottle, floor","Product Type: Wine rack; Name: Verona; Dimensions: 40x25x70; Color: black; Material: metal; Features: 12-bottle, floor"
4132,2168,s3_230,,Furniture,1850,"Meditation cushion d=35 sage linen zafu, round, buckwheat","Product Type: Meditation cushion; Dimensions: d=35; Color: sage; Material: linen; Features: zafu, round, buckwheat"
4133,2169,s3_231,,Furniture,9800,"Curtain motor 1m, 3m smart, wifi, rod, set, adjustable, alexa","Product Type: Curtain motor; Dimensions: 1m, 3m; Features: smart, wifi, rod, set, adjustable, alexa"
4134,2170,s3_232,,Furniture,22400,"Office desk Oslo 160x70x76 natural oak japandi, minimal","Product Type: Office desk; Name: Oslo; Dimensions: 160x70x76; Color: natural; Material: oak; Features: japandi, minimal"
4135,2171,s3_233,,Furniture,4800,"Garden chair white plastic set of 4, stackable","Product Type: Garden chair; Color: white; Material: plastic; Features: set of 4, stackable"
4136,2172,s3_234,,Furniture,5800,"Ceiling lamp Oslo d=50 wood disc, led","Product Type: Ceiling lamp; Name: Oslo; Dimensions: d=50; Material: wood; Features: disc, led"
4137,2173,s3_235,,Furniture,12800,"Room divider 200x180 natural rattan 4-panel, folding, boho","Product Type: Room divider; Dimensions: 200x180; Color: natural; Material: rattan; Features: 4-panel, folding, boho"
4138,2174,s3_236,,Furniture,5400,"Mattress 90x190 foam orthopedic, kids","Product Type: Mattress; Dimensions: 90x190; Material: foam; Features: orthopedic, kids"
4139,2175,s3_237,,Furniture,7400,"Area rug d=160 silver octagon, viscose","Product Type: Area rug; Dimensions: d=160; Color: silver; Features: octagon, viscose"
4140,2176,s3_238,,Furniture,14400,"Coffee station Norton 80x40x140 walnut mug-rack, pull-out","Product Type: Coffee station; Name: Norton; Dimensions: 80x40x140; Material: walnut; Features: mug-rack, pull-out"
4141,2177,s3_239,,Furniture,3800,"Desk lamp natural wood, linen base, shade","Product Type: Desk lamp; Color: natural; Material: wood, linen; Features: base, shade"
4142,2178,s3_240,,Furniture,3450,"Hutch 100x30x80 white mdf unit, desk, add-on","Product Type: Hutch; Dimensions: 100x30x80; Color: white; Material: mdf; Features: unit, desk, add-on"
4143,2179,s3_241,,Furniture,5800,"Duvet cover 200x220 oatmeal linen japandi, queen, stonewashed","Product Type: Duvet cover; Dimensions: 200x220; Color: oatmeal; Material: linen; Features: japandi, queen, stonewashed"
4144,2180,s3_242,,Furniture,57200,"Sofa Verona brown eco-leather corner, eurokniga","Product Type: Sofa; Name: Verona; Color: brown; Material: eco-leather; Features: corner, eurokniga"
4145,2181,s3_243,,Furniture,28400,"Fire pit 80x60 black steel table, gas","Product Type: Fire pit; Dimensions: 80x60; Color: black; Material: steel; Features: table, gas"
4146,2182,s3_244,,Furniture,3450,"Umbrella 2.4m sand color beach, upf50","Product Type: Umbrella; Dimensions: 2.4m; Color: sand color; Features: beach, upf50"
4147,2183,s3_245,,Furniture,9200,"Area rug 160x230 silver viscose, shimmer","Product Type: Area rug; Dimensions: 160x230; Color: silver; Features: viscose, shimmer"
4148,2184,s3_246,,Furniture,1680,Ergonomic mat 60x90 black anti-fatigue,Product Type: Ergonomic mat; Dimensions: 60x90; Color: black; Features: anti-fatigue
4149,2185,s3_247,,Furniture,7200,"Ottoman d=70 burgundy tufted, round, chesterfield","Product Type: Ottoman; Dimensions: d=70; Color: burgundy; Features: tufted, round, chesterfield"
4150,2186,s3_248,,Furniture,18400,"Chandelier Stella d=70 chrome sputnik, 8-light, mid-century","Product Type: Chandelier; Name: Stella; Dimensions: d=70; Material: chrome; Features: sputnik, 8-light, mid-century"
4151,2187,s3_249,,Furniture,6200,"Cat condo 60x40x140 beige sisal tower, 4-level","Product Type: Cat condo; Dimensions: 60x40x140; Color: beige; Material: sisal; Features: tower, 4-level"
4152,2188,s3_250,,Furniture,4400,"Mirror Verona d=50 brass vanity, round, minimal, japandi","Product Type: Mirror; Name: Verona; Dimensions: d=50; Material: brass; Features: vanity, round, minimal, japandi"
4153,2189,s3_251,,Furniture,2400,"Pendant light d=50 white paper lantern, rice, minimalist, plug-in","Product Type: Pendant light; Dimensions: d=50; Color: white; Material: paper; Features: lantern, rice, minimalist, plug-in"
4154,2190,s3_252,,Furniture,14400,"Shelf 160x30x200 black metal, wood pipe, industrial, 6-tier, xl","Product Type: Shelf; Dimensions: 160x30x200; Color: black; Material: metal, wood; Features: pipe, industrial, 6-tier, xl"
4155,2191,s3_253,,Furniture,5900,"Bedspread 220x240 ivory jacquard, floral","Product Type: Bedspread; Dimensions: 220x240; Color: ivory; Features: jacquard, floral"
4156,2192,s3_254,,Furniture,3800,Pendant light d=35 black metal industrial,Product Type: Pendant light; Dimensions: d=35; Color: black; Material: metal; Features: industrial
4157,2193,s3_255,,Furniture,14800,"Sun lounger Lyon grey aluminum reclining, 5-position","Product Type: Sun lounger; Name: Lyon; Color: grey; Material: aluminum; Features: reclining, 5-position"
4158,2194,s3_256,,Furniture,6400,"Cat tree walnut wall-mounted, 5-piece, shelves","Product Type: Cat tree; Material: walnut; Features: wall-mounted, 5-piece, shelves"
4159,2195,s3_257,,Furniture,8400,"Area rug d=160 grey acrylic round, shaggy","Product Type: Area rug; Dimensions: d=160; Color: grey; Material: acrylic; Features: round, shaggy"
4160,2196,s3_258,,Furniture,3950,"Vanity stool emerald, gold velvet round","Product Type: Vanity stool; Color: emerald, gold; Material: velvet; Features: round"
4161,2197,s3_259,,Furniture,48400,"Cabinet Adeline 90x40x180 walnut whisky, display, front, led","Product Type: Cabinet; Name: Adeline; Dimensions: 90x40x180; Material: walnut; Features: whisky, display, front, led"
4162,2198,s3_260,,Furniture,14800,"Floor lamp Milano 200cm white brass, marble arc, overhead","Product Type: Floor lamp; Name: Milano; Dimensions: 200cm; Color: white; Material: brass, marble; Features: arc, overhead"
4163,2199,s3_261,,Furniture,1850,"Mouse pad 120x60 gaming, desk-size, stitched","Product Type: Mouse pad; Dimensions: 120x60; Features: gaming, desk-size, stitched"
4164,2200,s3_262,,Furniture,1280,Jewelry stand gold metal tree,Product Type: Jewelry stand; Color: gold; Material: metal; Features: tree
4165,2201,s3_263,,Furniture,58400,"Lounge chair plywood, walnut, leather eames-style, chocolate, ottoman","Product Type: Lounge chair; Material: plywood, walnut, leather; Features: eames-style, chocolate, ottoman"
4166,2202,s3_264,,Furniture,2800,"Plant stand gold metal 3-tier, indoor","Product Type: Plant stand; Color: gold; Material: metal; Features: 3-tier, indoor"
4167,2203,s3_265,,Furniture,74800,"Sofa black eco-leather sectional, u-shape","Product Type: Sofa; Color: black; Material: eco-leather; Features: sectional, u-shape"
4168,2204,s3_266,,Furniture,920,Placemat d=38 natural jute set of 4,Product Type: Placemat; Dimensions: d=38; Color: natural; Material: jute; Features: set of 4
4169,2205,s3_267,,Furniture,18400,Chandelier d=70 natural rattan boho,Product Type: Chandelier; Dimensions: d=70; Color: natural; Material: rattan; Features: boho
4170,2206,s3_268,,Furniture,3450,"Bedside table white mdf floating, wall-mount, slim","Product Type: Bedside table; Color: white; Material: mdf; Features: floating, wall-mount, slim"
4171,2207,s3_269,,Furniture,4800,"Coat rack Stella 180cm natural wood tree, 10-hooks","Product Type: Coat rack; Name: Stella; Dimensions: 180cm; Color: natural; Material: wood; Features: tree, 10-hooks"
4172,2208,s3_270,,Furniture,9800,"Cat tree Milano XL 180cm cream sisal 6-level, condo","Product Type: Cat tree; Name: Milano XL; Dimensions: 180cm; Color: cream; Material: sisal; Features: 6-level, condo"
4173,2209,s3_271,,Furniture,5800,Valet stand black metal mirror,Product Type: Valet stand; Color: black; Material: metal; Features: mirror
4174,2210,s3_272,,Furniture,248400,"Acoustic pod 160x120x230 navy fabric meeting, 2-person, led, vent","Product Type: Acoustic pod; Dimensions: 160x120x230; Color: navy; Material: fabric; Features: meeting, 2-person, led, vent"
4175,2211,s3_273,,Furniture,1850,"Pet stairs 35x40x40 grey foam 3-step, plush","Product Type: Pet stairs; Dimensions: 35x40x40; Color: grey; Material: foam; Features: 3-step, plush"
4176,2212,s3_274,,Furniture,6400,"Bookcase 80x30x200 white mdf tall, 5-shelves","Product Type: Bookcase; Dimensions: 80x30x200; Color: white; Material: mdf; Features: tall, 5-shelves"
4177,2213,s3_275,,Furniture,42800,"Dining set Verona grey rope, aluminum patio, 4-seater","Product Type: Dining set; Name: Verona; Color: grey; Material: rope, aluminum; Features: patio, 4-seater"
4178,2214,s3_276,,Furniture,4800,"Bedside table 50x40x60 black metal, wood industrial","Product Type: Bedside table; Dimensions: 50x40x60; Color: black; Material: metal, wood; Features: industrial"
4179,2215,s3_277,,Furniture,8400,"Dog bed Adeline 110x80 grey memory foam, foam orthopedic, xl","Product Type: Dog bed; Name: Adeline; Dimensions: 110x80; Color: grey; Material: memory foam, foam; Features: orthopedic, xl"
4180,2216,s3_278,,Furniture,2200,"Smart plug Verde outdoor, wifi, waterproof, set of 2","Product Type: Smart plug; Name: Verde; Features: outdoor, wifi, waterproof, set of 2"
4181,2217,s3_279,,Furniture,9400,"Futon mattress 90x200 natural cotton japanese, floor, foldable","Product Type: Futon mattress; Dimensions: 90x200; Color: natural; Material: cotton; Features: japanese, floor, foldable"
4182,2218,s3_280,,Furniture,14400,"Candle black metal chandelier, farmhouse, 6-lights","Product Type: Candle; Color: black; Material: metal; Features: chandelier, farmhouse, 6-lights"
4183,2219,s3_281,,Furniture,5400,"Parasol 2.7m navy double-canopy, upf50, crank","Product Type: Parasol; Dimensions: 2.7m; Color: navy; Features: double-canopy, upf50, crank"
4184,2220,s3_282,,Furniture,3800,Plaid 130x180 beige wool checkered,Product Type: Plaid; Dimensions: 130x180; Color: beige; Material: wool; Features: checkered
4185,2221,s3_283,,Furniture,2800,"Mirror d=30 gold metal set of 3, round","Product Type: Mirror; Dimensions: d=30; Color: gold; Material: metal; Features: set of 3, round"
4186,2222,s3_284,,Furniture,9200,"Ottoman 90x45x40 brown leather tray, top","Product Type: Ottoman; Dimensions: 90x45x40; Color: brown; Material: leather; Features: tray, top"
4187,2223,s3_285,,Furniture,11800,"Learning tower Verde white pine kids, convertible","Product Type: Learning tower; Name: Verde; Color: white; Material: pine; Features: kids, convertible"
4188,2224,s3_286,,Furniture,38000,Floor lamp beige tripod,Product Type: Floor lamp; Color: beige; Features: tripod
4189,2225,s3_287,,Furniture,4800,"Desk lamp beige brass, fabric tripod, shade","Product Type: Desk lamp; Color: beige; Material: brass, fabric; Features: tripod, shade"
4190,2226,s3_288,,Furniture,1450,"LED strip 5m rgb, wifi, remote","Product Type: LED strip; Dimensions: 5m; Features: rgb, wifi, remote"
4191,2227,s3_289,,Furniture,680,"Kitchen towel grey cotton set of 6, waffle","Product Type: Kitchen towel; Color: grey; Material: cotton; Features: set of 6, waffle"
4192,2228,s3_290,,Furniture,6800,Mattress topper 180x200 natural bamboo quilted,Product Type: Mattress topper; Dimensions: 180x200; Color: natural; Material: bamboo; Features: quilted
4193,2229,s3_291,,Furniture,1850,"Coat rack black metal standing, 5-hooks","Product Type: Coat rack; Color: black; Material: metal; Features: standing, 5-hooks"
4194,2230,s3_292,,Furniture,4400,"Stool Norton 65cm wood, walnut counter, minimal, japandi","Product Type: Stool; Name: Norton; Dimensions: 65cm; Material: wood, walnut; Features: counter, minimal, japandi"
4195,2231,s3_293,,Furniture,6200,Area rug 160x230 white shaggy,Product Type: Area rug; Dimensions: 160x230; Color: white; Features: shaggy
4196,2232,s3_294,,Furniture,9400,"Area rug 70x100 white sheepskin, real","Product Type: Area rug; Dimensions: 70x100; Color: white; Features: sheepskin, real"
4197,2233,s3_295,,Furniture,22400,"Area rug 240x340 burgundy wool persian, style","Product Type: Area rug; Dimensions: 240x340; Color: burgundy; Material: wool; Features: persian, style"
4198,2234,s3_296,,Furniture,5400,Ottoman 80x40x40 brown eco-leather storage,Product Type: Ottoman; Dimensions: 80x40x40; Color: brown; Material: eco-leather; Features: storage
4199,2235,s3_297,,Furniture,7200,"Nightstand Aria 45x35x50 walnut minimalist, floating, mount","Product Type: Nightstand; Name: Aria; Dimensions: 45x35x50; Material: walnut; Features: minimalist, floating, mount"
4200,2236,s3_298,,Furniture,2800,"Nightstand wenge mdf floating, wall-mount","Product Type: Nightstand; Color: wenge; Material: mdf; Features: floating, wall-mount"
4201,2237,s3_299,,Furniture,680,Throw pillow 50x50 emerald velvet,Product Type: Throw pillow; Dimensions: 50x50; Color: emerald; Material: velvet
4202,2238,s3_300,,Furniture,5400,"Chest 90x40x45 wood, walnut blanket, box, hinged","Product Type: Chest; Dimensions: 90x40x45; Material: wood, walnut; Features: blanket, box, hinged"
4203,2239,s3_301,,Furniture,28400,"Lounge chair Adeline ivory boucle, wood, walnut frame","Product Type: Lounge chair; Name: Adeline; Color: ivory; Material: boucle, wood, walnut; Features: frame"
4204,2240,s3_302,,Furniture,780,"Dreamcatcher d=40 ivory cotton boho, large, feathers, handmade","Product Type: Dreamcatcher; Dimensions: d=40; Color: ivory; Material: cotton; Features: boho, large, feathers, handmade"
4205,2241,s3_303,,Furniture,3200,"Bench natural bamboo shower, caddy, 3-tier, combo","Product Type: Bench; Color: natural; Material: bamboo; Features: shower, caddy, 3-tier, combo"
4206,2242,s3_304,,Furniture,5800,"Area rug 180x270 marble vinyl, print, easy-clean","Product Type: Area rug; Dimensions: 180x270; Material: marble; Features: vinyl, print, easy-clean"
4207,2243,s3_305,,Furniture,7400,"Bench Milano 160x40x45 wood, walnut dining","Product Type: Bench; Name: Milano; Dimensions: 160x40x45; Material: wood, walnut; Features: dining"
4208,2244,s3_306,,Furniture,4800,"Umbrella 2.7m navy beach, tilting, fringe","Product Type: Umbrella; Dimensions: 2.7m; Color: navy; Features: beach, tilting, fringe"
4209,2245,s3_307,,Furniture,1280,Pilates ring 38cm resistance,Product Type: Pilates ring; Dimensions: 38cm; Features: resistance
4210,2246,s3_308,,Furniture,12400,"Desk 140x60 black metal gaming, carbon, frame","Product Type: Desk; Dimensions: 140x60; Color: black; Material: metal; Features: gaming, carbon, frame"
4211,2247,s3_309,,Furniture,13800,"Accent chair rust, orange velvet barrel","Product Type: Accent chair; Color: rust, orange; Material: velvet; Features: barrel"
4212,2248,s3_310,,Furniture,94400,"Closet system Verona 240x60x220 walnut walk-in, led, 6-section","Product Type: Closet system; Name: Verona; Dimensions: 240x60x220; Material: walnut; Features: walk-in, led, 6-section"
4213,2249,s3_311,,Furniture,2200,"Pet bed 80x60 mesh, metal elevated, frame, outdoor","Product Type: Pet bed; Dimensions: 80x60; Material: mesh, metal; Features: elevated, frame, outdoor"
4214,2250,s3_312,,Furniture,9400,"Mirror Lyon 60x90 gold antique-style, baroque, oval","Product Type: Mirror; Name: Lyon; Dimensions: 60x90; Color: gold; Features: antique-style, baroque, oval"
4215,2251,s3_313,,Furniture,14400,"Garden bench 150x50 natural teak slat, outdoor, seating","Product Type: Garden bench; Dimensions: 150x50; Color: natural; Material: teak; Features: slat, outdoor, seating"
4216,2252,s3_314,,Furniture,5400,"Side table d=50 marble look, marble round","Product Type: Side table; Dimensions: d=50; Material: marble look, marble; Features: round"
4217,2253,s3_315,,Furniture,5400,Cat tree Milano 150cm grey multi-level,Product Type: Cat tree; Name: Milano; Dimensions: 150cm; Color: grey; Features: multi-level
4218,2254,s3_316,,Furniture,15400,"Coffee table 130x70x30cm, 1300x700x300 walnut low, japandi","Product Type: Coffee table; Dimensions: 130x70x30cm, 1300x700x300; Material: walnut; Features: low, japandi"
4219,2255,s3_317,,Furniture,15200,Peacock chair Adeline 100x70x150 grey-wash rattan high-back,Product Type: Peacock chair; Name: Adeline; Dimensions: 100x70x150; Color: grey-wash; Material: rattan; Features: high-back
4220,2256,s3_318,,Furniture,9800,"Room divider Verona 180x150 blue fabric privacy, screen, acoustic, 3-panel","Product Type: Room divider; Name: Verona; Dimensions: 180x150; Color: blue; Material: fabric; Features: privacy, screen, acoustic, 3-panel"
4221,2257,s3_319,,Furniture,19800,"Rocking chair Milano brown wicker lounge, footrest","Product Type: Rocking chair; Name: Milano; Color: brown; Material: wicker; Features: lounge, footrest"
4222,2258,s3_320,,Furniture,14800,"Mirror cabinet Lyon 80x15x70 white bathroom, led","Product Type: Mirror cabinet; Name: Lyon; Dimensions: 80x15x70; Color: white; Features: bathroom, led"
4223,2259,s3_321,,Furniture,9200,Office chair black mesh ergonomic,Product Type: Office chair; Color: black; Material: mesh; Features: ergonomic
4224,2260,s3_322,,Furniture,6800,"Dining chair mustard velvet, wood set of 2, legs","Product Type: Dining chair; Color: mustard; Material: velvet, wood; Features: set of 2, legs"
4225,2261,s3_323,,Furniture,7400,"Wall art 40x60 set of 4, mid-century, abstract, framed, each","Product Type: Wall art; Dimensions: 40x60; Features: set of 4, mid-century, abstract, framed, each"
4226,2262,s3_324,,Furniture,3450,"Mirror d=60 gold metal wall, round","Product Type: Mirror; Dimensions: d=60; Color: gold; Material: metal; Features: wall, round"
4227,2263,s3_325,,Furniture,28400,"Office chair Verona brown leather executive, high-back","Product Type: Office chair; Name: Verona; Color: brown; Material: leather; Features: executive, high-back"
4228,2264,s3_326,,Furniture,420,Throw pillow 40x40 terracotta cotton tassels,Product Type: Throw pillow; Dimensions: 40x40; Color: terracotta; Material: cotton; Features: tassels
4229,2265,s3_327,,Furniture,5400,"Mirror d=70 metal, brass wall, round, minimal, japandi","Product Type: Mirror; Dimensions: d=70; Material: metal, brass; Features: wall, round, minimal, japandi"
4230,2266,s3_328,,Furniture,42400,"Chair gaming, bundle, desk, rgb, combo","Product Type: Chair; Features: gaming, bundle, desk, rgb, combo"
4231,2267,s3_329,,Furniture,2800,"LED strip 5m smart, lighting, rgbic, music-sync, wifi, outdoor","Product Type: LED strip; Dimensions: 5m; Features: smart, lighting, rgbic, music-sync, wifi, outdoor"
4232,2268,s3_330,,Furniture,3800,Bar stool 50x50x85 brown eco-leather backrest,Product Type: Bar stool; Dimensions: 50x50x85; Color: brown; Material: eco-leather; Features: backrest
4233,2269,s3_331,,Furniture,5900,Coffee table Aria 110x55 wenge mdf,Product Type: Coffee table; Name: Aria; Dimensions: 110x55; Color: wenge; Material: mdf
4234,2270,s3_332,,Furniture,6800,"Bookcase 60x30x180cm walnut ladder, industrial","Product Type: Bookcase; Dimensions: 60x30x180cm; Material: walnut; Features: ladder, industrial"
4235,2271,s3_333,,Furniture,7400,"Runner rug 80x300 multicolor wool carpet, hallway, kilim","Product Type: Runner rug; Dimensions: 80x300; Color: multicolor; Material: wool; Features: carpet, hallway, kilim"
4236,2272,s3_334,,Furniture,2400,"Curtains 140x250 blue kids, stars, print, pair","Product Type: Curtains; Dimensions: 140x250; Color: blue; Features: kids, stars, print, pair"
4237,2273,s3_335,,Furniture,980,"Closet organizer beige canvas hanging, pockets","Product Type: Closet organizer; Color: beige; Material: canvas; Features: hanging, pockets"
4238,2274,s3_336,,Furniture,7400,Jewelry armoire 35x10x100 walnut wall-mount,Product Type: Jewelry armoire; Dimensions: 35x10x100; Material: walnut; Features: wall-mount
4239,2275,s3_337,,Furniture,9800,"Floor lamp Oslo grey brass, fabric shade","Product Type: Floor lamp; Name: Oslo; Color: grey; Material: brass, fabric; Features: shade"
4240,2276,s3_338,,Furniture,42400,"Dining set rattan patio, 4-seater, round","Product Type: Dining set; Material: rattan; Features: patio, 4-seater, round"
4241,2277,s3_339,,Furniture,6400,"Side table Milano d=50 walnut mid-century, tripod","Product Type: Side table; Name: Milano; Dimensions: d=50; Material: walnut; Features: mid-century, tripod"
4242,2278,s3_340,,Furniture,8800,"Learning tower natural bamboo kids, foldable","Product Type: Learning tower; Color: natural; Material: bamboo; Features: kids, foldable"
4243,2279,s3_341,,Furniture,1850,Bath mat terracotta cotton set of 3,Product Type: Bath mat; Color: terracotta; Material: cotton; Features: set of 3
4244,2280,s3_342,,Furniture,12400,Rocking chair Aria emerald velvet,Product Type: Rocking chair; Name: Aria; Color: emerald; Material: velvet
4245,2281,s3_343,,Furniture,14400,"Wall panel 60x60 grey felt acoustic, set of 6, cinema-grade","Product Type: Wall panel; Dimensions: 60x60; Color: grey; Material: felt; Features: acoustic, set of 6, cinema-grade"
4246,2282,s3_344,,Furniture,3450,Pendant light d=30 smoke glass globe,Product Type: Pendant light; Dimensions: d=30; Color: smoke; Material: glass; Features: globe
4247,2283,s3_345,,Furniture,2800,"Mat d=150 beige cotton play, round, boho","Product Type: Mat; Dimensions: d=150; Color: beige; Material: cotton; Features: play, round, boho"
4248,2284,s3_346,,Furniture,1450,"Pillowcase 50x70 white cotton pillow, case, set of 4, sateen","Product Type: Pillowcase; Dimensions: 50x70; Color: white; Material: cotton; Features: pillow, case, set of 4, sateen"
4249,2285,s3_347,,Furniture,28400,"Sun lounger black textilene, tilting, set of 4","Product Type: Sun lounger; Color: black; Features: textilene, tilting, set of 4"
4250,2286,s3_348,,Furniture,2400,"Shelf 30x30x50 wood, walnut diffuser, stand, essential, oil, tier","Product Type: Shelf; Dimensions: 30x30x50; Material: wood, walnut; Features: diffuser, stand, essential, oil, tier"
4251,2287,s3_349,,Furniture,47000,Office chair black mesh ergonomic,Product Type: Office chair; Color: black; Material: mesh; Features: ergonomic
4252,2288,s3_350,,Furniture,58400,"Recliner leather automatic, chocolate, power-lift, heated, massage","Product Type: Recliner; Material: leather; Features: automatic, chocolate, power-lift, heated, massage"
4253,2289,s3_351,,Furniture,4400,"Pendant light d=60 ivory paper-rice japandi, minimal, led","Product Type: Pendant light; Dimensions: d=60; Color: ivory; Material: paper-rice; Features: japandi, minimal, led"
4254,2290,s3_352,,Furniture,3800,"Foam roller 45cm foam textured, vibrating, rechargeable","Product Type: Foam roller; Dimensions: 45cm; Material: foam; Features: textured, vibrating, rechargeable"
4255,2291,s3_353,,Furniture,980,"Foam roller 33cm black epp, foam dense","Product Type: Foam roller; Dimensions: 33cm; Color: black; Material: epp, foam; Features: dense"
4256,2292,s3_354,,Furniture,32500,"Bed Adeline 160x200 grey eco-leather double, lifting, mech, dark","Product Type: Bed; Name: Adeline; Dimensions: 160x200; Color: grey; Material: eco-leather; Features: double, lifting, mech, dark"
4257,2293,s3_355,,Furniture,28400,"Cabinet 110x40x80 walnut record, vinyl, mid-century, holds, 200lp","Product Type: Cabinet; Dimensions: 110x40x80; Material: walnut; Features: record, vinyl, mid-century, holds, 200lp"
4258,2294,s3_356,,Furniture,2800,"Halloween decor Adeline ceramic pumpkin, trio","Product Type: Halloween decor; Name: Adeline; Material: ceramic; Features: pumpkin, trio"
4259,2295,s3_357,,Furniture,2800,"Ceiling lamp kids, cloud, led, dimmable","Product Type: Ceiling lamp; Features: kids, cloud, led, dimmable"
4260,2296,s3_358,,Furniture,22800,Loveseat 150x85 mustard fabric modern,Product Type: Loveseat; Dimensions: 150x85; Color: mustard; Material: fabric; Features: modern
4261,2297,s3_359,,Furniture,1450,"Desk lamp green plastic kids, dinosaur","Product Type: Desk lamp; Color: green; Material: plastic; Features: kids, dinosaur"
4262,2298,s3_360,,Furniture,5800,"Wall sconce brass mid-century, adjustable, arm, pair","Product Type: Wall sconce; Material: brass; Features: mid-century, adjustable, arm, pair"
4263,2299,s3_361,,Furniture,28400,Chandelier d=60 gold crystal 8-lights,Product Type: Chandelier; Dimensions: d=60; Color: gold; Material: crystal; Features: 8-lights
4264,2300,s3_362,,Furniture,18800,"Cabinet 50x45x85 walnut hotel, mini-bar, fridge, mirror, lockable","Product Type: Cabinet; Dimensions: 50x45x85; Material: walnut; Features: hotel, mini-bar, fridge, mirror, lockable"
4265,2301,s3_363,,Furniture,1280,"Rack gold metal hat, wall-mount, 6-hooks","Product Type: Rack; Color: gold; Material: metal; Features: hat, wall-mount, 6-hooks"
4266,2302,s3_364,,Furniture,1850,Bath rug 60x90 white chenille anti-slip,Product Type: Bath rug; Dimensions: 60x90; Color: white; Material: chenille; Features: anti-slip
4267,2303,s3_365,,Furniture,6800,"Mirror d=80 oak japandi, round, minimal, wall, thin, frame","Product Type: Mirror; Dimensions: d=80; Material: oak; Features: japandi, round, minimal, wall, thin, frame"
4268,2304,s3_366,,Furniture,94800,"Sectional sofa Norton oatmeal linen modular, 5-piece, japandi","Product Type: Sectional sofa; Name: Norton; Color: oatmeal; Material: linen; Features: modular, 5-piece, japandi"
4269,2305,s3_367,,Furniture,14400,"Floor lamp black metal, marble arc, base","Product Type: Floor lamp; Color: black; Material: metal, marble; Features: arc, base"
4270,2306,s3_368,,Furniture,5200,"Curtains 140x250 silver, grey thermal, pair","Product Type: Curtains; Dimensions: 140x250; Color: silver, grey; Features: thermal, pair"
4271,2307,s3_369,,Furniture,2400,Pet bed Verona 80x60 beige velvet rectangle,Product Type: Pet bed; Name: Verona; Dimensions: 80x60; Color: beige; Material: velvet; Features: rectangle
4272,2308,s3_370,,Furniture,6800,"Chest Verde 80x40x40 natural rattan storage, trunk, lid, hinged","Product Type: Chest; Name: Verde; Dimensions: 80x40x40; Color: natural; Material: rattan; Features: storage, trunk, lid, hinged"
4273,2309,s3_371,,Furniture,19400,"Dining table 160x90 natural solid pine, pine","Product Type: Dining table; Dimensions: 160x90; Color: natural; Material: solid pine, pine"
4274,2310,s3_372,,Furniture,9400,"Room divider Verde 150x180 honey-brown rattan 3-panel, boho","Product Type: Room divider; Name: Verde; Dimensions: 150x180; Color: honey-brown; Material: rattan; Features: 3-panel, boho"
4275,2311,s3_373,,Furniture,38400,"Sofa 220cm sage velvet 3-seater, x, modern","Product Type: Sofa; Dimensions: 220cm; Color: sage; Material: velvet; Features: 3-seater, x, modern"
4276,2312,s3_374,,Furniture,31800,"Bed Verona 160x200 wenge mdf double, headboard, tufted","Product Type: Bed; Name: Verona; Dimensions: 160x200; Color: wenge; Material: mdf; Features: double, headboard, tufted"
4277,2313,s3_375,,Furniture,2800,"Throw blanket 130x180 cream sherpa, reversible","Product Type: Throw blanket; Dimensions: 130x180; Color: cream; Features: sherpa, reversible"
4278,2314,s3_376,,Furniture,7400,Bedside cabinet Lyon 50x40x60 walnut mid-century,Product Type: Bedside cabinet; Name: Lyon; Dimensions: 50x40x60; Material: walnut; Features: mid-century
4279,2315,s3_377,,Furniture,14400,"Parasol 3.5m grey cantilever, led, lights","Product Type: Parasol; Dimensions: 3.5m; Color: grey; Features: cantilever, led, lights"
4280,2316,s3_378,,Furniture,1650,Bath mat Verde 50x80 natural bamboo boho,Product Type: Bath mat; Name: Verde; Dimensions: 50x80; Color: natural; Material: bamboo; Features: boho
4281,2317,s3_379,,Furniture,4400,"Plaid 130x170 grey knit, chunky","Product Type: Plaid; Dimensions: 130x170; Color: grey; Features: knit, chunky"
4282,2318,s3_380,,Furniture,4810,"Bar stool Oslo 50x50x85 emerald, gold velvet legs","Product Type: Bar stool; Name: Oslo; Dimensions: 50x50x85; Color: emerald, gold; Material: velvet; Features: legs"
4283,2319,s3_381,,Furniture,54200,"Sofa Milano 220x90 cognac eco-leather straight, 3-seater","Product Type: Sofa; Name: Milano; Dimensions: 220x90; Color: cognac; Material: eco-leather; Features: straight, 3-seater"
4284,2320,s3_382,,Furniture,38400,"Daybed Verona 200x90x70 grey velvet sofa, storage, convertible","Product Type: Daybed; Name: Verona; Dimensions: 200x90x70; Color: grey; Material: velvet; Features: sofa, storage, convertible"
4285,2321,s3_383,,Furniture,1850,"Desk lamp black plastic dimmer, usb","Product Type: Desk lamp; Color: black; Material: plastic; Features: dimmer, usb"
4286,2322,s3_384,,Furniture,780,Throw pillow 45x45 ivory boucle,Product Type: Throw pillow; Dimensions: 45x45; Color: ivory; Material: boucle
4287,2323,s3_385,,Furniture,38400,"Vanity 120x50x85 mdf bathroom, sonoma, double, basin","Product Type: Vanity; Dimensions: 120x50x85; Material: mdf; Features: bathroom, sonoma, double, basin"
4288,2324,s3_386,,Furniture,5400,"Shelf 80x25x120 black metal, wood pipe, industrial, 3-tier","Product Type: Shelf; Dimensions: 80x25x120; Color: black; Material: metal, wood; Features: pipe, industrial, 3-tier"
4289,2325,s3_387,,Furniture,36800,"Bed Lyon 160x200 walnut frame, mid-century, tapered, legs","Product Type: Bed; Name: Lyon; Dimensions: 160x200; Material: walnut; Features: frame, mid-century, tapered, legs"
4290,2326,s3_388,,Furniture,38400,"Cabinet Lyon 100x40x140 walnut, brass bar, mid-century, hardware","Product Type: Cabinet; Name: Lyon; Dimensions: 100x40x140; Material: walnut, brass; Features: bar, mid-century, hardware"
4291,2327,s3_389,,Furniture,780,Table runner 35x150 terracotta cotton boho,Product Type: Table runner; Dimensions: 35x150; Color: terracotta; Material: cotton; Features: boho
4292,2328,s3_390,,Furniture,4800,"Console table 100x30x75 sonoma oak sonoma oak, mdf, oak","Product Type: Console table; Dimensions: 100x30x75; Color: sonoma oak; Material: sonoma oak, mdf, oak"
4293,2329,s3_391,,Furniture,28400,"Coffee table Verona 130x65x32 marble low, oval, mid-century","Product Type: Coffee table; Name: Verona; Dimensions: 130x65x32; Material: marble; Features: low, oval, mid-century"
4294,2330,s3_392,,Furniture,4200,Plaid Verde 130x180 navy wool pattern,Product Type: Plaid; Name: Verde; Dimensions: 130x180; Color: navy; Material: wool; Features: pattern
4295,2331,s3_393,,Furniture,4400,"Coffee table 60cm, 60x60 white mdf round-square","Product Type: Coffee table; Dimensions: 60cm, 60x60; Color: white; Material: mdf; Features: round-square"
4296,2332,s3_394,,Furniture,398400,"Acoustic pod 220x180x230 grey fabric meeting, 4-person, led, vent","Product Type: Acoustic pod; Dimensions: 220x180x230; Color: grey; Material: fabric; Features: meeting, 4-person, led, vent"
4297,2333,s3_395,,Furniture,13400,"Gaming desk 110x55 black compact, rgb, strip","Product Type: Gaming desk; Dimensions: 110x55; Color: black; Features: compact, rgb, strip"
4298,2334,s3_396,,Furniture,3200,"Pet ramp 80cm wood, walnut non-slip, sofa","Product Type: Pet ramp; Dimensions: 80cm; Material: wood, walnut; Features: non-slip, sofa"
4299,2335,s3_397,,Furniture,14400,"Dining set Verde natural teak outdoor, bistro, 3-piece, folding","Product Type: Dining set; Name: Verde; Color: natural; Material: teak; Features: outdoor, bistro, 3-piece, folding"
4300,2336,s3_398,,Furniture,2800,"Towel set white cotton bath, spa","Product Type: Towel set; Color: white; Material: cotton; Features: bath, spa"
4301,2337,s3_399,,Furniture,420,"Pillow protector 50x70 cotton zippered, set of 2","Product Type: Pillow protector; Dimensions: 50x70; Material: cotton; Features: zippered, set of 2"
4302,2338,s3_400,,Furniture,14800,"Christmas tree Stella 210cm flocked, snow, led, tips","Product Type: Christmas tree; Name: Stella; Dimensions: 210cm; Features: flocked, snow, led, tips"
4303,2339,s3_401,,Furniture,1180,"Bath mat d=70 ivory jute round, braided, spa-style","Product Type: Bath mat; Dimensions: d=70; Color: ivory; Material: jute; Features: round, braided, spa-style"
4304,2340,s3_402,,Furniture,1650,"Area rug 120x160 polyester kids, alphabet, print","Product Type: Area rug; Dimensions: 120x160; Material: polyester; Features: kids, alphabet, print"
4305,2341,s3_403,,Furniture,7800,"Nesting table walnut set of 3, mid-century, splayed","Product Type: Nesting table; Material: walnut; Features: set of 3, mid-century, splayed"
4306,2342,s3_404,,Furniture,1850,"Desk 90x45 black leather pad, large, mouse-keyboard, cover","Product Type: Desk; Dimensions: 90x45; Color: black; Material: leather; Features: pad, large, mouse-keyboard, cover"
4307,2343,s3_405,,Furniture,3450,"Table lamp white ceramic, fabric shade","Product Type: Table lamp; Color: white; Material: ceramic, fabric; Features: shade"
4308,2344,s3_406,,Furniture,7400,Bench 120x40x45 white eco-leather storage,Product Type: Bench; Dimensions: 120x40x45; Color: white; Material: eco-leather; Features: storage
4309,2345,s3_407,,Furniture,14400,"Bookshelf 90x30x180 natural oak japandi, 4-tier, minimal, floor","Product Type: Bookshelf; Dimensions: 90x30x180; Color: natural; Material: oak; Features: japandi, 4-tier, minimal, floor"
4310,2346,s3_408,,Furniture,7200,"Area rug 160x230 blue cotton kilim, turkish","Product Type: Area rug; Dimensions: 160x230; Color: blue; Material: cotton; Features: kilim, turkish"
4311,2347,s3_409,,Furniture,4950,"Coffee table d=80 mdf, walnut round","Product Type: Coffee table; Dimensions: d=80; Material: mdf, walnut; Features: round"
4312,2348,s3_410,,Furniture,2800,Pouf 50x35 cream cotton knitted,Product Type: Pouf; Dimensions: 50x35; Color: cream; Material: cotton; Features: knitted
4313,2349,s3_411,,Furniture,19800,"Fire pit d=80 corten steel, steel table, burning","Product Type: Fire pit; Dimensions: d=80; Material: corten steel, steel; Features: table, burning"
4314,2350,s3_412,,Furniture,18400,Sideboard Lyon 180x40x90 white mdf,Product Type: Sideboard; Name: Lyon; Dimensions: 180x40x90; Color: white; Material: mdf
4315,2351,s3_413,,Furniture,8400,"Desk 140x110 white mdf computer, corner","Product Type: Desk; Dimensions: 140x110; Color: white; Material: mdf; Features: computer, corner"
4316,2352,s3_414,,Furniture,14800,"Umbrella 3m charcoal patio, offset, cantilever, led, solar","Product Type: Umbrella; Dimensions: 3m; Color: charcoal; Features: patio, offset, cantilever, led, solar"
4317,2353,s3_415,,Furniture,6800,"Mirror d=60 gold antique, ornate, baroque","Product Type: Mirror; Dimensions: d=60; Color: gold; Features: antique, ornate, baroque"
4318,2354,s3_416,,Furniture,3800,"Dog bed 90x65 black mesh, aluminum elevated","Product Type: Dog bed; Dimensions: 90x65; Color: black; Material: mesh, aluminum; Features: elevated"
4319,2355,s3_417,,Furniture,14800,"Headboard Verona 160x10x130 burgundy velvet hotel, tufted, wall-mount","Product Type: Headboard; Name: Verona; Dimensions: 160x10x130; Color: burgundy; Material: velvet; Features: hotel, tufted, wall-mount"
4320,2356,s3_418,,Furniture,2800,"Shower curtain Aria 180x200 natural linen japandi, minimal","Product Type: Shower curtain; Name: Aria; Dimensions: 180x200; Color: natural; Material: linen; Features: japandi, minimal"
4321,2357,s3_419,,Furniture,28400,"Bunk bed 80x190 white pine slide, kids","Product Type: Bunk bed; Dimensions: 80x190; Color: white; Material: pine; Features: slide, kids"
4322,2358,s3_420,,Furniture,31200,"Wardrobe 180x60x220 walnut sliding, mirror","Product Type: Wardrobe; Dimensions: 180x60x220; Material: walnut; Features: sliding, mirror"
4323,2359,s3_421,,Furniture,24400,"Locker Norton 120x40x180 mustard, yellow metal 4-door, vintage","Product Type: Locker; Name: Norton; Dimensions: 120x40x180; Color: mustard, yellow; Material: metal; Features: 4-door, vintage"
4324,2360,s3_422,,Furniture,12400,"Cart 90x55x80 black metal factory, vintage, wheels, coffee-table","Product Type: Cart; Dimensions: 90x55x80; Color: black; Material: metal; Features: factory, vintage, wheels, coffee-table"
4325,2361,s3_423,,Furniture,4800,"Bar stool Oslo 50x50x85 emerald, gold velvet legs","Product Type: Bar stool; Name: Oslo; Dimensions: 50x50x85; Color: emerald, gold; Material: velvet; Features: legs"
4326,2362,s3_424,,Furniture,680,"Fairy lights 10m warm white, white led, indoor","Product Type: Fairy lights; Dimensions: 10m; Color: warm white, white; Features: led, indoor"
4327,2363,s3_425,,Furniture,1850,"Vase Stella 40cm ivory ceramic minimal, tall, japandi","Product Type: Vase; Name: Stella; Dimensions: 40cm; Color: ivory; Material: ceramic; Features: minimal, tall, japandi"
4328,2364,s3_426,,Furniture,1850,Plant stand Verde black metal 2-tier,Product Type: Plant stand; Name: Verde; Color: black; Material: metal; Features: 2-tier
4329,2365,s3_427,,Furniture,1850,"Pet bed Oslo navy fabric bolster, medium","Product Type: Pet bed; Name: Oslo; Color: navy; Material: fabric; Features: bolster, medium"
4330,2366,s3_428,,Furniture,4200,"Bar stool white eco-leather swivel, adjustable","Product Type: Bar stool; Color: white; Material: eco-leather; Features: swivel, adjustable"
4331,2367,s3_429,,Furniture,7400,"Mirror Milano 80x120 wood, walnut rectangle","Product Type: Mirror; Name: Milano; Dimensions: 80x120; Material: wood, walnut; Features: rectangle"
4332,2368,s3_430,,Furniture,1450,"Dreamcatcher Aria 30x90 natural triple-tier, feathers, wall","Product Type: Dreamcatcher; Name: Aria; Dimensions: 30x90; Color: natural; Features: triple-tier, feathers, wall"
4333,2369,s3_431,,Furniture,5400,Ottoman 100x40x40 grey fabric button-tufted,Product Type: Ottoman; Dimensions: 100x40x40; Color: grey; Material: fabric; Features: button-tufted
4334,2370,s3_432,,Furniture,1950,"Area rug 60x200 grey runner, polypropylene","Product Type: Area rug; Dimensions: 60x200; Color: grey; Features: runner, polypropylene"
4335,2371,s3_433,,Furniture,82400,"Sectional sofa white eco-leather l-shape, xl","Product Type: Sectional sofa; Color: white; Material: eco-leather; Features: l-shape, xl"
4336,2372,s3_434,,Furniture,14800,"Armchair Adeline 75x80x95 beige velvet hotel, tufted","Product Type: Armchair; Name: Adeline; Dimensions: 75x80x95; Color: beige; Material: velvet; Features: hotel, tufted"
4337,2373,s3_435,,Furniture,9400,"Duvet cover Adeline 200x220 ivory velvet queen, luxe","Product Type: Duvet cover; Name: Adeline; Dimensions: 200x220; Color: ivory; Material: velvet; Features: queen, luxe"
4338,2374,s3_436,,Furniture,5200,Shelving unit 80x30x180 wenge mdf modular,Product Type: Shelving unit; Dimensions: 80x30x180; Color: wenge; Material: mdf; Features: modular
4339,2375,s3_437,,Furniture,12400,"Sideboard 140x45x85 cream mdf, oak buffet","Product Type: Sideboard; Dimensions: 140x45x85; Color: cream; Material: mdf, oak; Features: buffet"
4340,2376,s3_438,,Furniture,1280,"Pet bed d=60 grey round, plush, washable","Product Type: Pet bed; Dimensions: d=60; Color: grey; Features: round, plush, washable"
4341,2377,s3_439,,Furniture,3400,"Curtains 200x270 ivory linen sheer, pair","Product Type: Curtains; Dimensions: 200x270; Color: ivory; Material: linen; Features: sheer, pair"
4342,2378,s3_440,,Furniture,72400,"Sofa set Adeline beige rope outdoor, modular, 4-piece","Product Type: Sofa set; Name: Adeline; Color: beige; Material: rope; Features: outdoor, modular, 4-piece"
4343,2379,s3_441,,Furniture,4800,"Bedspread 200x230 cotton patchwork, boho","Product Type: Bedspread; Dimensions: 200x230; Material: cotton; Features: patchwork, boho"
4344,2380,s3_442,,Furniture,2200,"Ergonomic mat 50x80 grey standing, desk","Product Type: Ergonomic mat; Dimensions: 50x80; Color: grey; Features: standing, desk"
4345,2381,s3_443,,Furniture,9800,"Dresser 90x45x90 mdf, walnut 4-drawers","Product Type: Dresser; Dimensions: 90x45x90; Material: mdf, walnut; Features: 4-drawers"
4346,2382,s3_444,,Furniture,34800,"Sofa Oslo 160x85x68 beige walnut, linen low, japandi, 2-seater","Product Type: Sofa; Name: Oslo; Dimensions: 160x85x68; Color: beige; Material: walnut, linen; Features: low, japandi, 2-seater"
4347,2383,s3_445,,Furniture,4900,"Bar stool metal, walnut industrial, loft, seat","Product Type: Bar stool; Material: metal, walnut; Features: industrial, loft, seat"
4348,2384,s3_446,,Furniture,3200,Nightstand 45x40x55 white mdf 2-drawers,Product Type: Nightstand; Dimensions: 45x40x55; Color: white; Material: mdf; Features: 2-drawers
4349,2385,s3_447,,Furniture,1450,"Decor pumpkin orange velvet decorative, set of 5, mixed","Product Type: Decor pumpkin; Color: orange; Material: velvet; Features: decorative, set of 5, mixed"
4350,2386,s3_448,,Furniture,19400,"Mouse pad 140x60 black gaming, desk, rgb, carbon","Product Type: Mouse pad; Dimensions: 140x60; Color: black; Features: gaming, desk, rgb, carbon"
4351,2387,s3_449,,Furniture,18400,"Chandelier Stella d=70 brass sputnik, 8-light, mid-century","Product Type: Chandelier; Name: Stella; Dimensions: d=70; Material: brass; Features: sputnik, 8-light, mid-century"
4352,2388,s3_450,,Furniture,38400,Recliner cognac eco-leather full-body,Product Type: Recliner; Color: cognac; Material: eco-leather; Features: full-body
4353,2389,s3_451,,Furniture,28400,"Sideboard 160x40x80 cream distressed, farmhouse","Product Type: Sideboard; Dimensions: 160x40x80; Color: cream; Features: distressed, farmhouse"
4354,2390,s3_452,,Furniture,19800,Accent chair cognac leather club,Product Type: Accent chair; Color: cognac; Material: leather; Features: club
4355,2391,s3_453,,Furniture,14400,"Bed Stella 150x40x45 champagne velvet hotel, bench, end-of","Product Type: Bed; Name: Stella; Dimensions: 150x40x45; Color: champagne; Material: velvet; Features: hotel, bench, end-of"
4356,2392,s3_454,,Furniture,14400,"Area rug Oslo 200x290 ivory wool japandi, minimal","Product Type: Area rug; Name: Oslo; Dimensions: 200x290; Color: ivory; Material: wool; Features: japandi, minimal"
4357,2393,s3_455,,Furniture,38400,"Wardrobe 240x60x220 walnut sliding, 3-doors, mirror","Product Type: Wardrobe; Dimensions: 240x60x220; Material: walnut; Features: sliding, 3-doors, mirror"
4358,2394,s3_456,,Furniture,7400,"Mirror d=80 brass antique, baroque, boho, hand-carved","Product Type: Mirror; Dimensions: d=80; Material: brass; Features: antique, baroque, boho, hand-carved"
4359,2395,s3_457,,Furniture,9800,"Recliner pink fabric kids, mini, cup, holder","Product Type: Recliner; Color: pink; Material: fabric; Features: kids, mini, cup, holder"
4360,2396,s3_458,,Furniture,42000,"Bar stool white eco-leather swivel, adjustable","Product Type: Bar stool; Color: white; Material: eco-leather; Features: swivel, adjustable"
4361,2397,s3_459,,Furniture,76800,"Dining set aluminum, teak patio, 6-seater, top","Product Type: Dining set; Material: aluminum, teak; Features: patio, 6-seater, top"
4362,2398,s3_460,,Furniture,28500,"Sofa grey fabric straight, 3-seater","Product Type: Sofa; Color: grey; Material: fabric; Features: straight, 3-seater"
4363,2399,s3_461,,Furniture,12400,"TV stand Lyon 180cm industrial, pipe","Product Type: TV stand; Name: Lyon; Dimensions: 180cm; Features: industrial, pipe"
4364,2400,s3_462,,Furniture,28400,"TV stand Norton 200x40x60 black home, theater, console, led, gloss","Product Type: TV stand; Name: Norton; Dimensions: 200x40x60; Color: black; Features: home, theater, console, led, gloss"
4365,2401,s3_463,,Furniture,4200,"Vanity stool Stella ivory wood tufted, legs","Product Type: Vanity stool; Name: Stella; Color: ivory; Material: wood; Features: tufted, legs"
4366,2402,s3_464,,Furniture,24400,"Chaise lounge 170x80 pink, gold velvet legs","Product Type: Chaise lounge; Dimensions: 170x80; Color: pink, gold; Material: velvet; Features: legs"
4367,2403,s3_465,,Furniture,22800,"Gaming chair Norton full, neck-lumbar, pillows, rgb","Product Type: Gaming chair; Name: Norton; Features: full, neck-lumbar, pillows, rgb"
4368,2404,s3_466,,Furniture,14800,"Headboard Verona 160x10x130 emerald velvet hotel, tufted, wall-mount","Product Type: Headboard; Name: Verona; Dimensions: 160x10x130; Color: emerald; Material: velvet; Features: hotel, tufted, wall-mount"
4369,2405,s3_467,,Furniture,980,"Wall hanging 30x40 natural cotton macrame, boho, small","Product Type: Wall hanging; Dimensions: 30x40; Color: natural; Material: cotton; Features: macrame, boho, small"
4370,2406,s3_468,,Furniture,6800,"Sheet set oatmeal linen japandi, queen, 4-piece, organic","Product Type: Sheet set; Color: oatmeal; Material: linen; Features: japandi, queen, 4-piece, organic"
4371,2407,s3_469,,Furniture,9800,"Curtains Adeline 200x270 ivory velvet luxe, blackout, pair","Product Type: Curtains; Name: Adeline; Dimensions: 200x270; Color: ivory; Material: velvet; Features: luxe, blackout, pair"
4372,2408,s3_470,,Furniture,980,"Bed 90x45x15 grey under, storage, zippered, set of 2","Product Type: Bed; Dimensions: 90x45x15; Color: grey; Features: under, storage, zippered, set of 2"
4373,2409,s3_471,,Furniture,58400,"Furniture set sonoma oak sonoma oak, mdf, oak bedroom, 5-piece","Product Type: Furniture set; Color: sonoma oak; Material: sonoma oak, mdf, oak; Features: bedroom, 5-piece"
4374,2410,s3_472,,Furniture,3450,"Christmas garland 270cm pine pre-lit, warm, leds, berries","Product Type: Christmas garland; Dimensions: 270cm; Material: pine; Features: pre-lit, warm, leds, berries"
4375,2411,s3_473,,Furniture,48400,"Sofa Milano 220x90 emerald velvet straight, 3-seater","Product Type: Sofa; Name: Milano; Dimensions: 220x90; Color: emerald; Material: velvet; Features: straight, 3-seater"
4376,2412,s3_474,,Furniture,1450,"Bed clear under, storage, shoe, organizer, 12-slot","Product Type: Bed; Color: clear; Features: under, storage, shoe, organizer, 12-slot"
4377,2413,s3_475,,Furniture,780,"Yoga mat 150x60 pink kids, 4mm, stars, print","Product Type: Yoga mat; Dimensions: 150x60; Color: pink; Features: kids, 4mm, stars, print"
4378,2414,s3_476,,Furniture,7400,"Office chair grey mesh adjustable, armrests","Product Type: Office chair; Color: grey; Material: mesh; Features: adjustable, armrests"
4379,2415,s3_477,,Furniture,14400,"Hammock stand 3.2m natural wood, beech","Product Type: Hammock stand; Dimensions: 3.2m; Color: natural; Material: wood, beech"
4380,2416,s3_478,,Furniture,4400,"Bath caddy Oslo walnut japandi, extendable, luxe","Product Type: Bath caddy; Name: Oslo; Material: walnut; Features: japandi, extendable, luxe"
4381,2417,s3_479,,Furniture,3450,"Bench 45x18x18 natural wood, teak yoga, meditation, portable","Product Type: Bench; Dimensions: 45x18x18; Color: natural; Material: wood, teak; Features: yoga, meditation, portable"
4382,2418,s3_480,,Furniture,144800,"Cinema chair cognac leather home, power-recliner, 2-seat, row, connected","Product Type: Cinema chair; Color: cognac; Material: leather; Features: home, power-recliner, 2-seat, row, connected"
4383,2419,s3_481,,Furniture,58400,"Daybed Verde d=180 wicker beach, bed, round, curtain","Product Type: Daybed; Name: Verde; Dimensions: d=180; Material: wicker; Features: beach, bed, round, curtain"
4384,2420,s3_482,,Furniture,58400,"Lounge chair cognac plywood, walnut, leather eames-style, ottoman","Product Type: Lounge chair; Color: cognac; Material: plywood, walnut, leather; Features: eames-style, ottoman"
4385,2421,s3_483,,Furniture,1450,"Pet bed cream cave, shape, fleece, cats","Product Type: Pet bed; Color: cream; Features: cave, shape, fleece, cats"
4386,2422,s3_484,,Furniture,980,"Towel set ivory cotton hand, waffle","Product Type: Towel set; Color: ivory; Material: cotton; Features: hand, waffle"
4387,2423,s3_485,,Furniture,5800,"Hutch Norton 120x30x90 walnut unit, shelves","Product Type: Hutch; Name: Norton; Dimensions: 120x30x90; Material: walnut; Features: unit, shelves"
4388,2424,s3_486,,Furniture,5400,"Bath organizer 70x25x170 wood, walnut over-toilet","Product Type: Bath organizer; Dimensions: 70x25x170; Material: wood, walnut; Features: over-toilet"
4389,2425,s3_487,,Furniture,48400,"Bed Milano 160x200 leather queen, chocolate, platform, low","Product Type: Bed; Name: Milano; Dimensions: 160x200; Material: leather; Features: queen, chocolate, platform, low"
4390,2426,s3_488,,Furniture,1850,"Area rug 100x150 polypropylene, kids, print","Product Type: Area rug; Dimensions: 100x150; Features: polypropylene, kids, print"
4391,2427,s3_489,,Furniture,42400,"Bed Oslo 160x200 natural oak frame, japandi, platform, low","Product Type: Bed; Name: Oslo; Dimensions: 160x200; Color: natural; Material: oak; Features: frame, japandi, platform, low"
4392,2428,s3_490,,Furniture,6900,"Bookcase metal, wood ladder, frame, 4-shelves","Product Type: Bookcase; Material: metal, wood; Features: ladder, frame, 4-shelves"
4393,2429,s3_491,,Furniture,6800,"Floor lamp 180cm ivory paper-rice japandi, tall, frame","Product Type: Floor lamp; Dimensions: 180cm; Color: ivory; Material: paper-rice; Features: japandi, tall, frame"
4394,2430,s3_492,,Furniture,38400,"Dining chair beige walnut, fabric set of 6, mid-century","Product Type: Dining chair; Color: beige; Material: walnut, fabric; Features: set of 6, mid-century"
4395,2431,s3_493,,Furniture,9400,"Mirror 100x40x140 white mdf vanity, table, kids","Product Type: Mirror; Dimensions: 100x40x140; Color: white; Material: mdf; Features: vanity, table, kids"
4396,2432,s3_494,,Furniture,132400,"Acoustic pod 100x100x220 emerald fabric phone, booth, single, led, vent","Product Type: Acoustic pod; Dimensions: 100x100x220; Color: emerald; Material: fabric; Features: phone, booth, single, led, vent"
4397,2433,s3_495,,Furniture,24800,"Garden swing Stella brown rattan 2-seater, cushioned","Product Type: Garden swing; Name: Stella; Color: brown; Material: rattan; Features: 2-seater, cushioned"
4398,2434,s3_496,,Furniture,1450,Curtain rod 200cm black metal extendable,Product Type: Curtain rod; Dimensions: 200cm; Color: black; Material: metal; Features: extendable
4399,2435,s3_497,,Furniture,9800,"Wine rack Milano 50x35x120 wood, walnut 24-bottle, freestanding","Product Type: Wine rack; Name: Milano; Dimensions: 50x35x120; Material: wood, walnut; Features: 24-bottle, freestanding"
4400,2436,s3_498,,Furniture,1180,"Placemat beige cotton set of 6, woven","Product Type: Placemat; Color: beige; Material: cotton; Features: set of 6, woven"
4401,2437,s3_499,,Furniture,4400,"Wall art 60x90 gold canvas abstract, framed","Product Type: Wall art; Dimensions: 60x90; Color: gold; Material: canvas; Features: abstract, framed"
4402,2438,s3_500,,Furniture,1480,Bath mat Oslo 60x90 cotton striped,Product Type: Bath mat; Name: Oslo; Dimensions: 60x90; Material: cotton; Features: striped
4403,2439,s3_501,,Furniture,58400,"Bed Verona 180x200 champagne velvet king, luxe, lifting","Product Type: Bed; Name: Verona; Dimensions: 180x200; Color: champagne; Material: velvet; Features: king, luxe, lifting"
4404,2440,s3_502,,Furniture,9200,"Coffee table 120x60 gold glass, metal oval, top","Product Type: Coffee table; Dimensions: 120x60; Color: gold; Material: glass, metal; Features: oval, top"
4405,2441,s3_503,,Furniture,1850,"Pillow 50x70 memory foam, foam contour, neck, support","Product Type: Pillow; Dimensions: 50x70; Material: memory foam, foam; Features: contour, neck, support"
4406,2442,s3_504,,Furniture,19800,"Cabinet 80x35x140 pine vintage, distressed, rustic","Product Type: Cabinet; Dimensions: 80x35x140; Material: pine; Features: vintage, distressed, rustic"
4407,2443,s3_505,,Furniture,9400,"Chest 90x45x45 natural wood storage, trunk, mango, carved, boho","Product Type: Chest; Dimensions: 90x45x45; Color: natural; Material: wood; Features: storage, trunk, mango, carved, boho"
4408,2444,s3_506,,Furniture,6200,"Nesting table white mdf set of 3, round","Product Type: Nesting table; Color: white; Material: mdf; Features: set of 3, round"
4409,2445,s3_507,,Furniture,5800,Bedspread Adeline 200x230 cream quilted,Product Type: Bedspread; Name: Adeline; Dimensions: 200x230; Color: cream; Features: quilted
4410,2446,s3_508,,Furniture,5400,"Mirror d=80 gold metal sunburst, wall","Product Type: Mirror; Dimensions: d=80; Color: gold; Material: metal; Features: sunburst, wall"
4411,2447,s3_509,,Furniture,18800,"Rocking chair natural rattan lounge, deep, seat, outdoor","Product Type: Rocking chair; Color: natural; Material: rattan; Features: lounge, deep, seat, outdoor"
4412,2448,s3_510,,Furniture,19400,"Coffee table 80x80x40 natural mango wood, wood boho, carved","Product Type: Coffee table; Dimensions: 80x80x40; Color: natural; Material: mango wood, wood; Features: boho, carved"
4413,2449,s3_511,,Furniture,9400,"Mirror d=90 walnut, brass mid-century, sunburst, center","Product Type: Mirror; Dimensions: d=90; Material: walnut, brass; Features: mid-century, sunburst, center"
4414,2450,s3_512,,Furniture,1850,"Dining chair Norton black plastic, metal seat","Product Type: Dining chair; Name: Norton; Color: black; Material: plastic, metal; Features: seat"
4415,2451,s3_513,,Furniture,1850,Shoe rack 60x30x55 black metal 3-tier,Product Type: Shoe rack; Dimensions: 60x30x55; Color: black; Material: metal; Features: 3-tier
4416,2452,s3_514,,Furniture,4800,"Ottoman d=55 sage velvet round, storage","Product Type: Ottoman; Dimensions: d=55; Color: sage; Material: velvet; Features: round, storage"
4417,2453,s3_515,,Furniture,38400,"Lounger Verona beige rope outdoor, handwoven, luxe, xl","Product Type: Lounger; Name: Verona; Color: beige; Material: rope; Features: outdoor, handwoven, luxe, xl"
4418,2454,s3_516,,Furniture,14800,"Mattress topper 200x200 natural wool, merino","Product Type: Mattress topper; Dimensions: 200x200; Color: natural; Material: wool, merino"
4419,2455,s3_517,,Furniture,3450,Ottoman 45x45x40 mustard velvet square,Product Type: Ottoman; Dimensions: 45x45x40; Color: mustard; Material: velvet; Features: square
4420,2456,s3_518,,Furniture,9800,"Desk 150x120 wenge mdf corner, hutch","Product Type: Desk; Dimensions: 150x120; Color: wenge; Material: mdf; Features: corner, hutch"
4421,2457,s3_519,,Furniture,1850,Storage cube 35x35x35 emerald velvet lid,Product Type: Storage cube; Dimensions: 35x35x35; Color: emerald; Material: velvet; Features: lid
4422,2458,s3_520,,Furniture,14400,"Vanity Adeline 60x40x80 white bathroom, wall-mount","Product Type: Vanity; Name: Adeline; Dimensions: 60x40x80; Color: white; Features: bathroom, wall-mount"
4423,2459,s3_521,,Furniture,5400,"Floor lamp wood reading, adjustable","Product Type: Floor lamp; Material: wood; Features: reading, adjustable"
4424,2460,s3_522,,Furniture,19400,"Bed 16x200 white mdf double, storage, drawers","Product Type: Bed; Dimensions: 16x200; Color: white; Material: mdf; Features: double, storage, drawers"
4425,2461,s3_523,,Furniture,7400,"Storage bench Norton 90x40x45 natural wood, pine lid","Product Type: Storage bench; Name: Norton; Dimensions: 90x40x45; Color: natural; Material: wood, pine; Features: lid"
4426,2462,s3_524,,Furniture,3800,"Wall sconce brass adjustable, arm","Product Type: Wall sconce; Material: brass; Features: adjustable, arm"
4427,2463,s3_525,,Furniture,5400,"Coffee table white mdf nested, set of 2","Product Type: Coffee table; Color: white; Material: mdf; Features: nested, set of 2"
4428,2464,s3_526,,Furniture,6900,"TV stand 120cm white modern, gloss","Product Type: TV stand; Dimensions: 120cm; Color: white; Features: modern, gloss"
4429,2465,s3_527,,Furniture,1280,"Outdoor cushion 60x60 charcoal deep, seat","Product Type: Outdoor cushion; Dimensions: 60x60; Color: charcoal; Features: deep, seat"
4430,2466,s3_528,,Furniture,2400,"Pillowcase 50x70 oatmeal linen set, japandi, set of 4","Product Type: Pillowcase; Dimensions: 50x70; Color: oatmeal; Material: linen; Features: set, japandi, set of 4"
4431,2467,s3_529,,Furniture,42400,"Daybed Stella 200x100 natural rattan cushion, boho","Product Type: Daybed; Name: Stella; Dimensions: 200x100; Color: natural; Material: rattan; Features: cushion, boho"
4432,2468,s3_530,,Furniture,4200,"Coffee table 80x50 sonoma oak sonoma oak, mdf, oak","Product Type: Coffee table; Dimensions: 80x50; Color: sonoma oak; Material: sonoma oak, mdf, oak"
4433,2469,s3_531,,Furniture,9800,"Bed 80x190 white mdf single, kids","Product Type: Bed; Dimensions: 80x190; Color: white; Material: mdf; Features: single, kids"
4434,2470,s3_532,,Furniture,4400,"Area rug 200x290 polypropylene, anti-slip, kids","Product Type: Area rug; Dimensions: 200x290; Features: polypropylene, anti-slip, kids"
4435,2471,s3_533,,Furniture,42400,"Recliner Stella champagne velvet power, usb, cup-holder","Product Type: Recliner; Name: Stella; Color: champagne; Material: velvet; Features: power, usb, cup-holder"
4436,2472,s3_534,,Furniture,3450,"Drawer unit grey fabric, metal frame","Product Type: Drawer unit; Color: grey; Material: fabric, metal; Features: frame"
4437,2473,s3_535,,Furniture,6400,"Nightstand 40x35x45 natural oak minimalist, japandi, 1-shelf","Product Type: Nightstand; Dimensions: 40x35x45; Color: natural; Material: oak; Features: minimalist, japandi, 1-shelf"
4438,2474,s3_536,,Furniture,8400,Bed Verona 110x45x45 navy velvet trunk,Product Type: Bed; Name: Verona; Dimensions: 110x45x45; Color: navy; Material: velvet; Features: trunk
4439,2475,s3_537,,Furniture,2400,"Umbrella 2m multicolor beach, striped, pole","Product Type: Umbrella; Dimensions: 2m; Color: multicolor; Features: beach, striped, pole"
4440,2476,s3_538,,Furniture,3450,"Mirror 30x40 vanity, tabletop, tri-fold, lighted","Product Type: Mirror; Dimensions: 30x40; Features: vanity, tabletop, tri-fold, lighted"
4441,2477,s3_539,,Furniture,14800,"Headboard Verona 160x10x130 navy velvet hotel, tufted, wall-mount","Product Type: Headboard; Name: Verona; Dimensions: 160x10x130; Color: navy; Material: velvet; Features: hotel, tufted, wall-mount"
4442,2478,s3_540,,Furniture,16800,"Dining table d=120 mdf, walnut round","Product Type: Dining table; Dimensions: d=120; Material: mdf, walnut; Features: round"
4443,2479,s3_541,,Furniture,19800,"Vanity 80x45x85 white mdf, ceramic bathroom, basin, single","Product Type: Vanity; Dimensions: 80x45x85; Color: white; Material: mdf, ceramic; Features: bathroom, basin, single"
4444,2480,s3_542,,Furniture,28400,"Wardrobe 240x60x220 metal, chrome walk-in, modular, 6-section","Product Type: Wardrobe; Dimensions: 240x60x220; Material: metal, chrome; Features: walk-in, modular, 6-section"
4445,2481,s3_543,,Furniture,2200,"Area rug d=130 kids, round, cars, print","Product Type: Area rug; Dimensions: d=130; Features: kids, round, cars, print"
4446,2482,s3_544,,Furniture,4400,"Pet gate 80-130cm wood, pine adjustable, hallway","Product Type: Pet gate; Dimensions: 80-130cm; Material: wood, pine; Features: adjustable, hallway"
4447,2483,s3_545,,Furniture,7800,"Cabinet Stella 55x45x75 white mdf cat, litter","Product Type: Cabinet; Name: Stella; Dimensions: 55x45x75; Color: white; Material: mdf; Features: cat, litter"
4448,2484,s3_546,,Furniture,3450,Wardrobe 175x45x170 grey canvas portable,Product Type: Wardrobe; Dimensions: 175x45x170; Color: grey; Material: canvas; Features: portable
4449,2485,s3_547,,Furniture,2400,Drawer unit beige fabric narrow,Product Type: Drawer unit; Color: beige; Material: fabric; Features: narrow
4450,2486,s3_548,,Furniture,2950,Bar stool 40x40x75 black metal swivel,Product Type: Bar stool; Dimensions: 40x40x75; Color: black; Material: metal; Features: swivel
4451,2487,s3_549,,Furniture,16800,Sun lounger Milano grey rope,Product Type: Sun lounger; Name: Milano; Color: grey; Material: rope
4452,2488,s3_550,,Furniture,3400,"Outdoor cushion Verde 50x50 set of 6, mixed","Product Type: Outdoor cushion; Name: Verde; Dimensions: 50x50; Features: set of 6, mixed"
4453,2489,s3_551,,Furniture,14200,"Bookcase 120x40x220 white glass, mdf doors","Product Type: Bookcase; Dimensions: 120x40x220; Color: white; Material: glass, mdf; Features: doors"
4454,2490,s3_552,,Furniture,19800,Bench Vintage 120x60x90 green cast-iron garden,Product Type: Bench; Name: Vintage; Dimensions: 120x60x90; Color: green; Material: cast-iron; Features: garden
4455,2491,s3_553,,Furniture,9200,"Mirror 50x170 natural wood full-length, floor, frame","Product Type: Mirror; Dimensions: 50x170; Color: natural; Material: wood; Features: full-length, floor, frame"
4456,2492,s3_554,,Furniture,1850,"Bed 100x40x20 beige canvas under, storage, wheels","Product Type: Bed; Dimensions: 100x40x20; Color: beige; Material: canvas; Features: under, storage, wheels"
4457,2493,s3_555,,Furniture,1850,"Organizer clear acrylic makeup, 24-slots","Product Type: Organizer; Color: clear; Material: acrylic; Features: makeup, 24-slots"
4458,2494,s3_556,,Furniture,3450,"Knife block Lyon 25x15x25 walnut mid-century, minimal","Product Type: Knife block; Name: Lyon; Dimensions: 25x15x25; Material: walnut; Features: mid-century, minimal"
4459,2495,s3_557,,Furniture,1450,"Yoga mat Verde 183x61 navy pvc, 8mm, thick","Product Type: Yoga mat; Name: Verde; Dimensions: 183x61; Color: navy; Features: pvc, 8mm, thick"
4460,2496,s3_558,,Furniture,41500,"Bed 180x200 grey fabric king, upholstered","Product Type: Bed; Dimensions: 180x200; Color: grey; Material: fabric; Features: king, upholstered"
4461,2497,s3_559,,Furniture,1280,"Resistance band grey fabric loop, set of 4","Product Type: Resistance band; Color: grey; Material: fabric; Features: loop, set of 4"
4462,2498,s3_560,,Furniture,8400,"Mattress topper 160x200 memory foam, foam cooling, gel","Product Type: Mattress topper; Dimensions: 160x200; Material: memory foam, foam; Features: cooling, gel"
4463,2499,s3_561,,Furniture,1200,Throw pillow 50x50 grey wool knit,Product Type: Throw pillow; Dimensions: 50x50; Color: grey; Material: wool; Features: knit
4464,2500,s3_562,,Furniture,1850,"Plant pot 30x20x6 ceramic bonsai, tree, glazed, shallow, japandi","Product Type: Plant pot; Dimensions: 30x20x6; Material: ceramic; Features: bonsai, tree, glazed, shallow, japandi"
4465,2501,s3_563,,Furniture,19400,"Futon 200x100 navy fabric, metal convertible, frame","Product Type: Futon; Dimensions: 200x100; Color: navy; Material: fabric, metal; Features: convertible, frame"
4466,2502,s3_564,,Furniture,12800,"Floor lamp 200cm white brass, marble arc, mid-century, base, reach","Product Type: Floor lamp; Dimensions: 200cm; Color: white; Material: brass, marble; Features: arc, mid-century, base, reach"
4467,2503,s3_565,,Furniture,14800,"Coffee table 110x50x30 natural oak low, japandi, minimal","Product Type: Coffee table; Dimensions: 110x50x30; Color: natural; Material: oak; Features: low, japandi, minimal"
4468,2504,s3_566,,Furniture,38400,"Dining table 200x95 natural oak japandi, minimal","Product Type: Dining table; Dimensions: 200x95; Color: natural; Material: oak; Features: japandi, minimal"
4469,2505,s3_567,,Furniture,3800,"Wall mirror d=70 natural rattan boho, sunburst, handwoven","Product Type: Wall mirror; Dimensions: d=70; Color: natural; Material: rattan; Features: boho, sunburst, handwoven"
4470,2506,s3_568,,Furniture,1850,"Feeding station natural bamboo pet, furniture","Product Type: Feeding station; Color: natural; Material: bamboo; Features: pet, furniture"
4471,2507,s3_569,,Furniture,8800,Area rug 160x230 natural sisal chevron,Product Type: Area rug; Dimensions: 160x230; Color: natural; Material: sisal; Features: chevron
4472,2508,s3_570,,Furniture,22400,"Cabinet Aria 80x40x80 walnut record, sliding, doors, 4-cube, vinyl","Product Type: Cabinet; Name: Aria; Dimensions: 80x40x80; Material: walnut; Features: record, sliding, doors, 4-cube, vinyl"
4473,2509,s3_571,,Furniture,28400,"Vanity Lyon 100x50x85 walnut bathroom, single, basin","Product Type: Vanity; Name: Lyon; Dimensions: 100x50x85; Material: walnut; Features: bathroom, single, basin"
4474,2510,s3_572,,Furniture,52800,"Recliner grey fabric power, lift, assist","Product Type: Recliner; Color: grey; Material: fabric; Features: power, lift, assist"
4475,2511,s3_573,,Furniture,3400,"USB hub grey aluminum desktop, 7-port, c","Product Type: USB hub; Color: grey; Material: aluminum; Features: desktop, 7-port, c"
4476,2512,s3_574,,Furniture,38400,"Shelf Norton 200x35x220 walnut, steel modular, system","Product Type: Shelf; Name: Norton; Dimensions: 200x35x220; Material: walnut, steel; Features: modular, system"
4477,2513,s3_575,,Furniture,1450,Plant stand d=30 ivory ceramic single,Product Type: Plant stand; Dimensions: d=30; Color: ivory; Material: ceramic; Features: single
4478,2514,s3_576,,Furniture,19800,"Bench Norton 180cm natural acacia fire, pit, curved","Product Type: Bench; Name: Norton; Dimensions: 180cm; Color: natural; Material: acacia; Features: fire, pit, curved"
4479,2515,s3_577,,Furniture,39800,"Wardrobe 240x60x220 sonoma oak sonoma oak, oak sliding, 3-doors, mirror","Product Type: Wardrobe; Dimensions: 240x60x220; Color: sonoma oak; Material: sonoma oak, oak; Features: sliding, 3-doors, mirror"
4480,2516,s3_578,,Furniture,52400,"Sofa Nord eco-leather modular, 3-piece, mid-century","Product Type: Sofa; Name: Nord; Material: eco-leather; Features: modular, 3-piece, mid-century"
4481,2517,s3_579,,Furniture,1280,Yoga blocks 23x15x10 natural cork set of 2,Product Type: Yoga blocks; Dimensions: 23x15x10; Color: natural; Material: cork; Features: set of 2
4482,2518,s3_580,,Furniture,3800,"Shelf 60x25x80 black metal, wood pipe, industrial, 2-tier","Product Type: Shelf; Dimensions: 60x25x80; Color: black; Material: metal, wood; Features: pipe, industrial, 2-tier"
4483,2519,s3_581,,Furniture,3200,"Wall art 30x40 canvas set of 3, botanical, each","Product Type: Wall art; Dimensions: 30x40; Material: canvas; Features: set of 3, botanical, each"
4484,2520,s3_582,,Furniture,9800,"Shelf 120x30x180 black metal, wood pipe, industrial, 5-tier","Product Type: Shelf; Dimensions: 120x30x180; Color: black; Material: metal, wood; Features: pipe, industrial, 5-tier"
4485,2521,s3_583,,Furniture,16800,"Gaming chair Milano pu leather, leather","Product Type: Gaming chair; Name: Milano; Material: pu leather, leather"
4486,2522,s3_584,,Furniture,9400,"Chest 90x40x50 white-wash wood vintage, distressed","Product Type: Chest; Dimensions: 90x40x50; Color: white-wash; Material: wood; Features: vintage, distressed"
4487,2523,s3_585,,Furniture,18400,"Area rug Aria 240x340 natural jute boho, braided, oversized","Product Type: Area rug; Name: Aria; Dimensions: 240x340; Color: natural; Material: jute; Features: boho, braided, oversized"
4488,2524,s3_586,,Furniture,42400,"Daybed 200x130 grey rattan beach, bed, canopy","Product Type: Daybed; Dimensions: 200x130; Color: grey; Material: rattan; Features: beach, bed, canopy"
4489,2525,s3_587,,Furniture,1400,"Placemat black pu leather, leather set of 4","Product Type: Placemat; Color: black; Material: pu leather, leather; Features: set of 4"
4490,2526,s3_588,,Furniture,5400,"Side table Oslo d=45 oak japandi, round, minimal","Product Type: Side table; Name: Oslo; Dimensions: d=45; Material: oak; Features: japandi, round, minimal"
4491,2527,s3_589,,Furniture,980,Pillow protector Stella 70x70 bamboo set of 4,Product Type: Pillow protector; Name: Stella; Dimensions: 70x70; Material: bamboo; Features: set of 4
4492,2528,s3_590,,Furniture,14800,"Accent chair Adeline emerald velvet, wood legs, lounge","Product Type: Accent chair; Name: Adeline; Color: emerald; Material: velvet, wood; Features: legs, lounge"
4493,2529,s3_591,,Furniture,4200,"Office chair pink kids, adjustable, height","Product Type: Office chair; Color: pink; Features: kids, adjustable, height"
4494,2530,s3_592,,Furniture,5400,"Umbrella Milano 3m ivory wood beach, pole","Product Type: Umbrella; Name: Milano; Dimensions: 3m; Color: ivory; Material: wood; Features: beach, pole"
4495,2531,s3_593,,Furniture,2200,Yoga bolster 60x20x12 terracotta cotton rectangular,Product Type: Yoga bolster; Dimensions: 60x20x12; Color: terracotta; Material: cotton; Features: rectangular
4496,2532,s3_594,,Furniture,24800,"Monitor stand 140x70x76 black streaming, desk, gaming, double, rgb","Product Type: Monitor stand; Dimensions: 140x70x76; Color: black; Features: streaming, desk, gaming, double, rgb"
4497,2533,s3_595,,Furniture,3800,"Cat tree 60x40x110 beige sisal tower, plush","Product Type: Cat tree; Dimensions: 60x40x110; Color: beige; Material: sisal; Features: tower, plush"
4498,2534,s3_596,,Furniture,1280,"Bath mat 60x90 natural jute oval, braided, handwoven","Product Type: Bath mat; Dimensions: 60x90; Color: natural; Material: jute; Features: oval, braided, handwoven"
4499,2535,s3_597,,Furniture,128400,"Massage chair Verona ivory luxury, 3d, rollers","Product Type: Massage chair; Name: Verona; Color: ivory; Features: luxury, 3d, rollers"
4500,2536,s3_598,,Furniture,680,"Massage ball black lacrosse, set of 2, trigger","Product Type: Massage ball; Color: black; Features: lacrosse, set of 2, trigger"
4501,2537,s3_599,,Furniture,1280,"Rack wood, walnut magazine, wall-mount","Product Type: Rack; Material: wood, walnut; Features: magazine, wall-mount"
4502,2538,s3_600,,Furniture,7450,"TV stand Loft 140cm wenge mdf, metal frame","Product Type: TV stand; Name: Loft; Dimensions: 140cm; Color: wenge; Material: mdf, metal; Features: frame"
4503,2539,s3_601,,Furniture,6800,Nightstand Adeline 45x35x55 champagne velvet mid-century,Product Type: Nightstand; Name: Adeline; Dimensions: 45x35x55; Color: champagne; Material: velvet; Features: mid-century
4504,2540,s3_602,,Furniture,12400,"Wine rack Verona 60x35x190 black metal 48-bottle, floor-to, ceiling","Product Type: Wine rack; Name: Verona; Dimensions: 60x35x190; Color: black; Material: metal; Features: 48-bottle, floor-to, ceiling"
4505,2541,s3_603,,Furniture,10800,"Accent chair emerald, green velvet tufted","Product Type: Accent chair; Color: emerald, green; Material: velvet; Features: tufted"
4506,2542,s3_604,,Furniture,94800,"Massage chair black full-body, recliner, zero-gravity","Product Type: Massage chair; Color: black; Features: full-body, recliner, zero-gravity"
4507,2543,s3_605,,Furniture,1450,"Bath rug 50x80 grey memory foam, foam","Product Type: Bath rug; Dimensions: 50x80; Color: grey; Material: memory foam, foam"
4508,2544,s3_606,,Furniture,18400,"Bar cart 90x45x85 metal, copper, marble liquor, top, wheels, luxe","Product Type: Bar cart; Dimensions: 90x45x85; Material: metal, copper, marble; Features: liquor, top, wheels, luxe"
4509,2545,s3_607,,Furniture,3200,Ottoman d=50 grey fabric round,Product Type: Ottoman; Dimensions: d=50; Color: grey; Material: fabric; Features: round
4510,2546,s3_608,,Furniture,14800,"Bar cart Verona 80x40x80 gold metal, glass wine, tiers, wheels","Product Type: Bar cart; Name: Verona; Dimensions: 80x40x80; Color: gold; Material: metal, glass; Features: wine, tiers, wheels"
4511,2547,s3_609,,Furniture,9800,"Bed 150x40x50 ivory boucle bench, bedroom, end-of","Product Type: Bed; Dimensions: 150x40x50; Color: ivory; Material: boucle; Features: bench, bedroom, end-of"
4512,2548,s3_610,,Furniture,7800,Dresser 80x40x90 white mdf 4-drawers,Product Type: Dresser; Dimensions: 80x40x90; Color: white; Material: mdf; Features: 4-drawers
4513,2549,s3_611,,Furniture,28400,Recliner Adeline emerald velvet manual,Product Type: Recliner; Name: Adeline; Color: emerald; Material: velvet; Features: manual
4514,2550,s3_612,,Furniture,5400,"Wine rack 60x15x90 gold metal 12-bottle, wall-mount","Product Type: Wine rack; Dimensions: 60x15x90; Color: gold; Material: metal; Features: 12-bottle, wall-mount"
4515,2551,s3_613,,Furniture,6800,"Sofa brown leather straight, 3-seater","Product Type: Sofa; Color: brown; Material: leather; Features: straight, 3-seater"
4516,2552,s3_614,,Furniture,5200,"Area rug 200x290 navy indoor-outdoor, stripes","Product Type: Area rug; Dimensions: 200x290; Color: navy; Features: indoor-outdoor, stripes"
4517,2553,s3_615,,Furniture,13800,"Armchair 78x82x95 grey eco-leather, wood hotel, lounge, legs","Product Type: Armchair; Dimensions: 78x82x95; Color: grey; Material: eco-leather, wood; Features: hotel, lounge, legs"
4518,2554,s3_616,,Furniture,2800,Yoga wheel 33cm natural cork cushion,Product Type: Yoga wheel; Dimensions: 33cm; Color: natural; Material: cork; Features: cushion
4519,2555,s3_617,,Furniture,5400,"Outdoor rug 200x290 terracotta polypropylene, stripes","Product Type: Outdoor rug; Dimensions: 200x290; Color: terracotta; Features: polypropylene, stripes"
4520,2556,s3_618,,Furniture,7400,"Floor lamp 160cm ivory walnut, linen tripod, shade, scandinavian","Product Type: Floor lamp; Dimensions: 160cm; Color: ivory; Material: walnut, linen; Features: tripod, shade, scandinavian"
4521,2557,s3_619,,Furniture,4200,"Pouf d=60 natural jute round, braided","Product Type: Pouf; Dimensions: d=60; Color: natural; Material: jute; Features: round, braided"
4522,2558,s3_620,,Furniture,6200,Curtains Loft 140x270 charcoal velvet blackout,Product Type: Curtains; Name: Loft; Dimensions: 140x270; Color: charcoal; Material: velvet; Features: blackout
4523,2559,s3_621,,Furniture,28400,"Styling station Aria walnut hair, salon, professional","Product Type: Styling station; Name: Aria; Material: walnut; Features: hair, salon, professional"
4524,2560,s3_622,,Furniture,14800,"Desk 140x70x76 black oak, metal factory-style, industrial, top, legs","Product Type: Desk; Dimensions: 140x70x76; Color: black; Material: oak, metal; Features: factory-style, industrial, top, legs"
4525,2561,s3_623,,Furniture,9800,"Area rug d=200 cream round, shaggy, extra, fluffy","Product Type: Area rug; Dimensions: d=200; Color: cream; Features: round, shaggy, extra, fluffy"
4526,2562,s3_624,,Furniture,16400,"Coffee table 130x70x30 walnut low, japandi, minimalist","Product Type: Coffee table; Dimensions: 130x70x30; Material: walnut; Features: low, japandi, minimalist"
4527,2563,s3_625,,Furniture,7400,"Monitor arm black ergonomic, dual, gas, spring, clamp","Product Type: Monitor arm; Color: black; Features: ergonomic, dual, gas, spring, clamp"
4528,2564,s3_626,,Furniture,3450,"USB hub Norton wood, walnut rgb, monitor, stand, single, led","Product Type: USB hub; Name: Norton; Material: wood, walnut; Features: rgb, monitor, stand, single, led"
4529,2565,s3_627,,Furniture,1450,"Floor cushion d=50 pink kids, round, faux, fur","Product Type: Floor cushion; Dimensions: d=50; Color: pink; Features: kids, round, faux, fur"
4530,2566,s3_628,,Furniture,2200,"Bathroom rug grey memory foam, foam set of 3, waffle, anti-slip","Product Type: Bathroom rug; Color: grey; Material: memory foam, foam; Features: set of 3, waffle, anti-slip"
4531,2567,s3_629,,Furniture,12400,Accent chair Adeline grey fabric barrel,Product Type: Accent chair; Name: Adeline; Color: grey; Material: fabric; Features: barrel
4532,2568,s3_630,,Furniture,4800,Pendant light d=40 natural rattan,Product Type: Pendant light; Dimensions: d=40; Color: natural; Material: rattan
4533,2569,s3_631,,Furniture,72400,"Sofa Orchid oatmeal linen modular, 4-piece, japandi","Product Type: Sofa; Name: Orchid; Color: oatmeal; Material: linen; Features: modular, 4-piece, japandi"
4534,2570,s3_632,,Furniture,4400,Pendant light Adeline d=45 cream fabric drum,Product Type: Pendant light; Name: Adeline; Dimensions: d=45; Color: cream; Material: fabric; Features: drum
4535,2571,s3_633,,Furniture,32600,Wardrobe Norton 180x55x210 white mdf 4-doors,Product Type: Wardrobe; Name: Norton; Dimensions: 180x55x210; Color: white; Material: mdf; Features: 4-doors
4536,2572,s3_634,,Furniture,8800,Accent chair mustard fabric tub,Product Type: Accent chair; Color: mustard; Material: fabric; Features: tub
4537,2573,s3_635,,Furniture,14800,"Chair black leather executive, 5-star, base","Product Type: Chair; Color: black; Material: leather; Features: executive, 5-star, base"
4538,2574,s3_636,,Furniture,19800,"Locker 90x40x180 green metal industrial, 3-door, vintage","Product Type: Locker; Dimensions: 90x40x180; Color: green; Material: metal; Features: industrial, 3-door, vintage"
4539,2575,s3_637,,Furniture,14800,"Chair black velvet, steel, brass legs, accent","Product Type: Chair; Color: black; Material: velvet, steel, brass; Features: legs, accent"
4540,2576,s3_638,,Furniture,9400,"Gaming chair grey fabric compact, kids","Product Type: Gaming chair; Color: grey; Material: fabric; Features: compact, kids"
4541,2577,s3_639,,Furniture,7200,Bookshelf Milano 90x30x180 walnut 5-shelf,Product Type: Bookshelf; Name: Milano; Dimensions: 90x30x180; Material: walnut; Features: 5-shelf
4542,2578,s3_640,,Furniture,128400,"Sectional sofa Adeline 280x180 ivory boucle l-shape, luxe","Product Type: Sectional sofa; Name: Adeline; Dimensions: 280x180; Color: ivory; Material: boucle; Features: l-shape, luxe"
4543,2579,s3_641,,Furniture,3450,"Wall hanging 80x100 natural cotton macrame, boho, large","Product Type: Wall hanging; Dimensions: 80x100; Color: natural; Material: cotton; Features: macrame, boho, large"
4544,2580,s3_642,,Furniture,2800,"Candle Stella gold metal holder, geometric, trio","Product Type: Candle; Name: Stella; Color: gold; Material: metal; Features: holder, geometric, trio"
4545,2581,s3_643,,Furniture,9800,"Bar cart Stella 70x40x80 black metal vintage, 2-tier","Product Type: Bar cart; Name: Stella; Dimensions: 70x40x80; Color: black; Material: metal; Features: vintage, 2-tier"
4546,2582,s3_644,,Furniture,1200,Table runner 40x180 emerald velvet,Product Type: Table runner; Dimensions: 40x180; Color: emerald; Material: velvet
4547,2583,s3_645,,Furniture,14800,"Chair 60cm beige rattan bistro, set, 3-piece, round, table","Product Type: Chair; Dimensions: 60cm; Color: beige; Material: rattan; Features: bistro, set, 3-piece, round, table"
4548,2584,s3_646,,Furniture,14800,"Dining chair beige fabric, walnut set of 4, legs","Product Type: Dining chair; Color: beige; Material: fabric, walnut; Features: set of 4, legs"
4549,2585,s3_647,,Furniture,540,Throw pillow 30x50 navy velvet lumbar,Product Type: Throw pillow; Dimensions: 30x50; Color: navy; Material: velvet; Features: lumbar
4550,2586,s3_648,,Furniture,2400,Area rug 100x150 natural jute boho,Product Type: Area rug; Dimensions: 100x150; Color: natural; Material: jute; Features: boho
4551,2587,s3_649,,Furniture,820,"Throw pillow 50x50 navy jacquard, pattern","Product Type: Throw pillow; Dimensions: 50x50; Color: navy; Features: jacquard, pattern"
4552,2588,s3_650,,Furniture,2400,"Candle brass holder, set of 3, different, heights","Product Type: Candle; Material: brass; Features: holder, set of 3, different, heights"
4553,2589,s3_651,,Furniture,540,"Towel set cotton tea, printed, botanical","Product Type: Towel set; Material: cotton; Features: tea, printed, botanical"
4554,2590,s3_652,,Furniture,14800,"Headboard Verona 160x10x130 beige velvet hotel, tufted, wall-mount","Product Type: Headboard; Name: Verona; Dimensions: 160x10x130; Color: beige; Material: velvet; Features: hotel, tufted, wall-mount"
4555,2591,s3_653,,Furniture,4800,Bath organizer Oslo natural rattan over-tub,Product Type: Bath organizer; Name: Oslo; Color: natural; Material: rattan; Features: over-tub
4556,2592,s3_654,,Furniture,19400,"Armchair Adeline natural wicker deep-seat, cushion, oversized","Product Type: Armchair; Name: Adeline; Color: natural; Material: wicker; Features: deep-seat, cushion, oversized"
4557,2593,s3_655,,Furniture,3950,Bedside table 45x40x55 beige fabric modern,Product Type: Bedside table; Dimensions: 45x40x55; Color: beige; Material: fabric; Features: modern
4558,2594,s3_656,,Furniture,980,Table runner 40x180 natural linen fringe,Product Type: Table runner; Dimensions: 40x180; Color: natural; Material: linen; Features: fringe
4559,2595,s3_657,,Furniture,7400,"Tulip table d=50 black marble, metal side, top, pedestal","Product Type: Tulip table; Dimensions: d=50; Color: black; Material: marble, metal; Features: side, top, pedestal"
4560,2596,s3_658,,Furniture,42400,"Dining set rattan 5-piece, bistro, wash, 4-seater, outdoor","Product Type: Dining set; Material: rattan; Features: 5-piece, bistro, wash, 4-seater, outdoor"
4561,2597,s3_659,,Furniture,3850,Desk 100x50 white mdf computer,Product Type: Desk; Dimensions: 100x50; Color: white; Material: mdf; Features: computer
4562,2598,s3_660,,Furniture,1850,"Controller stand wood, walnut gaming, 4-slot","Product Type: Controller stand; Material: wood, walnut; Features: gaming, 4-slot"
4563,2599,s3_661,,Furniture,15800,Area rug Verona 200x290 grey wool geometric,Product Type: Area rug; Name: Verona; Dimensions: 200x290; Color: grey; Material: wool; Features: geometric
4564,2600,s3_662,,Furniture,9400,"Accent chair pink velvet, wood slipper, legs","Product Type: Accent chair; Color: pink; Material: velvet, wood; Features: slipper, legs"
4565,2601,s3_663,,Furniture,7800,Curtains Milano 140x270 champagne jacquard,Product Type: Curtains; Name: Milano; Dimensions: 140x270; Color: champagne; Features: jacquard
4566,2602,s3_664,,Furniture,9800,"Bench 110x40x45 black leather gaming, setup, rgb","Product Type: Bench; Dimensions: 110x40x45; Color: black; Material: leather; Features: gaming, setup, rgb"
4567,2603,s3_665,,Furniture,3450,"Area rug 80x150 wool runner, sonoma","Product Type: Area rug; Dimensions: 80x150; Material: wool; Features: runner, sonoma"
4568,2604,s3_666,,Furniture,6400,"Area rug 80x400 natural jute hallway, runner","Product Type: Area rug; Dimensions: 80x400; Color: natural; Material: jute; Features: hallway, runner"
4569,2605,s3_667,,Furniture,14400,"Mirror 80x120 antique-style, rect, gilded, patina","Product Type: Mirror; Dimensions: 80x120; Features: antique-style, rect, gilded, patina"
4570,2606,s3_668,,Furniture,9400,"Wall hanging 180x220 natural cotton macrame, boho, xxl, statement","Product Type: Wall hanging; Dimensions: 180x220; Color: natural; Material: cotton; Features: macrame, boho, xxl, statement"
4571,2607,s3_669,,Furniture,5800,"Curtains 140x270 grey velvet blackout, pair","Product Type: Curtains; Dimensions: 140x270; Color: grey; Material: velvet; Features: blackout, pair"
4572,2608,s3_670,,Furniture,4400,"Bookshelf 80x30x120 white mdf kids, animals, print","Product Type: Bookshelf; Dimensions: 80x30x120; Color: white; Material: mdf; Features: kids, animals, print"
4573,2609,s3_671,,Furniture,9200,"Bench 140x40x50 grey linen storage, tufted","Product Type: Bench; Dimensions: 140x40x50; Color: grey; Material: linen; Features: storage, tufted"
4574,2610,s3_672,,Furniture,5800,Bench 100x40x45 grey velvet upholstered,Product Type: Bench; Dimensions: 100x40x45; Color: grey; Material: velvet; Features: upholstered
4575,2611,s3_673,,Furniture,8200,Area rug 170x240 terracotta viscose,Product Type: Area rug; Dimensions: 170x240; Color: terracotta; Features: viscose
4576,2612,s3_674,,Furniture,48400,"Kitchen island Norton 140x80x90 wood, walnut stools","Product Type: Kitchen island; Name: Norton; Dimensions: 140x80x90; Material: wood, walnut; Features: stools"
4577,2613,s3_675,,Furniture,42400,"Cabinet 140x40x60 walnut projector, floor, motorized, lift, hidden","Product Type: Cabinet; Dimensions: 140x40x60; Material: walnut; Features: projector, floor, motorized, lift, hidden"
4578,2614,s3_676,,Furniture,2400,"Desk lamp white metal led, touch","Product Type: Desk lamp; Color: white; Material: metal; Features: led, touch"
4579,2615,s3_677,,Furniture,1280,"Mouse pad 90x40 black gaming, xl, rgb","Product Type: Mouse pad; Dimensions: 90x40; Color: black; Features: gaming, xl, rgb"
4580,2616,s3_678,,Furniture,3450,"Sauna set natural birch accessories, bucket-ladle, wooden, 4l","Product Type: Sauna set; Color: natural; Material: birch; Features: accessories, bucket-ladle, wooden, 4l"
4581,2617,s3_679,,Furniture,19800,"Mattress 180x200, 24cm pocket, spring","Product Type: Mattress; Dimensions: 180x200, 24cm; Features: pocket, spring"
4582,2618,s3_680,,Furniture,28900,"Bed 180x200 white mdf double, ortho-base","Product Type: Bed; Dimensions: 180x200; Color: white; Material: mdf; Features: double, ortho-base"
4583,2619,s3_681,,Furniture,4200,"Stool 65-75cm brown eco-leather bar, swivel, adjustable","Product Type: Stool; Dimensions: 65-75cm; Color: brown; Material: eco-leather; Features: bar, swivel, adjustable"
4584,2620,s3_682,,Furniture,2900,"Wall sconce Verona black metal, fabric shade","Product Type: Wall sconce; Name: Verona; Color: black; Material: metal, fabric; Features: shade"
4585,2621,s3_683,,Furniture,2800,"Plaid 150x200 cream cotton boho, fringe","Product Type: Plaid; Dimensions: 150x200; Color: cream; Material: cotton; Features: boho, fringe"
4586,2622,s3_684,,Furniture,1850,"Cable tray 80cm black steel management, gaming, under-desk","Product Type: Cable tray; Dimensions: 80cm; Color: black; Material: steel; Features: management, gaming, under-desk"
4587,2623,s3_685,,Furniture,3800,"Bathroom shelf Aria 30x30x150 bamboo 4-tier, corner","Product Type: Bathroom shelf; Name: Aria; Dimensions: 30x30x150; Material: bamboo; Features: 4-tier, corner"
4588,2624,s3_686,,Furniture,34800,"Chair Verona black leather rivet, chesterfield, club, distressed","Product Type: Chair; Name: Verona; Color: black; Material: leather; Features: rivet, chesterfield, club, distressed"
4589,2625,s3_687,,Furniture,128400,"Acoustic pod 100x100x220 grey fabric phone, booth, single, led, vent","Product Type: Acoustic pod; Dimensions: 100x100x220; Color: grey; Material: fabric; Features: phone, booth, single, led, vent"
4590,2626,s3_688,,Furniture,7200,"Console table Oslo 120x35x80 walnut, metal legs","Product Type: Console table; Name: Oslo; Dimensions: 120x35x80; Material: walnut, metal; Features: legs"
4591,2627,s3_689,,Furniture,6400,"Mirror 60x100 black metal arch, thin, frame","Product Type: Mirror; Dimensions: 60x100; Color: black; Material: metal; Features: arch, thin, frame"
4592,2628,s3_690,,Furniture,6900,"Area rug 140x200 beige oval, viscose","Product Type: Area rug; Dimensions: 140x200; Color: beige; Features: oval, viscose"
4593,2629,s3_691,,Furniture,1450,Table runner Aria 40x180 gold jacquard,Product Type: Table runner; Name: Aria; Dimensions: 40x180; Color: gold; Features: jacquard
4594,2630,s3_692,,Furniture,3450,"Area rug 120x180 vinyl, patchwork, tiles","Product Type: Area rug; Dimensions: 120x180; Features: vinyl, patchwork, tiles"
4595,2631,s3_693,,Furniture,13800,"Dressing table 90x40x140 wenge mdf led, mirror","Product Type: Dressing table; Dimensions: 90x40x140; Color: wenge; Material: mdf; Features: led, mirror"
4596,2632,s3_694,,Furniture,3450,"Floor lamp d=40 ivory paper, wood lantern, japandi, frame, led","Product Type: Floor lamp; Dimensions: d=40; Color: ivory; Material: paper, wood; Features: lantern, japandi, frame, led"
4597,2633,s3_695,,Furniture,5200,"Desk 140x60 sonoma oak sonoma oak, mdf, oak","Product Type: Desk; Dimensions: 140x60; Color: sonoma oak; Material: sonoma oak, mdf, oak"
4598,2634,s3_696,,Furniture,9800,Hammock stand 3m black metal freestanding,Product Type: Hammock stand; Dimensions: 3m; Color: black; Material: metal; Features: freestanding
4599,2635,s3_697,,Furniture,9400,"Console table 120x35x80 walnut mid-century, tapered, hairpin","Product Type: Console table; Dimensions: 120x35x80; Material: walnut; Features: mid-century, tapered, hairpin"
4600,2636,s3_698,,Furniture,8400,"Christmas tree 180cm warm white, white pine artificial, pre-lit","Product Type: Christmas tree; Dimensions: 180cm; Color: warm white, white; Material: pine; Features: artificial, pre-lit"
4601,2637,s3_699,,Furniture,5400,"Sofa 90x50 grey fabric pet, small, dogs","Product Type: Sofa; Dimensions: 90x50; Color: grey; Material: fabric; Features: pet, small, dogs"
4602,2638,s3_700,,Furniture,38400,"Gaming desk 200x160x76 corner, rgb, kids, streamer","Product Type: Gaming desk; Dimensions: 200x160x76; Features: corner, rgb, kids, streamer"
4603,2639,s3_701,,Furniture,2450,"Nightstand 40x35x50 sonoma oak sonoma oak, mdf, oak 1-drawer","Product Type: Nightstand; Dimensions: 40x35x50; Color: sonoma oak; Material: sonoma oak, mdf, oak; Features: 1-drawer"
4604,2640,s3_702,,Furniture,1850,"Smart bulb led, rgb, e27, set of 4, wifi","Product Type: Smart bulb; Features: led, rgb, e27, set of 4, wifi"
4605,2641,s3_703,,Furniture,1850,"Pet bed 70cm cream donut, shape, plush, cats-dogs","Product Type: Pet bed; Dimensions: 70cm; Color: cream; Features: donut, shape, plush, cats-dogs"
4606,2642,s3_704,,Furniture,3450,Teepee tent 120x120x160 natural cotton kids,Product Type: Teepee tent; Dimensions: 120x120x160; Color: natural; Material: cotton; Features: kids
4607,2643,s3_705,,Furniture,18400,"Sun bed natural wood, teak wheels","Product Type: Sun bed; Color: natural; Material: wood, teak; Features: wheels"
4608,2644,s3_706,,Furniture,5800,"Ottoman Aria 70x40x45 wood, walnut, leather hotel, luggage, rack","Product Type: Ottoman; Name: Aria; Dimensions: 70x40x45; Material: wood, walnut, leather; Features: hotel, luggage, rack"
4609,2645,s3_707,,Furniture,3450,Picture light Aria 50cm black metal plug-in,Product Type: Picture light; Name: Aria; Dimensions: 50cm; Color: black; Material: metal; Features: plug-in
4610,2646,s3_708,,Furniture,9800,"Towel rack Verona 60x80 brass wall, heated","Product Type: Towel rack; Name: Verona; Dimensions: 60x80; Material: brass; Features: wall, heated"
4611,2647,s3_709,,Furniture,3400,Towel set 70x140 grey bamboo bath,Product Type: Towel set; Dimensions: 70x140; Color: grey; Material: bamboo; Features: bath
4612,2648,s3_710,,Furniture,640,"Apron natural canvas pocket, adjustable","Product Type: Apron; Color: natural; Material: canvas; Features: pocket, adjustable"
4613,2649,s3_711,,Furniture,1850,"Pouf d=40 pink kids, faux, fur","Product Type: Pouf; Dimensions: d=40; Color: pink; Features: kids, faux, fur"
4614,2650,s3_712,,Furniture,12400,"Area rug 200x290 grey wool industrial-style, distressed, pattern","Product Type: Area rug; Dimensions: 200x290; Color: grey; Material: wool; Features: industrial-style, distressed, pattern"
4615,2651,s3_713,,Furniture,520,Throw pillow 45x45 beige linen,Product Type: Throw pillow; Dimensions: 45x45; Color: beige; Material: linen
4616,2652,s3_714,,Furniture,28400,"Chair cognac leather rivet, industrial, aged, armchair, vintage","Product Type: Chair; Color: cognac; Material: leather; Features: rivet, industrial, aged, armchair, vintage"
4617,2653,s3_715,,Furniture,38400,"Sofa Loft black leather straight, 2-seater","Product Type: Sofa; Name: Loft; Color: black; Material: leather; Features: straight, 2-seater"
4618,2654,s3_716,,Furniture,2800,"Candle Lyon brass holder, mid-century, trio set","Product Type: Candle; Name: Lyon; Material: brass; Features: holder, mid-century, trio set"
4619,2655,s3_717,,Furniture,31800,"Bed mustard velvet sofa, accordion","Product Type: Bed; Color: mustard; Material: velvet; Features: sofa, accordion"
4620,2656,s3_718,,Furniture,540,"Yoga blocks purple eva, foam set of 2","Product Type: Yoga blocks; Color: purple; Material: eva, foam; Features: set of 2"
4621,2657,s3_719,,Furniture,3800,Wine rack 40x30x80 black metal 12-bottles,Product Type: Wine rack; Dimensions: 40x30x80; Color: black; Material: metal; Features: 12-bottles
4622,2658,s3_720,,Furniture,1850,"Step stool 35cm wood, walnut kids","Product Type: Step stool; Dimensions: 35cm; Material: wood, walnut; Features: kids"
4623,2659,s3_721,,Furniture,14200,"Accent chair cream fabric, walnut lounge, legs","Product Type: Accent chair; Color: cream; Material: fabric, walnut; Features: lounge, legs"
4624,2660,s3_722,,Furniture,9400,"Tulip chair white fiberglass mid-century, swivel, pedestal","Product Type: Tulip chair; Color: white; Material: fiberglass; Features: mid-century, swivel, pedestal"
4625,2661,s3_723,,Furniture,12500,Accent chair grey fabric wingback,Product Type: Accent chair; Color: grey; Material: fabric; Features: wingback
4626,2662,s3_724,,Furniture,14400,"Bench 90x40x50 black leather piano, adjustable, height, duet","Product Type: Bench; Dimensions: 90x40x50; Color: black; Material: leather; Features: piano, adjustable, height, duet"
4627,2663,s3_725,,Furniture,3200,"Ceiling lamp 40cm white flush, mount, led, modern","Product Type: Ceiling lamp; Dimensions: 40cm; Color: white; Features: flush, mount, led, modern"
4628,2664,s3_726,,Furniture,3200,Throw blanket 130x180 sage bamboo,Product Type: Throw blanket; Dimensions: 130x180; Color: sage; Material: bamboo
4629,2665,s3_727,,Furniture,52400,"Sofa beige fabric corner, right-side, eurokniga","Product Type: Sofa; Color: beige; Material: fabric; Features: corner, right-side, eurokniga"
4630,2666,s3_728,,Furniture,2950,"Side table d=45 metal, walnut frame, top","Product Type: Side table; Dimensions: d=45; Material: metal, walnut; Features: frame, top"
4631,2667,s3_729,,Furniture,14800,"Jewelry armoire 40x30x140 white standing, mirror","Product Type: Jewelry armoire; Dimensions: 40x30x140; Color: white; Features: standing, mirror"
4632,2668,s3_730,,Furniture,4400,"Valet stand wood, walnut tray","Product Type: Valet stand; Material: wood, walnut; Features: tray"
4633,2669,s3_731,,Furniture,14800,"Mirror Adeline 80x180 black metal arch, oversized, floor-leaning","Product Type: Mirror; Name: Adeline; Dimensions: 80x180; Color: black; Material: metal; Features: arch, oversized, floor-leaning"
4634,2670,s3_732,,Furniture,58400,"Dining set beige rattan 4-piece, sofa, armchairs, table","Product Type: Dining set; Color: beige; Material: rattan; Features: 4-piece, sofa, armchairs, table"
4635,2671,s3_733,,Furniture,1450,Storage cube 30x30x30 grey fabric set of 6,Product Type: Storage cube; Dimensions: 30x30x30; Color: grey; Material: fabric; Features: set of 6
4636,2672,s3_734,,Furniture,890,"Throw pillow 45x45 cream faux, fur","Product Type: Throw pillow; Dimensions: 45x45; Color: cream; Features: faux, fur"
4637,2673,s3_735,,Furniture,780,Placemat natural bamboo set of 6,Product Type: Placemat; Color: natural; Material: bamboo; Features: set of 6
4638,2674,s3_736,,Furniture,14400,"Bench 120x40x45 black walnut, leather mid-century, tufted","Product Type: Bench; Dimensions: 120x40x45; Color: black; Material: walnut, leather; Features: mid-century, tufted"
4639,2675,s3_737,,Furniture,1450,"Throw blanket 150x200 navy fleece, soft","Product Type: Throw blanket; Dimensions: 150x200; Color: navy; Features: fleece, soft"
4640,2676,s3_738,,Furniture,6200,"Chest 100x45x50 natural rattan blanket, box","Product Type: Chest; Dimensions: 100x45x50; Color: natural; Material: rattan; Features: blanket, box"
4641,2677,s3_739,,Furniture,29800,"Garden swing natural wood, pine 4-seater, pergola, style","Product Type: Garden swing; Color: natural; Material: wood, pine; Features: 4-seater, pergola, style"
4642,2678,s3_740,,Furniture,68400,"Massage chair brown faux leather, leather shiatsu, heated","Product Type: Massage chair; Color: brown; Material: faux leather, leather; Features: shiatsu, heated"
4643,2679,s3_741,,Furniture,2400,Storage basket d=40 seagrass set of 2,Product Type: Storage basket; Dimensions: d=40; Material: seagrass; Features: set of 2
4644,2680,s3_742,,Furniture,42800,"Sofa Milano 220x90 oatmeal linen straight, 3-seater","Product Type: Sofa; Name: Milano; Dimensions: 220x90; Color: oatmeal; Material: linen; Features: straight, 3-seater"
4645,2681,s3_743,,Furniture,1850,"Outdoor cushion 60x190 beige lounger, striped","Product Type: Outdoor cushion; Dimensions: 60x190; Color: beige; Features: lounger, striped"
4646,2682,s3_744,,Furniture,2400,"Lounger cushion 75x195 cream outdoor, waterproof","Product Type: Lounger cushion; Dimensions: 75x195; Color: cream; Features: outdoor, waterproof"
4647,2683,s3_745,,Furniture,2200,Curtain rod 240cm brass rings,Product Type: Curtain rod; Dimensions: 240cm; Material: brass; Features: rings
4648,2684,s3_746,,Furniture,34800,"Bookshelf Stella 200x35x200 walnut office, modular, 6-cube","Product Type: Bookshelf; Name: Stella; Dimensions: 200x35x200; Material: walnut; Features: office, modular, 6-cube"
4649,2685,s3_747,,Furniture,38400,"Wardrobe white-glass mdf sliding, 200xx60x220, 3-door","Product Type: Wardrobe; Color: white-glass; Material: mdf; Features: sliding, 200xx60x220, 3-door"
4650,2686,s3_748,,Furniture,1280,"Candle Stella amber glass soy, sandalwood, 200g, japandi","Product Type: Candle; Name: Stella; Color: amber; Material: glass; Features: soy, sandalwood, 200g, japandi"
4651,2687,s3_749,,Furniture,8200,Dresser 100x45x80 wenge mdf 3-drawers,Product Type: Dresser; Dimensions: 100x45x80; Color: wenge; Material: mdf; Features: 3-drawers
4652,2688,s3_750,,Furniture,7400,"Floor lamp Aria 160cm natural rattan boho, tripod","Product Type: Floor lamp; Name: Aria; Dimensions: 160cm; Color: natural; Material: rattan; Features: boho, tripod"
4653,2689,s3_751,,Furniture,24800,"TV stand Adeline 200cm walnut mid-century, sliding, doors","Product Type: TV stand; Name: Adeline; Dimensions: 200cm; Material: walnut; Features: mid-century, sliding, doors"
4654,2690,s3_752,,Furniture,24800,"Recliner black eco-leather swivel, rocker","Product Type: Recliner; Color: black; Material: eco-leather; Features: swivel, rocker"
4655,2691,s3_753,,Furniture,9400,Kids table Verde natural wood chairs,Product Type: Kids table; Name: Verde; Color: natural; Material: wood; Features: chairs
4656,2692,s3_754,,Furniture,28400,"Desk 120x60 black lift, sit-stand, electric","Product Type: Desk; Dimensions: 120x60; Color: black; Features: lift, sit-stand, electric"
4657,2693,s3_755,,Furniture,28800,"Wall panel Verona 60x240 wood, walnut acoustic, slat, set of 4","Product Type: Wall panel; Name: Verona; Dimensions: 60x240; Material: wood, walnut; Features: acoustic, slat, set of 4"
4658,2694,s3_756,,Furniture,3200,Bean bag 70x70 mustard corduroy,Product Type: Bean bag; Dimensions: 70x70; Color: mustard; Material: corduroy
4659,2695,s3_757,,Furniture,7800,"Kitchen island 90cm black pendant, light, linear, matte","Product Type: Kitchen island; Dimensions: 90cm; Color: black; Features: pendant, light, linear, matte"
4660,2696,s3_758,,Furniture,5400,Area rug 80x300 beige wool runner,Product Type: Area rug; Dimensions: 80x300; Color: beige; Material: wool; Features: runner
4661,2697,s3_759,,Furniture,1450,"Bathroom shelf 50x15 glass, chrome tempered, bracket","Product Type: Bathroom shelf; Dimensions: 50x15; Material: glass, chrome; Features: tempered, bracket"
4662,2698,s3_760,,Furniture,28400,"Loveseat Aria 160x85 oatmeal linen sofa, 2-seater, mid-century","Product Type: Loveseat; Name: Aria; Dimensions: 160x85; Color: oatmeal; Material: linen; Features: sofa, 2-seater, mid-century"
4663,2699,s3_761,,Furniture,38400,"Cabinet Milano white projector, wall-mount, retractable, screen","Product Type: Cabinet; Name: Milano; Color: white; Features: projector, wall-mount, retractable, screen"
4664,2700,s3_762,,Furniture,31800,"Bed Verona 160x200 black mdf double, headboard, tufted","Product Type: Bed; Name: Verona; Dimensions: 160x200; Color: black; Material: mdf; Features: double, headboard, tufted"
4665,2701,s3_763,,Furniture,3800,Hammock 200x150 blue cotton stripes,Product Type: Hammock; Dimensions: 200x150; Color: blue; Material: cotton; Features: stripes
4666,2702,s3_764,,Furniture,740,Throw pillow 45x45 pink silk,Product Type: Throw pillow; Dimensions: 45x45; Color: pink; Material: silk
4667,2703,s3_765,,Furniture,3800,"Cabinet Aria 40x30x90 bamboo storage, bath, wall-mount","Product Type: Cabinet; Name: Aria; Dimensions: 40x30x90; Material: bamboo; Features: storage, bath, wall-mount"
4668,2704,s3_766,,Furniture,9800,"Pet crate 90x60x70 natural wood, pine condo, kennel, indoor","Product Type: Pet crate; Dimensions: 90x60x70; Color: natural; Material: wood, pine; Features: condo, kennel, indoor"
4669,2705,s3_767,,Furniture,1850,"Side table d=40 sonoma oak sonoma oak, mdf, oak","Product Type: Side table; Dimensions: d=40; Color: sonoma oak; Material: sonoma oak, mdf, oak"
4670,2706,s3_768,,Furniture,4800,"Bar stool Oslo 50x50x85 mustard, gold velvet legs","Product Type: Bar stool; Name: Oslo; Dimensions: 50x50x85; Color: mustard, gold; Material: velvet; Features: legs"
4671,2707,s3_769,,Furniture,19400,"Coffee table Stella d=110 brass, glass round, base, smoked","Product Type: Coffee table; Name: Stella; Dimensions: d=110; Material: brass, glass; Features: round, base, smoked"
4672,2708,s3_770,,Furniture,28400,"Gaming desk 160x140 black glass corner, tempered","Product Type: Gaming desk; Dimensions: 160x140; Color: black; Material: glass; Features: corner, tempered"
4673,2709,s3_771,,Furniture,1850,"Curtains 140x270 white sheer, pair","Product Type: Curtains; Dimensions: 140x270; Color: white; Features: sheer, pair"
4674,2710,s3_772,,Furniture,2800,"Wardrobe 100x45x170 beige fabric modular, cover","Product Type: Wardrobe; Dimensions: 100x45x170; Color: beige; Material: fabric; Features: modular, cover"
4675,2711,s3_773,,Furniture,1850,"LED strip 5m multicolor rgb, gaming, sync, wifi","Product Type: LED strip; Dimensions: 5m; Color: multicolor; Features: rgb, gaming, sync, wifi"
4676,2712,s3_774,,Furniture,2400,"Feeding station Verde 60x30 bamboo pet, dual-bowl","Product Type: Feeding station; Name: Verde; Dimensions: 60x30; Material: bamboo; Features: pet, dual-bowl"
4677,2713,s3_775,,Furniture,680,Throw pillow 50x50 navy polyester outdoor,Product Type: Throw pillow; Dimensions: 50x50; Color: navy; Material: polyester; Features: outdoor
4678,2714,s3_776,,Furniture,58400,"Lounge chair black plywood, walnut, leather eames-style, ottoman","Product Type: Lounge chair; Color: black; Material: plywood, walnut, leather; Features: eames-style, ottoman"
4679,2715,s3_777,,Furniture,480,"Step stool white plastic kids, anti-slip","Product Type: Step stool; Color: white; Material: plastic; Features: kids, anti-slip"
4680,2716,s3_778,,Furniture,28400,"Chair Stella d=120 black-stain, cream wicker hanging, stand, boho","Product Type: Chair; Name: Stella; Dimensions: d=120; Color: black-stain, cream; Material: wicker; Features: hanging, stand, boho"
4681,2717,s3_779,,Furniture,3450,"Music stand natural wood, beech sheet, adjustable, foldable","Product Type: Music stand; Color: natural; Material: wood, beech; Features: sheet, adjustable, foldable"
4682,2718,s3_780,,Furniture,1855,"Wall hanging 50x70 natural cotton macrame, boho, medium","Product Type: Wall hanging; Dimensions: 50x70; Color: natural; Material: cotton; Features: macrame, boho, medium"
4683,2719,s3_781,,Furniture,3800,"Mirror 50x70 natural rattan oval, frame","Product Type: Mirror; Dimensions: 50x70; Color: natural; Material: rattan; Features: oval, frame"
4684,2720,s3_782,,Furniture,4200,"Armchair grey fabric kids, rocker","Product Type: Armchair; Color: grey; Material: fabric; Features: kids, rocker"
4685,2721,s3_783,,Furniture,4900,Curtains 150x270 mustard linen pair,Product Type: Curtains; Dimensions: 150x270; Color: mustard; Material: linen; Features: pair
4686,2722,s3_784,,Furniture,24800,"Vanity 90x45x85 wenge mdf, marble bathroom, top","Product Type: Vanity; Dimensions: 90x45x85; Color: wenge; Material: mdf, marble; Features: bathroom, top"
4687,2723,s3_785,,Furniture,14800,"Console table 140x35x80 natural oak japandi, minimal, 2-drawer","Product Type: Console table; Dimensions: 140x35x80; Color: natural; Material: oak; Features: japandi, minimal, 2-drawer"
4688,2724,s3_786,,Furniture,2200,Bath rug 60x100 navy shaggy,Product Type: Bath rug; Dimensions: 60x100; Color: navy; Features: shaggy
4689,2725,s3_787,,Furniture,980,Bath mat 50x80 sage microfiber,Product Type: Bath mat; Dimensions: 50x80; Color: sage; Material: microfiber
4690,2726,s3_788,,Furniture,11200,Area rug 200x290 natural jute boho,Product Type: Area rug; Dimensions: 200x290; Color: natural; Material: jute; Features: boho
4691,2727,s3_789,,Furniture,18500,Accent chair black eco-leather recliner,Product Type: Accent chair; Color: black; Material: eco-leather; Features: recliner
4692,2728,s3_790,,Furniture,94800,"Sectional sofa grey fabric modular, 6-piece","Product Type: Sectional sofa; Color: grey; Material: fabric; Features: modular, 6-piece"
4693,2729,s3_791,,Furniture,18400,"Gaming chair Norton navy fabric, mesh lumbar","Product Type: Gaming chair; Name: Norton; Color: navy; Material: fabric, mesh; Features: lumbar"
4694,2730,s3_792,,Furniture,7800,"Area rug Oslo 150x230 wool nordic, pattern","Product Type: Area rug; Name: Oslo; Dimensions: 150x230; Material: wool; Features: nordic, pattern"
4695,2731,s3_793,,Furniture,3400,"Shoe rack Norton 80cm wood, walnut 4-tier","Product Type: Shoe rack; Name: Norton; Dimensions: 80cm; Material: wood, walnut; Features: 4-tier"
4696,2732,s3_794,,Furniture,9400,"Cart Lyon 90x45x85 wood, pine kitchen, vintage, wheels","Product Type: Cart; Name: Lyon; Dimensions: 90x45x85; Material: wood, pine; Features: kitchen, vintage, wheels"
4697,2733,s3_795,,Furniture,8400,"Garden chair brown rattan set of 2, stackable","Product Type: Garden chair; Color: brown; Material: rattan; Features: set of 2, stackable"
4698,2734,s3_796,,Furniture,19400,"Wardrobe 120x60x220 wenge sliding, 2-doors","Product Type: Wardrobe; Dimensions: 120x60x220; Color: wenge; Features: sliding, 2-doors"
4699,2735,s3_797,,Furniture,2800,"Diffuser Aria 200ml ivory ceramic japandi, ultrasonic, timer","Product Type: Diffuser; Name: Aria; Dimensions: 200ml; Color: ivory; Material: ceramic; Features: japandi, ultrasonic, timer"
4700,2736,s3_798,,Furniture,4400,"Pet bed 60x80 grey heated, electric, washable, cover","Product Type: Pet bed; Dimensions: 60x80; Color: grey; Features: heated, electric, washable, cover"
4701,2737,s3_799,,Furniture,19400,Hammock chair Adeline natural rattan stand,Product Type: Hammock chair; Name: Adeline; Color: natural; Material: rattan; Features: stand
4702,2738,s3_800,,Furniture,58400,"Dining set grey patio, 6-piece, poly, square","Product Type: Dining set; Color: grey; Features: patio, 6-piece, poly, square"
4703,2739,s3_801,,Furniture,3200,Floor cushion Aria 80x80 natural jute bohemian,Product Type: Floor cushion; Name: Aria; Dimensions: 80x80; Color: natural; Material: jute; Features: bohemian
4704,2740,s3_802,,Furniture,26800,Chaise lounge 165x75 cognac eco-leather mid-century,Product Type: Chaise lounge; Dimensions: 165x75; Color: cognac; Material: eco-leather; Features: mid-century
4705,2741,s3_803,,Furniture,24800,"Dining chair natural oak set of 4, japandi, minimal","Product Type: Dining chair; Color: natural; Material: oak; Features: set of 4, japandi, minimal"
4706,2742,s3_804,,Furniture,14800,"Chest Verona 100x45x55 brown vintage, antique, trunk","Product Type: Chest; Name: Verona; Dimensions: 100x45x55; Color: brown; Features: vintage, antique, trunk"
4707,2743,s3_805,,Furniture,3450,"Bar stool black wood, metal fixed, seat, frame","Product Type: Bar stool; Color: black; Material: wood, metal; Features: fixed, seat, frame"
4708,2744,s3_806,,Furniture,5800,"Mirror 40x160 black metal full-length, wall, thin","Product Type: Mirror; Dimensions: 40x160; Color: black; Material: metal; Features: full-length, wall, thin"
4709,2745,s3_807,,Furniture,3800,"Hammock Verde 200x150 grey rope outdoor, weatherproof","Product Type: Hammock; Name: Verde; Dimensions: 200x150; Color: grey; Material: rope; Features: outdoor, weatherproof"
4710,2746,s3_808,,Furniture,2400,"Picture light 35cm brass adjustable, led","Product Type: Picture light; Dimensions: 35cm; Material: brass; Features: adjustable, led"
4711,2747,s3_809,,Furniture,15400,Peacock chair Adeline 100x70x150 white-wash rattan high-back,Product Type: Peacock chair; Name: Adeline; Dimensions: 100x70x150; Color: white-wash; Material: rattan; Features: high-back
4712,2748,s3_810,,Furniture,1450,"Shower caddy stainless steel, steel 2-tier, proof","Product Type: Shower caddy; Material: stainless steel, steel; Features: 2-tier, proof"
4713,2749,s3_811,,Furniture,22800,"Recliner Lyon cognac eco-leather manual, mid-century, compact","Product Type: Recliner; Name: Lyon; Color: cognac; Material: eco-leather; Features: manual, mid-century, compact"
4714,2750,s3_812,,Furniture,34800,"Gaming desk 160x140x76 black l-shape, rgb, carbon, fiber, surface","Product Type: Gaming desk; Dimensions: 160x140x76; Color: black; Features: l-shape, rgb, carbon, fiber, surface"
4715,2751,s3_813,,Furniture,198400,"Cinema chair Adeline ivory leather home, 3-seat, row, tray, cup-holder","Product Type: Cinema chair; Name: Adeline; Color: ivory; Material: leather; Features: home, 3-seat, row, tray, cup-holder"
4716,2752,s3_814,,Furniture,2400,"Meditation cushion Verde 70x45x15 grey cotton rectangular, organic","Product Type: Meditation cushion; Name: Verde; Dimensions: 70x45x15; Color: grey; Material: cotton; Features: rectangular, organic"
4717,2753,s3_815,,Furniture,46800,"Sofa Milano 220x90 ivory boucle straight, 3-seater","Product Type: Sofa; Name: Milano; Dimensions: 220x90; Color: ivory; Material: boucle; Features: straight, 3-seater"
4718,2754,s3_816,,Furniture,24800,"Gaming desk Loft 160x70 metal, walnut frame, rgb","Product Type: Gaming desk; Name: Loft; Dimensions: 160x70; Material: metal, walnut; Features: frame, rgb"
4719,2755,s3_817,,Furniture,14400,"TV stand 180cm natural oak japandi, minimal, 2-door","Product Type: TV stand; Dimensions: 180cm; Color: natural; Material: oak; Features: japandi, minimal, 2-door"
4720,2756,s3_818,,Furniture,9800,"Bookcase wenge mdf modular, cube, unit, 9-cube","Product Type: Bookcase; Color: wenge; Material: mdf; Features: modular, cube, unit, 9-cube"
4721,2757,s3_819,,Furniture,6800,"Floor lamp cream wood, fabric tripod, shade","Product Type: Floor lamp; Color: cream; Material: wood, fabric; Features: tripod, shade"
4722,2758,s3_820,,Furniture,780,"Outdoor cushion 50x50 navy polyester seat, waterproof","Product Type: Outdoor cushion; Dimensions: 50x50; Color: navy; Material: polyester; Features: seat, waterproof"
4723,2759,s3_821,,Furniture,320,Throw pillow 40x40 black minimalist,Product Type: Throw pillow; Dimensions: 40x40; Color: black; Features: minimalist
4724,2760,s3_822,,Furniture,14200,Accent chair Verona ivory linen wingback,Product Type: Accent chair; Name: Verona; Color: ivory; Material: linen; Features: wingback
4725,2761,s3_823,,Furniture,52400,"Lounge set Lyon grey, beige rattan 4-piece, cushions, 2-seater","Product Type: Lounge set; Name: Lyon; Color: grey, beige; Material: rattan; Features: 4-piece, cushions, 2-seater"
4726,2762,s3_824,,Furniture,3450,Coffee table d=60 white mdf round,Product Type: Coffee table; Dimensions: d=60; Color: white; Material: mdf; Features: round
4727,2763,s3_825,,Furniture,1850,"Picture frame 13x18 walnut set of 6, mid-century","Product Type: Picture frame; Dimensions: 13x18; Material: walnut; Features: set of 6, mid-century"
4728,2764,s3_826,,Furniture,1280,"Towel rack 60x40 black metal 5-bar, wall-mount","Product Type: Towel rack; Dimensions: 60x40; Color: black; Material: metal; Features: 5-bar, wall-mount"
4729,2765,s3_827,,Furniture,14200,"Mattress 160x200, 20cm orthopedic, spring","Product Type: Mattress; Dimensions: 160x200, 20cm; Features: orthopedic, spring"
4730,2766,s3_828,,Furniture,6800,"Closet organizer wood, walnut 8-shelves","Product Type: Closet organizer; Material: wood, walnut; Features: 8-shelves"
4731,2767,s3_829,,Furniture,22800,"Gaming chair Norton full, neck-lumbar, pillows, rgb","Product Type: Gaming chair; Name: Norton; Features: full, neck-lumbar, pillows, rgb"
4732,2768,s3_830,,Furniture,3800,"Vanity stool Stella 40x30x45 champagne, gold velvet legs","Product Type: Vanity stool; Name: Stella; Dimensions: 40x30x45; Color: champagne, gold; Material: velvet; Features: legs"
4733,2769,s3_831,,Furniture,1450,Throw pillow 40x40 mustard polyester set of 4,Product Type: Throw pillow; Dimensions: 40x40; Color: mustard; Material: polyester; Features: set of 4
4734,2770,s3_832,,Furniture,14800,"Headboard Verona 160x10x130 grey velvet hotel, tufted, wall-mount","Product Type: Headboard; Name: Verona; Dimensions: 160x10x130; Color: grey; Material: velvet; Features: hotel, tufted, wall-mount"
4735,2771,s3_833,,Furniture,62400,"Lounge chair ivory plywood, walnut, leather eames-style, ottoman","Product Type: Lounge chair; Color: ivory; Material: plywood, walnut, leather; Features: eames-style, ottoman"
4736,2772,s3_834,,Furniture,18400,"Wardrobe 200cm metal, chrome walk-in, frame, wide","Product Type: Wardrobe; Dimensions: 200cm; Material: metal, chrome; Features: walk-in, frame, wide"
4737,2773,s3_835,,Furniture,4350,Desk Student 120x60 white mdf,Product Type: Desk; Name: Student; Dimensions: 120x60; Color: white; Material: mdf
4738,2774,s3_836,,Furniture,14200,"Pendant light gold glass cluster, 5-bulbs","Product Type: Pendant light; Color: gold; Material: glass; Features: cluster, 5-bulbs"
4739,2775,s3_837,,Furniture,4800,"Guitar stand natural wood, walnut 6-slot, multi-rack","Product Type: Guitar stand; Color: natural; Material: wood, walnut; Features: 6-slot, multi-rack"
4740,2776,s3_838,,Furniture,3200,"Smart bulb led, filament, e27, dimmable, wifi, set of 4","Product Type: Smart bulb; Features: led, filament, e27, dimmable, wifi, set of 4"
4741,2777,s3_839,,Furniture,1850,"Christmas wreath d=50 pine cones, cinnamon, farmhouse","Product Type: Christmas wreath; Dimensions: d=50; Material: pine; Features: cones, cinnamon, farmhouse"
4742,2778,s3_840,,Furniture,18400,"Cabinet Verona 200cm white mdf tv, gloss, led, strip","Product Type: Cabinet; Name: Verona; Dimensions: 200cm; Color: white; Material: mdf; Features: tv, gloss, led, strip"
4743,2779,s3_841,,Furniture,1450,Resistance band multicolor latex set of 5,Product Type: Resistance band; Color: multicolor; Material: latex; Features: set of 5
4744,2780,s3_842,,Furniture,6400,"Table lamp Aria gold glass, metal base","Product Type: Table lamp; Name: Aria; Color: gold; Material: glass, metal; Features: base"
4745,2781,s3_843,,Furniture,4400,"Fountain Oslo 25x25x30 bamboo tabletop, japandi, zen","Product Type: Fountain; Name: Oslo; Dimensions: 25x25x30; Material: bamboo; Features: tabletop, japandi, zen"
4746,2782,s3_844,,Furniture,1850,"Wall shelf 80cm natural solid pine, pine set of 2","Product Type: Wall shelf; Dimensions: 80cm; Color: natural; Material: solid pine, pine; Features: set of 2"
4747,2783,s3_845,,Furniture,3450,Bedspread 220x240 navy microfiber,Product Type: Bedspread; Dimensions: 220x240; Color: navy; Material: microfiber
4748,2784,s3_846,,Furniture,38400,"Liquor cabinet Norton 80x40x140 walnut, glass mirror, back, shelves","Product Type: Liquor cabinet; Name: Norton; Dimensions: 80x40x140; Material: walnut, glass; Features: mirror, back, shelves"
4749,2785,s3_847,,Furniture,14800,Massage table 60x180 cream aluminum folding,Product Type: Massage table; Dimensions: 60x180; Color: cream; Material: aluminum; Features: folding
4750,2786,s3_848,,Furniture,2800,Outdoor cushion terracotta acrylic set of 4,Product Type: Outdoor cushion; Color: terracotta; Material: acrylic; Features: set of 4
4751,2787,s3_849,,Furniture,14400,"Coffee table 120x60x35 walnut mid-century, low, tapered, legs","Product Type: Coffee table; Dimensions: 120x60x35; Material: walnut; Features: mid-century, low, tapered, legs"
4752,2788,s3_850,,Furniture,9400,"Bookshelf Adeline 80x30x180 industrial, pipe, 5-tier","Product Type: Bookshelf; Name: Adeline; Dimensions: 80x30x180; Features: industrial, pipe, 5-tier"
4753,2789,s3_851,,Furniture,420,Kitchen towel terracotta microfiber set of 3,Product Type: Kitchen towel; Color: terracotta; Material: microfiber; Features: set of 3
4754,2790,s3_852,,Furniture,2800,"Footstool natural, beige oak, fabric seat","Product Type: Footstool; Color: natural, beige; Material: oak, fabric; Features: seat"
4755,2791,s3_853,,Furniture,1680,"Candle d=25 glass holder, hurricane, large","Product Type: Candle; Dimensions: d=25; Material: glass; Features: holder, hurricane, large"
4756,2792,s3_854,,Furniture,3200,"Desk lamp Loft black metal articulated, arm","Product Type: Desk lamp; Name: Loft; Color: black; Material: metal; Features: articulated, arm"
4757,2793,s3_855,,Furniture,9800,"Tulip chair mustard fiberglass mid-century, swivel, pedestal","Product Type: Tulip chair; Color: mustard; Material: fiberglass; Features: mid-century, swivel, pedestal"
4758,2794,s3_856,,Furniture,2200,"Halloween wreath Stella 50cm feathers, spider, gothic","Product Type: Halloween wreath; Name: Stella; Dimensions: 50cm; Features: feathers, spider, gothic"
4759,2795,s3_857,,Furniture,14800,"Desk 80x60 wood, walnut standing, converter, dual-monitor, lift","Product Type: Desk; Dimensions: 80x60; Material: wood, walnut; Features: standing, converter, dual-monitor, lift"
4760,2796,s3_858,,Furniture,8400,"Cat tree 180cm natural sisal large, condo","Product Type: Cat tree; Dimensions: 180cm; Color: natural; Material: sisal; Features: large, condo"
4761,2797,s3_859,,Furniture,15400,"Area rug 240x340 grey acrylic modern, liht, shaggy","Product Type: Area rug; Dimensions: 240x340; Color: grey; Material: acrylic; Features: modern, liht, shaggy"
4762,2798,s3_860,,Furniture,2400,Footstool Aria d=40 mustard velvet,Product Type: Footstool; Name: Aria; Dimensions: d=40; Color: mustard; Material: velvet
4763,2799,s3_861,,Furniture,19800,"Lounge chair Stella beige rope outdoor, handwoven, deep-seat","Product Type: Lounge chair; Name: Stella; Color: beige; Material: rope; Features: outdoor, handwoven, deep-seat"
4764,2800,s3_862,,Furniture,4200,Pouf d=45 natural rattan,Product Type: Pouf; Dimensions: d=45; Color: natural; Material: rattan
4765,2801,s3_863,,Furniture,1850,"Wall hanging 50x70 natural cotton macrame, boho, medium","Product Type: Wall hanging; Dimensions: 50x70; Color: natural; Material: cotton; Features: macrame, boho, medium"
4766,2802,s3_864,,Furniture,19800,"Mirror Milano 110x45x140 ivory vanity, desk, led","Product Type: Mirror; Name: Milano; Dimensions: 110x45x140; Color: ivory; Features: vanity, desk, led"
4767,2803,s3_865,,Furniture,3800,"Area rug 160x230 indoor-outdoor, pp, geometric","Product Type: Area rug; Dimensions: 160x230; Features: indoor-outdoor, pp, geometric"
4768,2804,s3_866,,Furniture,5200,"Bedspread 240x260 sage, green cotton quilted","Product Type: Bedspread; Dimensions: 240x260; Color: sage, green; Material: cotton; Features: quilted"
4769,2805,s3_867,,Furniture,22400,"Gaming chair eco-leather pro, racing","Product Type: Gaming chair; Material: eco-leather; Features: pro, racing"
4770,2806,s3_868,,Furniture,2200,"Hamper 50x40 seagrass storage, laundry, handles","Product Type: Hamper; Dimensions: 50x40; Material: seagrass; Features: storage, laundry, handles"
4771,2807,s3_869,,Furniture,2400,"Coat rack black metal tree, umbrella, stand","Product Type: Coat rack; Color: black; Material: metal; Features: tree, umbrella, stand"
4772,2808,s3_870,,Furniture,42400,"Wardrobe Milano 200x60x220 white-glass sliding, 3-doors","Product Type: Wardrobe; Name: Milano; Dimensions: 200x60x220; Color: white-glass; Features: sliding, 3-doors"
4773,2809,s3_871,,Furniture,3450,"Plaid 150x200 cream faux, fur","Product Type: Plaid; Dimensions: 150x200; Color: cream; Features: faux, fur"
4774,2810,s3_872,,Furniture,1650,Wall shelf Stella 50cm black metal geometric,Product Type: Wall shelf; Name: Stella; Dimensions: 50cm; Color: black; Material: metal; Features: geometric
4775,2811,s3_873,,Furniture,42400,"Sideboard Lyon 180x45x85 walnut mid-century, sliding, doors","Product Type: Sideboard; Name: Lyon; Dimensions: 180x45x85; Material: walnut; Features: mid-century, sliding, doors"
4776,2812,s3_874,,Furniture,3450,"Decanter set crystal, glass whisky, mid-century, luxe","Product Type: Decanter set; Material: crystal, glass; Features: whisky, mid-century, luxe"
4777,2813,s3_875,,Furniture,18400,"Mattress 160x200 pocket, spring, medium-firm","Product Type: Mattress; Dimensions: 160x200; Features: pocket, spring, medium-firm"
4778,2814,s3_876,,Furniture,1850,"Bar tray d=45 brass round, mid-century, minimal","Product Type: Bar tray; Dimensions: d=45; Material: brass; Features: round, mid-century, minimal"
4779,2815,s3_877,,Furniture,42400,"Bed Adeline 160x200 ivory boucle double, wingback, tufted","Product Type: Bed; Name: Adeline; Dimensions: 160x200; Color: ivory; Material: boucle; Features: double, wingback, tufted"
4780,2816,s3_878,,Furniture,5400,Hammock chair cream macrame,Product Type: Hammock chair; Color: cream; Features: macrame
4781,2817,s3_879,,Furniture,3800,Vanity stool 40x30x45 grey fabric storage,Product Type: Vanity stool; Dimensions: 40x30x45; Color: grey; Material: fabric; Features: storage
4782,2818,s3_880,,Furniture,16400,"Armchair Milano 80x85x100 navy velvet hotel, wingback","Product Type: Armchair; Name: Milano; Dimensions: 80x85x100; Color: navy; Material: velvet; Features: hotel, wingback"
4783,2819,s3_881,,Furniture,1650,Bath rug 50x80 natural bamboo,Product Type: Bath rug; Dimensions: 50x80; Color: natural; Material: bamboo
4784,2820,s3_882,,Furniture,42800,"Massage chair grey faux leather, leather compact, office","Product Type: Massage chair; Color: grey; Material: faux leather, leather; Features: compact, office"
4785,2821,s3_883,,Furniture,3450,Mattress topper 90x200 microfiber kids,Product Type: Mattress topper; Dimensions: 90x200; Material: microfiber; Features: kids
4786,2822,s3_884,,Furniture,10200,"Accent chair Adeline beige fabric, wood legs","Product Type: Accent chair; Name: Adeline; Color: beige; Material: fabric, wood; Features: legs"
4787,2823,s3_885,,Furniture,28400,"Liquor cabinet Stella 70x40x140 walnut mirror, lockable","Product Type: Liquor cabinet; Name: Stella; Dimensions: 70x40x140; Material: walnut; Features: mirror, lockable"
4788,2824,s3_886,,Furniture,14400,"Lounger black outdoor, zero-gravity, textilene, set of 2","Product Type: Lounger; Color: black; Features: outdoor, zero-gravity, textilene, set of 2"
4789,2825,s3_887,,Furniture,4400,"Ottoman 60x60x45 beige linen square, storage","Product Type: Ottoman; Dimensions: 60x60x45; Color: beige; Material: linen; Features: square, storage"
4790,2826,s3_888,,Furniture,2800,"Shoe rack natural bamboo 5-tier, narrow","Product Type: Shoe rack; Color: natural; Material: bamboo; Features: 5-tier, narrow"
4791,2827,s3_889,,Furniture,2400,"Mat 180x200 foam play, jungle, print, kids","Product Type: Mat; Dimensions: 180x200; Material: foam; Features: play, jungle, print, kids"
4792,2828,s3_890,,Furniture,6400,"Room divider 60x180 grey felt privacy, screen, acoustic, freestanding, desk","Product Type: Room divider; Dimensions: 60x180; Color: grey; Material: felt; Features: privacy, screen, acoustic, freestanding, desk"
4793,2829,s3_891,,Furniture,5400,"Wall panel rgb, hexagon, set of 6, sync","Product Type: Wall panel; Features: rgb, hexagon, set of 6, sync"
4794,2830,s3_892,,Furniture,19400,"Recliner beige fabric pushback, compact","Product Type: Recliner; Color: beige; Material: fabric; Features: pushback, compact"
4795,2831,s3_893,,Furniture,540,"Throw pillow 45x45 rust velvet cushion, autumn, boho","Product Type: Throw pillow; Dimensions: 45x45; Color: rust; Material: velvet; Features: cushion, autumn, boho"
4796,2832,s3_894,,Furniture,9200,"TV stand Milano M-15 160cm sonoma oak sonoma oak, mdf, oak","Product Type: TV stand; Name: Milano M-15; Dimensions: 160cm; Color: sonoma oak; Material: sonoma oak, mdf, oak"
4797,2833,s3_895,,Furniture,2400,Yoga bolster 65x25 sage cotton round,Product Type: Yoga bolster; Dimensions: 65x25; Color: sage; Material: cotton; Features: round
4798,2834,s3_896,,Furniture,5400,Accent chair brown leather butterfly,Product Type: Accent chair; Color: brown; Material: leather; Features: butterfly
4799,2835,s3_897,,Furniture,6800,Area rug d=120 cream wool round,Product Type: Area rug; Dimensions: d=120; Color: cream; Material: wool; Features: round
4800,2836,s3_898,,Furniture,19400,"Garden swing beige steel 3-seater, frame, canopy, outdoor","Product Type: Garden swing; Color: beige; Material: steel; Features: 3-seater, frame, canopy, outdoor"
4801,2837,s3_899,,Furniture,1850,"Plant pot Stella 25cm white ceramic glazed, japandi, minimal","Product Type: Plant pot; Name: Stella; Dimensions: 25cm; Color: white; Material: ceramic; Features: glazed, japandi, minimal"
4802,2838,s3_900,,Furniture,3800,Throw blanket 130x180 cream boucle ultra-soft,Product Type: Throw blanket; Dimensions: 130x180; Color: cream; Material: boucle; Features: ultra-soft
4803,2839,s3_901,,Furniture,19800,"Bookcase Verona 100x35x180 walnut mid-century, tapered","Product Type: Bookcase; Name: Verona; Dimensions: 100x35x180; Material: walnut; Features: mid-century, tapered"
4804,2840,s3_902,,Furniture,19400,"Mattress topper 180x200, 7cm pocket, spring, hybrid","Product Type: Mattress topper; Dimensions: 180x200, 7cm; Features: pocket, spring, hybrid"
4805,2841,s3_903,,Furniture,18400,"Desk Verona 120x50x76 white mdf hotel, writing, single, drawer","Product Type: Desk; Name: Verona; Dimensions: 120x50x76; Color: white; Material: mdf; Features: hotel, writing, single, drawer"
4806,2842,s3_904,,Furniture,620,Throw pillow 30x50 sage velvet lumbar,Product Type: Throw pillow; Dimensions: 30x50; Color: sage; Material: velvet; Features: lumbar
4807,2843,s3_905,,Furniture,9400,"Area rug 160x230 navy oriental, viscose","Product Type: Area rug; Dimensions: 160x230; Color: navy; Features: oriental, viscose"
4808,2844,s3_906,,Furniture,58400,"Wardrobe 200x60x220 natural oak japandi, 4-door, minimal","Product Type: Wardrobe; Dimensions: 200x60x220; Color: natural; Material: oak; Features: japandi, 4-door, minimal"
4809,2845,s3_907,,Furniture,1850,"Scratching post 100cm natural sisal cat, tall","Product Type: Scratching post; Dimensions: 100cm; Color: natural; Material: sisal; Features: cat, tall"
4810,2846,s3_908,,Furniture,1280,"Smart bulb warm white, white led, e14, set of 6","Product Type: Smart bulb; Color: warm white, white; Features: led, e14, set of 6"
4811,2847,s3_909,,Furniture,480,Throw pillow 40x40 mustard velvet,Product Type: Throw pillow; Dimensions: 40x40; Color: mustard; Material: velvet
4812,2848,s3_910,,Furniture,24800,"Sun bed grey set of 2, textilene, side, table","Product Type: Sun bed; Color: grey; Features: set of 2, textilene, side, table"
4813,2849,s3_911,,Furniture,14800,"Bench 150x40x45 natural teak outdoor, slatted","Product Type: Bench; Dimensions: 150x40x45; Color: natural; Material: teak; Features: outdoor, slatted"
4814,2850,s3_912,,Furniture,7500,Area rug 160x230 grey acrylic modern,Product Type: Area rug; Dimensions: 160x230; Color: grey; Material: acrylic; Features: modern
4815,2851,s3_913,,Furniture,19800,"Bookcase Norton 100x35x180 natural oak japandi, minimal","Product Type: Bookcase; Name: Norton; Dimensions: 100x35x180; Color: natural; Material: oak; Features: japandi, minimal"
4816,2852,s3_914,,Furniture,31800,"Bed Verona 160x200 white mdf double, headboard, tufted","Product Type: Bed; Name: Verona; Dimensions: 160x200; Color: white; Material: mdf; Features: double, headboard, tufted"
4817,2853,s3_915,,Furniture,1850,Yoga blocks natural bamboo set of 4,Product Type: Yoga blocks; Color: natural; Material: bamboo; Features: set of 4
4818,2854,s3_916,,Furniture,980,Throw pillow 40x40 burgundy velvet set of 2,Product Type: Throw pillow; Dimensions: 40x40; Color: burgundy; Material: velvet; Features: set of 2
4819,2855,s3_917,,Furniture,28400,"Sideboard 160x40x80 natural oak japandi, 4-door, minimal","Product Type: Sideboard; Dimensions: 160x40x80; Color: natural; Material: oak; Features: japandi, 4-door, minimal"
4820,2856,s3_918,,Furniture,5200,Bar stool Oslo 75cm mustard velvet,Product Type: Bar stool; Name: Oslo; Dimensions: 75cm; Color: mustard; Material: velvet
4821,2857,s3_919,,Furniture,420,Storage cube 33x33x33 beige linen collapsible,Product Type: Storage cube; Dimensions: 33x33x33; Color: beige; Material: linen; Features: collapsible
4822,2858,s3_920,,Furniture,28400,"Bed Milano wenge mdf double, 160xx200, slat-base, modern","Product Type: Bed; Name: Milano; Color: wenge; Material: mdf; Features: double, 160xx200, slat-base, modern"
4823,2859,s3_921,,Furniture,4200,"Mirror Stella 80x60 natural wood wall, frame","Product Type: Mirror; Name: Stella; Dimensions: 80x60; Color: natural; Material: wood; Features: wall, frame"
4824,2860,s3_922,,Furniture,19800,"Office desk Milano 140x65x76 walnut mid-century, tapered, legs","Product Type: Office desk; Name: Milano; Dimensions: 140x65x76; Material: walnut; Features: mid-century, tapered, legs"
4825,2861,s3_923,,Furniture,5400,"Nightstand 45x35x55 walnut japandi, minimal, 1-drawer","Product Type: Nightstand; Dimensions: 45x35x55; Material: walnut; Features: japandi, minimal, 1-drawer"
4826,2862,s3_924,,Furniture,7400,"Shelf 100x25x150 black metal, wood pipe, industrial, 4-tier","Product Type: Shelf; Dimensions: 100x25x150; Color: black; Material: metal, wood; Features: pipe, industrial, 4-tier"
4827,2863,s3_925,,Furniture,24200,"Sofa navy velvet straight, 2-seater","Product Type: Sofa; Color: navy; Material: velvet; Features: straight, 2-seater"
4828,2864,s3_926,,Furniture,6400,Bedside table Adeline natural rattan 1-drawer,Product Type: Bedside table; Name: Adeline; Color: natural; Material: rattan; Features: 1-drawer
4829,2865,s3_927,,Furniture,6400,"Pendant light Aria d=50 natural rattan boho, cluster","Product Type: Pendant light; Name: Aria; Dimensions: d=50; Color: natural; Material: rattan; Features: boho, cluster"
4830,2866,s3_928,,Furniture,7400,"Sun lounger beige zero-gravity, padded, canopy","Product Type: Sun lounger; Color: beige; Features: zero-gravity, padded, canopy"
4831,2867,s3_929,,Furniture,3800,"Throw blanket 130x180 mustard cable, knit","Product Type: Throw blanket; Dimensions: 130x180; Color: mustard; Features: cable, knit"
4832,2868,s3_930,,Furniture,5200,"Table lamp beige brass, fabric touch, dimmer","Product Type: Table lamp; Color: beige; Material: brass, fabric; Features: touch, dimmer"
4833,2869,s3_931,,Furniture,2400,"Footrest black mesh ergonomic, under-desk, adjustable","Product Type: Footrest; Color: black; Material: mesh; Features: ergonomic, under-desk, adjustable"
4834,2870,s3_932,,Furniture,18400,"Chandelier Stella d=70 copper sputnik, 8-light, mid-century","Product Type: Chandelier; Name: Stella; Dimensions: d=70; Material: copper; Features: sputnik, 8-light, mid-century"
4835,2871,s3_933,,Furniture,1850,Pillow protector 50x70 pink silk set of 2,Product Type: Pillow protector; Dimensions: 50x70; Color: pink; Material: silk; Features: set of 2
4836,2872,s3_934,,Furniture,9400,"Pendant light Milano brass cluster, 3-bulbs","Product Type: Pendant light; Name: Milano; Material: brass; Features: cluster, 3-bulbs"
4837,2873,s3_935,,Furniture,22800,"Gaming chair Norton black-white full, neck-lumbar, pillows, rgb","Product Type: Gaming chair; Name: Norton; Color: black-white; Features: full, neck-lumbar, pillows, rgb"
4838,2874,s3_936,,Furniture,78400,"Sofa set Aria brown rattan outdoor, 5-piece, cushions","Product Type: Sofa set; Name: Aria; Color: brown; Material: rattan; Features: outdoor, 5-piece, cushions"
4839,2875,s3_937,,Furniture,5800,"Drawer unit Oslo white fabric, wood top","Product Type: Drawer unit; Name: Oslo; Color: white; Material: fabric, wood; Features: top"
4840,2876,s3_938,,Furniture,48400,"Recliner Lyon grey fabric automatic, zero-gravity, usb, charging","Product Type: Recliner; Name: Lyon; Color: grey; Material: fabric; Features: automatic, zero-gravity, usb, charging"
4841,2877,s3_939,,Furniture,2800,"Teepee tent 100x100x150 white kids, stars, print","Product Type: Teepee tent; Dimensions: 100x100x150; Color: white; Features: kids, stars, print"
4842,2878,s3_940,,Furniture,5400,"Mirror Verde d=80 natural rattan boho, starburst","Product Type: Mirror; Name: Verde; Dimensions: d=80; Color: natural; Material: rattan; Features: boho, starburst"
4843,2879,s3_941,,Furniture,8200,"Desk Loft L-110 110x55 solid pine, pine, metal frame","Product Type: Desk; Name: Loft L-110; Dimensions: 110x55; Material: solid pine, pine, metal; Features: frame"
4844,2880,s3_942,,Furniture,3450,"Yoga mat 183x65 natural cork, jute 4mm, backing","Product Type: Yoga mat; Dimensions: 183x65; Color: natural; Material: cork, jute; Features: 4mm, backing"
4845,2881,s3_943,,Furniture,4800,"Pet bed 100x70 brown memory foam, foam orthopedic","Product Type: Pet bed; Dimensions: 100x70; Color: brown; Material: memory foam, foam; Features: orthopedic"
4846,2882,s3_944,,Furniture,24800,"Cabinet 70x40x90 brass, marble cocktail, vintage, top, bar-tools","Product Type: Cabinet; Dimensions: 70x40x90; Material: brass, marble; Features: cocktail, vintage, top, bar-tools"
4847,2883,s3_945,,Furniture,3450,"Storage box Verde natural rattan set of 3, nested, woven","Product Type: Storage box; Name: Verde; Color: natural; Material: rattan; Features: set of 3, nested, woven"
4848,2884,s3_946,,Furniture,14400,"Bench 120x40 steel fire, pit, corten, modular, outdoor","Product Type: Bench; Dimensions: 120x40; Material: steel; Features: fire, pit, corten, modular, outdoor"
4849,2885,s3_947,,Furniture,14800,"Futon mattress Verde 140x200 ivory cotton organic, rolled","Product Type: Futon mattress; Name: Verde; Dimensions: 140x200; Color: ivory; Material: cotton; Features: organic, rolled"
4850,2886,s3_948,,Furniture,5800,"Throw blanket 130x180 grey merino, wool knit","Product Type: Throw blanket; Dimensions: 130x180; Color: grey; Material: merino, wool; Features: knit"
4851,2887,s3_949,,Furniture,78400,"Cinema chair Verona black leather home, power-recliner, 1-seat","Product Type: Cinema chair; Name: Verona; Color: black; Material: leather; Features: home, power-recliner, 1-seat"
4852,2888,s3_950,,Furniture,4500,Bean bag 90x90 grey polyester xl,Product Type: Bean bag; Dimensions: 90x90; Color: grey; Material: polyester; Features: xl
4853,2889,s3_951,,Furniture,9400,"Tulip chair black fiberglass mid-century, swivel, pedestal","Product Type: Tulip chair; Color: black; Material: fiberglass; Features: mid-century, swivel, pedestal"
4854,2890,s3_952,,Furniture,14810,"Headboard Verona 160x10x130 grey velvet hotel, tufted, wall-mount","Product Type: Headboard; Name: Verona; Dimensions: 160x10x130; Color: grey; Material: velvet; Features: hotel, tufted, wall-mount"
4855,2891,s3_953,,Furniture,14500,Dresser Lyon 120x45x90 walnut 6-drawers,Product Type: Dresser; Name: Lyon; Dimensions: 120x45x90; Material: walnut; Features: 6-drawers
4856,2892,s3_954,,Furniture,5800,"Mirror 50x60 vanity, lights, hollywood, 12-bulbs","Product Type: Mirror; Dimensions: 50x60; Features: vanity, lights, hollywood, 12-bulbs"
4857,2893,s3_955,,Furniture,12400,Sun bed Lyon white aluminum folding,Product Type: Sun bed; Name: Lyon; Color: white; Material: aluminum; Features: folding
4858,2894,s3_956,,Furniture,4200,Curtains 140x250 cream linen pair,Product Type: Curtains; Dimensions: 140x250; Color: cream; Material: linen; Features: pair
4859,2895,s3_957,,Furniture,42400,"Dining table Verona 180x90 walnut mid-century, extendable","Product Type: Dining table; Name: Verona; Dimensions: 180x90; Material: walnut; Features: mid-century, extendable"
4860,2896,s3_958,,Furniture,8200,Bookcase Norton 90x30x200 walnut 5-shelves,Product Type: Bookcase; Name: Norton; Dimensions: 90x30x200; Material: walnut; Features: 5-shelves
4861,2897,s3_959,,Furniture,6700,Office chair black mesh ergonomic,Product Type: Office chair; Color: black; Material: mesh; Features: ergonomic
4862,2898,s3_960,,Furniture,9800,"Area rug 200x290 mid-century, geometric, graphic","Product Type: Area rug; Dimensions: 200x290; Features: mid-century, geometric, graphic"
4863,2899,s3_961,,Furniture,14200,"Area rug 200x290 red wool flatweave, kilim","Product Type: Area rug; Dimensions: 200x290; Color: red; Material: wool; Features: flatweave, kilim"
4864,2900,s3_962,,Furniture,13400,"Sun lounger Oslo natural wood, acacia wheels","Product Type: Sun lounger; Name: Oslo; Color: natural; Material: wood, acacia; Features: wheels"
4865,2901,s3_963,,Furniture,19800,"Desk 110x50x76 walnut, chrome hotel, writing, dual, drawer, handles","Product Type: Desk; Dimensions: 110x50x76; Material: walnut, chrome; Features: hotel, writing, dual, drawer, handles"
4866,2902,s3_964,,Furniture,3200,"Wall sconce white aluminum led, minimalist","Product Type: Wall sconce; Color: white; Material: aluminum; Features: led, minimalist"
4867,2903,s3_965,,Furniture,1850,Monitor stand 60x22x14 bamboo dual-tier,Product Type: Monitor stand; Dimensions: 60x22x14; Material: bamboo; Features: dual-tier
4868,2904,s3_966,,Furniture,14400,"Throw blanket Milano 140x180 cashmere, camel, luxe","Product Type: Throw blanket; Name: Milano; Dimensions: 140x180; Features: cashmere, camel, luxe"
4869,2905,s3_967,,Furniture,26800,"Bed 90x200 white pine loft, kids, stairs","Product Type: Bed; Dimensions: 90x200; Color: white; Material: pine; Features: loft, kids, stairs"
4870,2906,s3_968,,Furniture,9800,"Rocking chair beige wood, fabric frame","Product Type: Rocking chair; Color: beige; Material: wood, fabric; Features: frame"
4871,2907,s3_969,,Furniture,980,Storage cube Verona 30x30 natural bamboo stack,Product Type: Storage cube; Name: Verona; Dimensions: 30x30; Color: natural; Material: bamboo; Features: stack
4872,2908,s3_970,,Furniture,3800,"Mattress cover 180x200 cotton encasement, breathable","Product Type: Mattress cover; Dimensions: 180x200; Material: cotton; Features: encasement, breathable"
4873,2909,s3_971,,Furniture,52400,"Wardrobe Verona 180x55x210 walnut mid-century, 3-door, tapered","Product Type: Wardrobe; Name: Verona; Dimensions: 180x55x210; Material: walnut; Features: mid-century, 3-door, tapered"
4874,2910,s3_972,,Furniture,4200,"Bench Verde 110cm wood, metal seat, legs","Product Type: Bench; Name: Verde; Dimensions: 110cm; Material: wood, metal; Features: seat, legs"
4875,2911,s3_973,,Furniture,9800,"Mirror Milano 60x80 brass vanity, rectangle, led","Product Type: Mirror; Name: Milano; Dimensions: 60x80; Material: brass; Features: vanity, rectangle, led"
4876,2912,s3_974,,Furniture,19800,"Lounge chair mustard walnut, fabric mid-century, frame, splayed","Product Type: Lounge chair; Color: mustard; Material: walnut, fabric; Features: mid-century, frame, splayed"
4877,2913,s3_975,,Furniture,6400,Bedspread Lyon 220x240 pink velvet dusty,Product Type: Bedspread; Name: Lyon; Dimensions: 220x240; Color: pink; Material: velvet; Features: dusty
4878,2914,s3_976,,Furniture,2800,"Wall art Aria 50x70 framed, print, boho, line","Product Type: Wall art; Name: Aria; Dimensions: 50x70; Features: framed, print, boho, line"
4879,2915,s3_977,,Furniture,7200,"Floor lamp metal, copper industrial, loft","Product Type: Floor lamp; Material: metal, copper; Features: industrial, loft"
4880,2916,s3_978,,Furniture,3450,Closet organizer grey fabric 6-shelves,Product Type: Closet organizer; Color: grey; Material: fabric; Features: 6-shelves
4881,2917,s3_979,,Furniture,13500,"Bed 160x200 black metal frame, loft, style","Product Type: Bed; Dimensions: 160x200; Color: black; Material: metal; Features: frame, loft, style"
4882,2918,s3_980,,Furniture,4800,"Kitchen cabinet 80x35x70 sonoma oak sonoma oak, mdf, oak wall-mount","Product Type: Kitchen cabinet; Dimensions: 80x35x70; Color: sonoma oak; Material: sonoma oak, mdf, oak; Features: wall-mount"
4883,2919,s3_981,,Furniture,36800,"Bed Verona V-220 160x200 beige velvet queen, headboard, tufted","Product Type: Bed; Name: Verona V-220; Dimensions: 160x200; Color: beige; Material: velvet; Features: queen, headboard, tufted"
4884,2920,s3_982,,Furniture,6200,"Curtains Verde 140x270 green velvet forest, pair","Product Type: Curtains; Name: Verde; Dimensions: 140x270; Color: green; Material: velvet; Features: forest, pair"
4885,2921,s3_983,,Furniture,2800,"Towel rack 50x35x170 natural wood, bamboo ladder","Product Type: Towel rack; Dimensions: 50x35x170; Color: natural; Material: wood, bamboo; Features: ladder"
4886,2922,s3_984,,Furniture,22400,"Bed Milano 140x200 wenge mdf double, slat, base","Product Type: Bed; Name: Milano; Dimensions: 140x200; Color: wenge; Material: mdf; Features: double, slat, base"
4887,2923,s3_985,,Furniture,6800,"Parasol 3m beige garden, crank","Product Type: Parasol; Dimensions: 3m; Color: beige; Features: garden, crank"
4888,2924,s3_986,,Furniture,8400,"Pendant light 120cm paper-rice japandi, tiered, linear","Product Type: Pendant light; Dimensions: 120cm; Material: paper-rice; Features: japandi, tiered, linear"
4889,2925,s3_987,,Furniture,8900,"Office chair Norton navy mesh lumbar, support","Product Type: Office chair; Name: Norton; Color: navy; Material: mesh; Features: lumbar, support"
4890,2926,s3_988,,Furniture,4900,Nightstand Stella 50x40x55 beige fabric,Product Type: Nightstand; Name: Stella; Dimensions: 50x40x55; Color: beige; Material: fabric
4891,2927,s3_989,,Furniture,48400,"Furniture set grey eco-leather living-room, 4-piece","Product Type: Furniture set; Color: grey; Material: eco-leather; Features: living-room, 4-piece"
4892,2928,s3_990,,Furniture,18400,"Area rug 180x200 black-white, natural cowhide","Product Type: Area rug; Dimensions: 180x200; Color: black-white, natural; Features: cowhide"
4893,2929,s3_991,,Furniture,2400,"Meditation cushion 60x35x30 sage bench, yoga","Product Type: Meditation cushion; Dimensions: 60x35x30; Color: sage; Features: bench, yoga"
